window,symbol,checkpoint,path,direction,entry_price,sl_price,tp_price,one_R_dist,fee_drag_R_taker_taker,fee_drag_R_maker_taker,close_exit_4h_R,close_exit_4h_resolution,close_exit_8h_R,close_exit_8h_resolution,close_exit_24h_R,close_exit_24h_resolution,close_exit_48h_R,close_exit_48h_resolution,close_exit_100h_R,close_exit_100h_resolution
28d,ADA/USDT:USDT,2026-03-30T08:00:00+00:00,4h_flip,LONG,0.2485,0.23409656,0.27730688,0.0144034399999999,0.0172528229367429,0.01207697605572,0.14579850369078537,close,-0.006942785890036664,close,-0.34713929450187175,close,0.09025621657048627,close,-0.20134079081108444,close
28d,ADA/USDT:USDT,2026-03-31T03:00:00+00:00,1h_continuation,LONG,0.2481,0.23360149,0.27709702,0.0144985099999999,0.0171121032437126,0.0119784722705988,-0.16553425145066644,close,-0.5035000148291136,close,-0.43452741005800205,close,-0.531089056737557,close,-0.1379452095422211,close
28d,ADA/USDT:USDT,2026-03-31T16:00:00+00:00,4h_flip,SHORT,0.2378,0.25301328,0.20737345,0.0152132799999999,0.0156310802141287,0.01094175614989,-0.19062292944059434,close,-0.24978176961181434,close,-1.0,sl_first,-1.0,sl_first,-1.0,sl_first
28d,ADA/USDT:USDT,2026-04-01T08:00:00+00:00,4h_flip,LONG,0.2498,0.23300478,0.28339045,0.01679522,0.0148732794211686,0.010411295594818,-0.10717335051282426,close,-0.047632600227921706,close,-0.6609023281624176,close,-0.3810608018233753,close,-0.4465556271367691,close
28d,ADA/USDT:USDT,2026-04-02T01:00:00+00:00,15m_fast,LONG,0.2499,0.23403668,0.28162663,0.01586332,0.0157533227596745,0.0110273259317721,-0.8195005837365703,close,-0.7564620772952957,close,-0.6619043176333838,close,-0.2899771296298644,close,0.4412695450889225,close
28d,ADA/USDT:USDT,2026-04-02T08:00:00+00:00,4h_flip,SHORT,0.2387,0.25579898,0.20450204,0.01709898,0.0139598970230972,0.009771927916168,0.11696604124924422,close,-0.04678641649969736,close,-0.27487019693572423,close,-0.3801396340600437,close,-1.0,sl_first
28d,ADA/USDT:USDT,2026-04-03T00:00:00+00:00,adaptive_trend_route,SHORT,0.2392,0.2528117696363207,0.2119764607273585,0.0136117696363207,0.0175730273425826,0.0123011191398078,-0.13958508340680295,close,-0.3085565001624051,close,-0.5142608336040079,close,-0.6244595836620096,close,-1.0,sl_first
28d,ADA/USDT:USDT,2026-04-03T20:00:00+00:00,adaptive_trend_route,LONG,0.2475,0.2345467313032173,0.2734065373935653,0.0129532686967826,0.0191071462959364,0.0133750024071555,-0.10036076842310052,close,-0.061760472875754,close,0.023160177328407482,close,-0.3088023643787721,close,1.1734489846393323,close
28d,ADA/USDT:USDT,2026-04-05T06:00:00+00:00,1h_continuation,SHORT,0.2439,0.25458296,0.22253409,0.01068296,0.0228307510278049,0.0159815257194634,0.15913192598306153,close,0.21529613515355261,close,-1.0,sl_first,-1.0,sl_first,-1.0,sl_first
28d,ADA/USDT:USDT,2026-04-05T16:00:00+00:00,adaptive_trend_route,SHORT,0.2434,0.2544304141451867,0.2213391717096266,0.0110304141451866,0.0220662612297482,0.0154463828608238,-0.009065842740240766,close,-0.6618065200376464,close,-1.0,sl_first,-1.0,sl_first,-1.0,sl_first
28d,ADA/USDT:USDT,2026-04-06T00:00:00+00:00,adaptive_trend_route,LONG,0.2507,0.2392834694360379,0.2735330611279239,0.0114165305639619,0.0219593858743191,0.0153715701120234,0.5430721676138045,close,0.3854060544356021,close,-0.4292021969850998,close,1.0511074211880032,close,0.07007382807920215,close
28d,ADA/USDT:USDT,2026-04-06T10:30:00+00:00,15m_fast,LONG,0.2583,0.24626228,0.28237545,0.0120377199999999,0.0214575517622939,0.0150202862336057,-0.20768052421886932,close,-0.46520437425027666,close,-1.0,sl_first,-1.0,sl_first,-1.0,sl_first
28d,ADA/USDT:USDT,2026-04-07T00:00:00+00:00,4h_flip,SHORT,0.2458,0.26043676,0.21652648,0.0146367599999999,0.0167933340438731,0.0117553338307111,0.06148901806137358,close,0.17763494106619285,close,-1.0,sl_first,-1.0,sl_first,-1.0,sl_first
28d,ADA/USDT:USDT,2026-04-08T00:00:00+00:00,4h_flip,LONG,0.2627,0.24524469,0.29761062,0.01745531,0.0150498616180405,0.0105349031326284,-0.12030723029267258,close,-0.08593373592333801,close,-0.6989277188431479,close,-0.4926867526271373,close,-1.0,sl_first
28d,ADA/USDT:USDT,2026-04-09T04:00:00+00:00,4h_flip,SHORT,0.249,0.26535729,0.21628542,0.01635729,0.0152225704869204,0.0106557993408443,-0.08558874972565825,close,-0.08558874972565825,close,-0.15283705308153137,close,-0.24453928493045018,close,0.6847099978052592,close
28d,ADA/USDT:USDT,2026-04-11T05:00:00+00:00,1h_continuation,SHORT,0.2526,0.26716461,0.22347078,0.01456461,0.017343409813239,0.0121403868692673,0.18538086498711467,close,0.18538086498711467,close,0.6385340905111776,close,1.0298936943728658,close,0.8788426191981782,close
28d,ADA/USDT:USDT,2026-04-12T02:00:00+00:00,1h_continuation,SHORT,0.2438,0.25619124,0.21901751,0.0123912399999999,0.0196751898922141,0.0137726329245499,0.06456173877674887,close,0.33087891123083935,close,0.4438619540901493,close,-0.10491282551221942,close,-0.48421304082561983,close
28d,ADA/USDT:USDT,2026-04-12T08:00:00+00:00,adaptive_trend_route,SHORT,0.2413,0.2538261242231414,0.2162477515537172,0.0125261242231413,0.0192637399806566,0.0134846179864596,0.07983315367035321,close,0.25546609174513557,close,0.27941603784624175,close,-0.15168299197367618,close,-0.5588320756924879,close
28d,ADA/USDT:USDT,2026-04-15T00:00:00+00:00,adaptive_trend_route,SHORT,0.2393,0.2515434621504356,0.2148130756991287,0.0122434621504356,0.0195451251500365,0.0136815876050255,-0.008167624383633281,close,0.08984386821997745,close,-0.5472308337034889,close,-1.0,sl_first,-1.0,sl_first
28d,ADA/USDT:USDT,2026-04-16T16:00:00+00:00,15m_fast,LONG,0.2533,0.23791476,0.28407048,0.01538524,0.0164638315684382,0.0115246820979068,0.46148126386068694,close,0.3704849583106915,close,0.6629730832928175,close,-0.16249340276784777,close,-0.298987861092841,close
28d,ADA/USDT:USDT,2026-04-17T13:00:00+00:00,1h_continuation,LONG,0.2603,0.24402485,0.2928503,0.0162751499999999,0.01599370819931,0.011195595739517,0.3502271868462087,close,0.006144336611339687,close,-0.5468459584089865,close,-0.7680420764171181,close,-1.0,sl_first
28d,ADA/USDT:USDT,2026-04-18T20:00:00+00:00,4h_flip,SHORT,0.2486,0.26457167,0.21665666,0.0159716699999999,0.0155650598841573,0.0108955419189101,-0.02504434414184703,close,0.0438276022482297,close,0.13148280674469257,close,-0.006261086035462627,close,0.025044344141845292,close
28d,ADA/USDT:USDT,2026-04-19T18:00:00+00:00,1h_continuation,SHORT,0.2449,0.259579,0.21554199,0.0146789999999999,0.0166836977995776,0.0116785884597043,0.06812453164384547,close,0.020437359493153263,close,-0.20437359493153642,close,-0.09537434430138253,close,-0.24524831391784294,close
28d,ADA/USDT:USDT,2026-04-21T04:00:00+00:00,adaptive_trend_route,SHORT,0.2469,0.2587857783048126,0.2231284433903747,0.0118857783048126,0.0207727246519505,0.0145409072563653,-0.19350857310444006,close,-0.26081590287989714,close,-0.6141793842010476,close,0.0673073297754571,close,-0.3617768975430816,close
28d,ADA/USDT:USDT,2026-04-21T16:00:00+00:00,adaptive_trend_route,SHORT,0.2487,0.2598752204576069,0.2263495590847861,0.0111752204576069,0.0222545945239685,0.0155782161667779,0.36688314253426196,close,-0.08948369330103975,close,-0.5547988984664469,close,-0.13422553995155714,close,-0.00894836933010298,close
28d,ADA/USDT:USDT,2026-04-22T04:00:00+00:00,adaptive_trend_route,LONG,0.2542,0.242244930996588,0.2781101380068239,0.0119550690034119,0.0212629471170305,0.0148840629819214,0.05018791609055613,close,0.10874048486286543,close,-0.6775368672224544,close,-0.4767852028602461,close,-0.23421027508924183,close
28d,ADA/USDT:USDT,2026-04-23T08:00:00+00:00,adaptive_trend_route,SHORT,0.2467,0.2573894741953248,0.2253210516093504,0.0106894741953248,0.0230787778231316,0.0161551444761921,-0.05612998254511043,close,-0.3274248981798143,close,-0.1964549389078891,close,-0.4209748690883334,close,,insufficient
28d,ADA/USDT:USDT,2026-04-24T16:00:00+00:00,adaptive_trend_route,LONG,0.252,0.2417545146650598,0.2724909706698804,0.0102454853349401,0.0245961993757976,0.0172173395630583,-0.0390415863107914,close,-0.1756871383985586,close,-0.19520793155395158,close,0.0780831726215828,close,,insufficient
28d,ADA/USDT:USDT,2026-04-26T12:00:00+00:00,adaptive_trend_route,LONG,0.2534,0.2448847788509745,0.270430442298051,0.0085152211490255,0.0297584755070042,0.0208309328549029,-0.07046205723836717,close,-0.14092411447674086,close,,insufficient,,insufficient,,insufficient
28d,AVAX/USDT:USDT,2026-03-30T08:00:00+00:00,4h_flip,LONG,8.914,8.42898472,9.88403056,0.4850152799999989,0.0183788024162868,0.0128651616914007,0.1422635592016833,close,0.06391551210510452,close,0.00618537213920378,close,0.8783228437669038,close,0.08040983780964549,close
28d,AVAX/USDT:USDT,2026-03-31T02:00:00+00:00,1h_continuation,LONG,8.996,8.50275012,9.98249976,0.4932498800000005,0.0182382203519238,0.0127667542463466,-0.1054232390284607,close,-0.5615814848246912,close,-0.20070962815034057,close,-0.16016222852401008,close,-0.27369494747773615,close
28d,AVAX/USDT:USDT,2026-03-31T21:00:00+00:00,1h_continuation,LONG,8.936,8.39165128,10.02469743,0.5443487200000003,0.0164159474830766,0.0114911632381536,0.05327467289718234,close,0.0642970190138412,close,0.34169272961641173,close,-0.4170120947469118,close,0.13410521108601184,close
28d,AVAX/USDT:USDT,2026-04-01T13:00:00+00:00,15m_fast,LONG,9.227,8.62969402,10.42161197,0.5973059799999998,0.0154476939942908,0.0108133857960035,0.008370919038846734,close,-0.17578929981581712,close,-1.0,sl_first,-1.0,sl_first,-1.0,sl_first
28d,AVAX/USDT:USDT,2026-04-02T04:00:00+00:00,4h_flip,SHORT,8.765,9.39784062,7.49931876,0.6328406199999996,0.0138502487403542,0.0096951741182479,0.04108459409574533,close,0.14221590263911932,close,-0.055306184359657826,close,-0.1991022636947665,close,-1.0,sl_first
28d,AVAX/USDT:USDT,2026-04-04T08:00:00+00:00,adaptive_trend_route,SHORT,8.871,9.260805595851624,8.09138880829675,0.3898055958516249,0.0227574978255998,0.0159302484779198,-0.043611482700392834,close,-0.1949689814841121,close,0.18983821881348031,close,-1.0,sl_first,-1.0,sl_first
28d,AVAX/USDT:USDT,2026-04-05T06:00:00+00:00,1h_continuation,SHORT,8.871,9.29311841,8.02676319,0.4221184099999995,0.0210154302438503,0.0147108011706952,0.12081917962308306,close,0.1421402113212749,close,-1.0,sl_first,-1.0,sl_first,-1.0,sl_first
28d,AVAX/USDT:USDT,2026-04-06T00:00:00+00:00,4h_flip,LONG,9.065,8.61891248,9.95717505,0.4460875199999989,0.0203211244286771,0.014224787100074,0.8653010512376629,close,0.7151063091834572,close,-0.3878162742593661,close,-1.0,sl_first,-1.0,sl_first
28d,AVAX/USDT:USDT,2026-04-07T00:00:00+00:00,4h_flip,SHORT,8.892,9.48536449,7.70527103,0.5933644900000008,0.014985729934732,0.0104900109543124,0.3606552188520724,close,0.424696799769731,close,-1.0,sl_first,-1.0,sl_first,-1.0,sl_first
28d,AVAX/USDT:USDT,2026-04-07T11:00:00+00:00,15m_fast,SHORT,8.616,9.24110509,7.36578981,0.6251050899999999,0.0137832824237601,0.009648297696632,0.09278439886003782,close,-0.03039488928173682,close,-1.0,sl_first,-1.0,sl_first,-1.0,sl_first
28d,AVAX/USDT:USDT,2026-04-09T09:00:00+00:00,1h_continuation,LONG,9.152,8.50291387,10.45017225,0.6490861299999988,0.014099823701363,0.0098698765909541,-0.0801126346668349,close,0.20644409702607663,close,0.18025342800038124,close,0.1879565659491139,close,-0.0030812551794919653,close
28d,AVAX/USDT:USDT,2026-04-09T15:00:00+00:00,15m_fast,LONG,9.153,8.52499145,10.40901709,0.6280085500000006,0.0145746423356815,0.010202249634977,0.19744954109302917,close,0.5111395378295398,close,0.4585924825386533,close,0.17674918597843736,close,0.170379845943179,close
28d,AVAX/USDT:USDT,2026-04-10T05:30:00+00:00,15m_fast,LONG,9.403,8.7400361,10.72892779,0.6629639000000012,0.0141832760426321,0.0099282932298425,-0.15687128665678599,close,-0.051284843714719065,close,-0.19307235280835033,close,-0.508323303878234,close,-0.028659177369989672,close
28d,AVAX/USDT:USDT,2026-04-10T19:00:00+00:00,15m_fast,LONG,9.511,8.88462256,10.76375487,0.6263774399999988,0.0151841356227644,0.0106288949359351,-0.1596481508018549,close,-0.2714018563631542,close,-0.03512259317640576,close,-0.6625398258276989,close,-0.32568222763578336,close
28d,AVAX/USDT:USDT,2026-04-10T19:00:00+00:00,1h_continuation,LONG,9.511,8.88462256,10.76375487,0.6263774399999988,0.0151841356227644,0.0106288949359351,-0.1596481508018549,close,-0.2714018563631542,close,-0.03512259317640576,close,-0.6625398258276989,close,-0.32568222763578336,close
28d,AVAX/USDT:USDT,2026-04-11T17:00:00+00:00,1h_continuation,LONG,9.442,8.89754636,10.53090728,0.5444536400000004,0.0173421560741149,0.0121395092518804,0.04408088813585508,close,-0.14693629378618905,close,-0.7934559864454209,close,-0.29570929124470446,close,0.04959099915283738,close
28d,AVAX/USDT:USDT,2026-04-11T17:00:00+00:00,aligned_trend,LONG,9.442,8.89754636,10.53090728,0.5444536400000004,0.0173421560741149,0.0121395092518804,0.04408088813585508,close,-0.14693629378618905,close,-0.7934559864454209,close,-0.29570929124470446,close,0.04959099915283738,close
28d,AVAX/USDT:USDT,2026-04-12T04:00:00+00:00,4h_flip,SHORT,9.078,9.70020979,7.83358043,0.6222097900000012,0.0145899343692422,0.0102129540584695,0.0996448480825081,close,0.0867874483299277,close,0.017678924659798766,close,-1.0,sl_first,-1.0,sl_first
28d,AVAX/USDT:USDT,2026-04-13T11:00:00+00:00,1h_continuation,SHORT,8.986,9.53976163,7.87847674,0.5537616299999986,0.0162271986955831,0.0113590390869082,-0.5923126165314131,close,-0.4947977345414847,close,-1.0,sl_first,-1.0,sl_first,-1.0,sl_first
28d,AVAX/USDT:USDT,2026-04-13T20:00:00+00:00,4h_flip,LONG,9.404,8.82169814,10.56860372,0.5823018599999994,0.0161496994016127,0.0113047895811289,0.4379171998523258,close,0.07556218350393133,close,-0.1013220187893601,close,0.21123064934053185,close,0.5340872515845996,close
28d,AVAX/USDT:USDT,2026-04-14T14:00:00+00:00,15m_fast,LONG,9.491,8.8891782,10.6946436,0.6018217999999997,0.0157704489933731,0.0110393142953611,-0.19440970732532314,close,-0.22598051449781195,close,-0.16117727872270424,close,-0.1395762001310017,close,-0.16616214301309737,close
28d,AVAX/USDT:USDT,2026-04-14T16:30:00+00:00,15m_fast,LONG,9.451,8.83666547,10.67966906,0.6143345300000007,0.0153841263000469,0.0107688884100328,-0.20021664743474693,close,-0.17579998311343564,close,-0.03743888529267541,close,0.11068887825660643,close,-0.13510554257791774,close
28d,AVAX/USDT:USDT,2026-04-15T19:00:00+00:00,1h_continuation,LONG,9.47,8.89220887,10.62558226,0.5777911300000014,0.0163900058486532,0.0114730040940572,0.019038021577103836,close,-0.05192187702847059,close,0.5261416872218128,close,0.5192187702846844,close,-0.8151734693469576,close
28d,AVAX/USDT:USDT,2026-04-16T03:00:00+00:00,15m_fast,LONG,9.44,8.86113928,10.59772144,0.5788607199999998,0.0163078952740134,0.0114155266918093,0.2107588160412749,close,-0.07601137627717895,close,0.25394709801694665,close,0.46470591405822154,close,-0.5165318524290258,close
28d,AVAX/USDT:USDT,2026-04-16T04:00:00+00:00,aligned_trend,LONG,9.48,8.90498647,10.63002705,0.5750135299999997,0.0164865685856122,0.0115405980099285,0.048694506371004365,close,-0.034781790265004,close,0.13043171349376653,close,0.28173250114653675,close,-0.46955416857756327,close
28d,AVAX/USDT:USDT,2026-04-16T12:30:00+00:00,15m_fast,LONG,9.511,8.94504956,10.64290087,0.5659504399999999,0.0168053584338586,0.011763750903701,0.01413551334989844,close,0.4010951913033239,close,0.2420706661169845,close,-0.217333517754663,close,-0.5601197164896602,close
28d,AVAX/USDT:USDT,2026-04-16T13:00:00+00:00,aligned_trend,LONG,9.504,8.93804956,10.63590087,0.5659504399999999,0.0167929898596774,0.0117550929017742,-0.08658001926811736,close,0.3374853812287888,close,0.39579437379711235,close,-0.16962616019876245,close,-0.5919246215269293,close
28d,AVAX/USDT:USDT,2026-04-16T15:30:00+00:00,15m_fast,LONG,9.466,8.90004956,10.59790087,0.5659504399999999,0.0167258461712654,0.0117080923198858,0.5442172639710288,close,0.45233642719669986,close,0.6573013707702037,close,-0.07774532342443044,close,-0.28624414533540965,close
28d,AVAX/USDT:USDT,2026-04-16T16:00:00+00:00,aligned_trend,LONG,9.582,8.98018888,10.78562224,0.6018111200000007,0.015921939096107,0.0111453573672749,0.4453224460192736,close,0.23429277943551433,close,0.37553310746401436,close,-0.30408211799077656,close,-1.0,sl_first
28d,AVAX/USDT:USDT,2026-04-16T19:00:00+00:00,15m_fast,LONG,9.774,9.17218888,10.97762224,0.6018111199999989,0.0162409760723597,0.0113686832506518,-0.10302235691490629,close,-0.31072872166270327,close,-0.006646603671928771,close,-0.7344497057482074,close,-1.0,sl_first
28d,AVAX/USDT:USDT,2026-04-16T19:00:00+00:00,aligned_trend,LONG,9.774,9.17218888,10.97762224,0.6018111199999989,0.0162409760723597,0.0113686832506518,-0.10302235691490629,close,-0.31072872166270327,close,-0.006646603671928771,close,-0.7344497057482074,close,-1.0,sl_first
28d,AVAX/USDT:USDT,2026-04-17T13:00:00+00:00,15m_fast,LONG,9.728,9.07465156,11.03469688,0.6533484400000003,0.0148894516377815,0.010422616146447,0.2984624865714843,close,0.08112057327327636,close,-0.4897845933480765,close,-0.7132488140631347,close,-1.0,sl_first
28d,AVAX/USDT:USDT,2026-04-17T13:00:00+00:00,1h_continuation,LONG,9.728,9.07465156,11.03469688,0.6533484400000003,0.0148894516377815,0.010422616146447,0.2984624865714843,close,0.08112057327327636,close,-0.4897845933480765,close,-0.7132488140631347,close,-1.0,sl_first
28d,AVAX/USDT:USDT,2026-04-17T13:00:00+00:00,aligned_trend,LONG,9.728,9.07465156,11.03469688,0.6533484400000003,0.0148894516377815,0.010422616146447,0.2984624865714843,close,0.08112057327327636,close,-0.4897845933480765,close,-0.7132488140631347,close,-1.0,sl_first
28d,AVAX/USDT:USDT,2026-04-19T00:00:00+00:00,4h_flip,SHORT,9.328,9.93353517,8.11692967,0.6055351700000013,0.0154045552795884,0.0107831886957119,0.06275440615612826,close,0.203126104136939,close,0.5433210427727891,close,0.09743447271609203,close,0.10073733619799459,close
28d,AVAX/USDT:USDT,2026-04-19T18:00:00+00:00,1h_continuation,SHORT,9.144,9.7116408,8.0087184,0.5676407999999995,0.0161087786501604,0.0112761450551123,0.04404193637948572,close,0.04404193637948572,close,-0.1973078749800934,close,-0.3294336841185474,close,-0.3259103292081906,close
28d,AVAX/USDT:USDT,2026-04-21T20:00:00+00:00,adaptive_trend_route,SHORT,9.201,9.662313898924667,8.278372202150663,0.4613138989246685,0.0199452043856638,0.0139616430699647,-0.405363897415404,close,-0.771708810052857,close,-1.0,sl_first,-1.0,sl_first,-1.0,sl_first
28d,AVAX/USDT:USDT,2026-04-22T04:00:00+00:00,adaptive_trend_route,LONG,9.557,9.08133903613128,10.508321927737438,0.4756609638687195,0.0200920418658481,0.0140644293060937,0.02733039073517046,close,0.023125715237450488,close,-0.6096779471691938,close,-0.4940493709819338,close,-0.26279221860741026,close
28d,AVAX/USDT:USDT,2026-04-23T12:00:00+00:00,adaptive_trend_route,SHORT,9.268,9.670287112675055,8.46342577464989,0.4022871126750544,0.023038272189162,0.0161267905324134,-0.3107233517096735,close,0.004971573627356437,close,-0.4176121846977994,close,-0.32563807259173405,close,,insufficient
28d,AVAX/USDT:USDT,2026-04-23T20:00:00+00:00,adaptive_trend_route,SHORT,9.266,9.69417103082696,8.409657938346077,0.4281710308269613,0.0216408849101813,0.0151486194371269,-0.25690668466651645,close,-0.1307888576484071,close,-0.3853600269997747,close,-0.07940752071510712,close,,insufficient
28d,AVAX/USDT:USDT,2026-04-24T12:00:00+00:00,adaptive_trend_route,LONG,9.436,9.029680814987277,10.24863837002545,0.406319185012725,0.0232231219889469,0.0162561853922628,0.05660574456822505,close,-0.012305596645268405,close,-0.09106141517497396,close,0.103367011820238,close,,insufficient
28d,AVAX/USDT:USDT,2026-04-25T20:00:00+00:00,adaptive_trend_route,SHORT,9.3,9.6386357078471,8.622728584305802,0.3386357078471,0.0274631404323111,0.0192241983026178,-0.17127549947032714,close,-0.10040287899984404,close,-0.502014394999236,close,,insufficient,,insufficient
28d,AVAX/USDT:USDT,2026-04-26T12:00:00+00:00,adaptive_trend_route,LONG,9.478,9.164853668996743,10.104292662006507,0.3131463310032547,0.0302669999984815,0.021186899998937,0.009580185692703943,close,-0.025547161847206734,close,,insufficient,,insufficient,,insufficient
28d,DOGE/USDT:USDT,2026-03-31T00:00:00+00:00,adaptive_trend_route,SHORT,0.09078,0.0951541750318904,0.0820316499362191,0.0043741750318904,0.020753627675655,0.0145275393729585,-0.19432235651362503,close,-0.10287654168368478,close,-0.34292180561227836,close,-0.3109157704217988,close,-0.09144581482994027,close
28d,DOGE/USDT:USDT,2026-04-01T16:00:00+00:00,adaptive_trend_route,LONG,0.09302,0.088688999754374,0.1016820004912519,0.0043310002456259,0.0214777175535706,0.0150344022874994,-0.04617870899499395,close,-0.2031863195779689,close,-0.6303393777816517,close,-0.3532671238116944,close,-0.5887785396861585,close
28d,DOGE/USDT:USDT,2026-04-02T08:00:00+00:00,adaptive_trend_route,SHORT,0.0902,0.094650731414393,0.0812985371712139,0.004450731414393,0.0202663318905979,0.0141864323234185,0.06515782980347498,close,-0.02022139545624935,close,-0.20895441971459325,close,-0.2516440323444554,close,-0.6313569025785005,close
28d,DOGE/USDT:USDT,2026-04-04T04:00:00+00:00,adaptive_trend_route,SHORT,0.09118,0.0947265932634367,0.0840868134731265,0.0035465932634367,0.0257091787039726,0.0179964250927808,-0.03947450119057047,close,0.028196072278979467,close,-0.0479333228742647,close,-0.3101567950687663,close,-1.0,sl_first
28d,DOGE/USDT:USDT,2026-04-05T08:00:00+00:00,adaptive_trend_route,SHORT,0.09003,0.0931774412192753,0.0837351175614493,0.0031474412192753,0.028604187887178,0.0200229315210246,-0.08578396900520162,close,-0.18745385819654956,close,-1.0,sl_first,-1.0,sl_first,-1.0,sl_first
28d,DOGE/USDT:USDT,2026-04-06T08:00:00+00:00,adaptive_trend_route,LONG,0.09205,0.0887081253972131,0.0987337492055736,0.0033418746027868,0.0275444207042473,0.0192810944929731,0.28726392043538723,close,0.22143260533561082,close,-0.4458575431757641,close,0.7480831261338263,close,0.11071630266780541,close
28d,DOGE/USDT:USDT,2026-04-07T04:00:00+00:00,adaptive_trend_route,SHORT,0.09045,0.0937943877028405,0.0837612245943188,0.0033443877028405,0.0270453093471118,0.0189317165429783,-0.032890923473547135,close,-0.002990083952139517,close,-1.0,sl_first,-1.0,sl_first,-1.0,sl_first
28d,DOGE/USDT:USDT,2026-04-08T13:30:00+00:00,15m_fast,LONG,0.09472,0.09026891,0.10362218,0.00445109,0.0212801808096443,0.014896126566751,-0.3100364180459151,close,-0.27184352596779726,close,-0.74813135658906,close,-0.4201218128593213,close,-1.0,sl_first
28d,DOGE/USDT:USDT,2026-04-09T04:00:00+00:00,4h_flip,SHORT,0.09148,0.09610283,0.08223434,0.0046228299999999,0.0197887441242702,0.0138521208869891,0.030284479420615566,close,-0.032447656522087254,close,-0.1406065115957134,close,-0.4607567226136456,close,0.13844333449424173,close
28d,DOGE/USDT:USDT,2026-04-10T01:00:00+00:00,1h_continuation,SHORT,0.0924,0.09736084,0.08247831,0.00496084,0.018625877875521,0.0130381145128647,-0.06652099241257747,close,0.06853678006143982,close,-0.2318155796195802,close,-0.12296304658082087,close,-0.1874682513445304,close
28d,DOGE/USDT:USDT,2026-04-10T20:00:00+00:00,4h_flip,LONG,0.095,0.09019774,0.10460452,0.00480226,0.0197823524757093,0.0138476467329965,-0.28111764044429166,close,-0.289447052013011,close,-0.06871764544193712,close,-0.8620940973624929,close,-0.4372941073577867,close
28d,DOGE/USDT:USDT,2026-04-11T04:00:00+00:00,15m_fast,LONG,0.09361,0.08895912,0.10291175,0.0046508799999999,0.0201273737443236,0.0140891616210265,-0.16771019677996846,close,-0.1591096738681756,close,-0.5396828127150244,close,-0.528932159075284,close,-0.1849112426035542,close
28d,DOGE/USDT:USDT,2026-04-11T19:00:00+00:00,1h_continuation,LONG,0.09392,0.08970285,0.10235429,0.00421715,0.0222709649882029,0.015589675491742,-0.0687668211944082,close,-0.5785898059115748,close,-0.6852969422477274,close,-0.5121942544135278,close,0.2750672847776328,close
28d,DOGE/USDT:USDT,2026-04-11T19:00:00+00:00,aligned_trend,LONG,0.09392,0.08970285,0.10235429,0.00421715,0.0222709649882029,0.015589675491742,-0.0687668211944082,close,-0.5785898059115748,close,-0.6852969422477274,close,-0.5121942544135278,close,0.2750672847776328,close
28d,DOGE/USDT:USDT,2026-04-12T16:00:00+00:00,4h_flip,SHORT,0.09059,0.09487824,0.08201352,0.0042882399999999,0.02112521687219,0.0147876518105329,-0.06296289386788025,close,-0.04430722161073078,close,-0.2518515754715274,close,-1.0,sl_first,-1.0,sl_first
28d,DOGE/USDT:USDT,2026-04-14T00:00:00+00:00,4h_flip,LONG,0.09409,0.08991032,0.10244936,0.0041796799999999,0.022511292730544,0.0157579049113808,-0.13637407648432434,close,-0.1291964935114678,close,-0.2847107912567529,close,0.18183210197910576,close,1.0574972246679442,close
28d,DOGE/USDT:USDT,2026-04-14T14:00:00+00:00,15m_fast,LONG,0.09704,0.09272494,0.10567011,0.0043150599999999,0.0224886791840669,0.0157420754288468,-0.5561915709167555,close,-1.0,sl_first,-1.0,sl_first,-1.0,sl_first,-1.0,sl_first
28d,DOGE/USDT:USDT,2026-04-15T17:00:00+00:00,1h_continuation,LONG,0.09441,0.08972878,0.10377243,0.00468122,0.0201678195000448,0.0141174736500314,0.15380605910425324,close,0.10253737273616882,close,0.5148230589461742,close,1.6085550347986228,close,-0.08758400587880803,close
28d,DOGE/USDT:USDT,2026-04-15T17:00:00+00:00,aligned_trend,LONG,0.09441,0.08972878,0.10377243,0.00468122,0.0201678195000448,0.0141174736500314,0.15380605910425324,close,0.10253737273616882,close,0.5148230589461742,close,1.6085550347986228,close,-0.08758400587880803,close
28d,DOGE/USDT:USDT,2026-04-16T00:00:00+00:00,1h_continuation,LONG,0.09485,0.08976732,0.10501536,0.00508268,0.0186614148441373,0.0130629903908961,0.4210377202578173,close,0.3128270912195917,close,0.8499453044456843,close,0.8873271581134362,close,-0.12788528886335512,close
28d,DOGE/USDT:USDT,2026-04-16T02:30:00+00:00,15m_fast,LONG,0.09584,0.09075732,0.10600536,0.0050826799999999,0.0188561939764061,0.0131993357834843,0.09247090117812282,close,-0.049186649562830066,close,0.30298976130703287,close,0.6925480258446486,close,-0.39939559445017786,close
28d,DOGE/USDT:USDT,2026-04-16T12:30:00+00:00,15m_fast,LONG,0.09673,0.09145698,0.10727604,0.00527302,0.0183443264011894,0.0128410284808326,0.25222737634220954,close,0.3451532518367088,close,0.4342862344538804,close,-0.16688728660236296,close,-0.42480400226056264,close
28d,DOGE/USDT:USDT,2026-04-16T16:00:00+00:00,15m_fast,LONG,0.09725,0.09162719,0.10849561,0.00562281,0.0172956226513077,0.0121069358559154,0.3805926218385475,close,0.34146627753738634,close,0.5833382241263695,close,-0.23297959561144796,close,-0.3147892246047808,close
28d,DOGE/USDT:USDT,2026-04-16T16:00:00+00:00,aligned_trend,LONG,0.09725,0.09162719,0.10849561,0.00562281,0.0172956226513077,0.0121069358559154,0.3805926218385475,close,0.34146627753738634,close,0.5833382241263695,close,-0.23297959561144796,close,-0.3147892246047808,close
28d,DOGE/USDT:USDT,2026-04-17T07:30:00+00:00,15m_fast,LONG,0.09809,0.09207459,0.11012083,0.0060154099999999,0.0163064529267331,0.0114145170487132,0.06815828015048257,close,0.46048399028496056,close,0.14130375153148625,close,-0.7381043021174074,close,-0.4155992692102523,close
28d,DOGE/USDT:USDT,2026-04-17T09:00:00+00:00,aligned_trend,LONG,0.0985,0.09252212,0.11045577,0.00597788,0.0164774133973917,0.0115341893781741,0.2609620802023446,close,0.5754548435231217,close,-0.24423374172783713,close,-0.7444110621156681,close,-1.0,sl_first
28d,DOGE/USDT:USDT,2026-04-17T12:30:00+00:00,15m_fast,LONG,0.09902,0.09307268,0.11091464,0.0059473199999999,0.0166495160845557,0.011654661259189,0.3749588049743493,close,0.16309867301574743,close,-0.5330131891339369,close,-0.6860232844373716,close,-1.0,sl_first
28d,DOGE/USDT:USDT,2026-04-17T13:00:00+00:00,aligned_trend,LONG,0.10006,0.09411268,0.11195464,0.0059473199999999,0.0168243847649025,0.0117770693354317,0.3161087683191821,close,0.013451436949754168,close,-0.6759347067250565,close,-1.0,sl_first,-1.0,sl_first
28d,DOGE/USDT:USDT,2026-04-18T12:00:00+00:00,4h_flip,SHORT,0.09595,0.10215914,0.08353171,0.00620914,0.0154530257008216,0.0108171179905751,0.0016105289943528609,close,0.19487400831676993,close,0.23835829116431506,close,0.24480040714172874,close,-0.3027794509384563,close
28d,DOGE/USDT:USDT,2026-04-19T22:00:00+00:00,1h_continuation,SHORT,0.09378,0.09943932,0.08246137,0.0056593199999999,0.0165708954432688,0.0115996268102881,-0.04240792179979368,close,-0.019436964158238257,close,-0.3321953874317102,close,-0.14666072955761683,close,-0.7262356608214547,close
28d,DOGE/USDT:USDT,2026-04-20T05:30:00+00:00,15m_fast,SHORT,0.09364,0.09922625,0.0824675,0.00558625,0.0167625867084358,0.0117338106959051,-0.1324681136719632,close,-0.20765271872902114,close,-0.30073842022823916,close,-0.6283284851197134,close,-0.6444394719176535,close
28d,DOGE/USDT:USDT,2026-04-21T20:00:00+00:00,adaptive_trend_route,SHORT,0.0938,0.097666482452226,0.0860670350955478,0.003866482452226,0.0242597764658147,0.0169818435260703,-0.34398190511230897,close,-0.6336508778384603,close,-1.0,sl_first,-1.0,sl_first,-1.0,sl_first
28d,DOGE/USDT:USDT,2026-04-23T16:00:00+00:00,adaptive_trend_route,LONG,0.09733,0.0934954308314578,0.1049991383370843,0.0038345691685421,0.0253822517529403,0.0177675762270582,-0.30511902343512487,close,-0.06258851762771876,close,0.19037340778430656,close,0.21123624699354857,close,,insufficient
28d,DOGE/USDT:USDT,2026-04-25T14:00:00+00:00,15m_fast,LONG,0.09823,0.09468346,0.10532308,0.00354654,0.0276974177649201,0.0193881924354441,-0.1409824786975476,close,-0.08458948721852699,close,0.08740913679248076,close,,insufficient,,insufficient
28d,DOGE/USDT:USDT,2026-04-25T23:00:00+00:00,15m_fast,LONG,0.09799,0.09389138,0.10618723,0.0040986199999999,0.0239080470987796,0.0167356329691457,-0.029278147278839716,close,0.10491336108251322,close,0.26594317111614013,close,,insufficient,,insufficient
28d,DOGE/USDT:USDT,2026-04-26T05:30:00+00:00,15m_fast,LONG,0.09841,0.09455196,0.10612608,0.0038580399999999,0.0255077707851655,0.0178554395496159,-0.007775969144955217,close,-0.007775969144955217,close,-0.025919897149849526,close,,insufficient,,insufficient
28d,DOGE/USDT:USDT,2026-04-26T15:30:00+00:00,15m_fast,LONG,0.09904,0.09526342,0.10659315,0.00377658,0.0262247853878376,0.0183573497714863,0.03177478035682949,close,-0.05560586562445436,close,,insufficient,,insufficient,,insufficient
28d,DOGE/USDT:USDT,2026-04-27T01:00:00+00:00,15m_fast,LONG,0.0999,0.09616095,0.1073781,0.00373905,0.0267180166084967,0.0187026116259477,0.013372380684931866,close,,insufficient,,insufficient,,insufficient,,insufficient
28d,ETH/USDT:USDT,2026-03-30T08:00:00+00:00,4h_flip,LONG,2058.7,1951.60649322,2272.88701355,107.09350677999988,0.0192233876908069,0.0134563713835648,0.10925032106788095,close,0.13726322390579848,close,-0.034549246833429935,close,0.6669872165708193,close,0.029600300665400214,close
28d,ETH/USDT:USDT,2026-03-30T16:00:00+00:00,15m_fast,LONG,2073.4,1963.99544569,2292.20910863,109.4045543100001,0.0189516790509925,0.0132661753356947,-0.46350904054973974,close,-0.43608787861621146,close,-0.18043124552261813,close,0.5532676439454862,close,-0.20081430922654098,close
28d,ETH/USDT:USDT,2026-03-31T02:00:00+00:00,1h_continuation,LONG,2072.2,1957.71046082,2301.17907836,114.48953917999984,0.0180994701772892,0.0126696291241024,-0.0769502616841606,close,-0.47969448032850337,close,0.17302890850888328,close,0.23023937548178158,close,-0.16970982798220627,close
28d,ETH/USDT:USDT,2026-03-31T14:00:00+00:00,1h_continuation,LONG,2074.36,1952.09152785,2318.8969443,122.2684721500002,0.0169656164301714,0.0118759315011199,0.1485256148266986,close,0.22197054991170778,close,0.3616631435923257,close,-0.2999137828025932,close,-0.15138816797589458,close
28d,ETH/USDT:USDT,2026-03-31T17:00:00+00:00,15m_fast,LONG,2090.41,1964.53213301,2342.16573399,125.8778669899998,0.0166066525433424,0.0116246567803396,0.12861673292641865,close,0.18668889584748782,close,0.43359489086620734,close,-0.22617161126714644,close,-0.22672770585052324,close
28d,ETH/USDT:USDT,2026-04-01T04:30:00+00:00,15m_fast,LONG,2109.21,2004.05901792,2319.51196416,105.15098207999996,0.020058871142024,0.0140412097994168,0.24945083232835583,close,0.21597515829877872,close,-0.5620489588488675,close,-0.5617636548088452,close,-0.6925280064868792,close
28d,ETH/USDT:USDT,2026-04-01T21:30:00+00:00,15m_fast,LONG,2154.51,2029.26006016,2405.00987968,125.24993984000024,0.0172016849090088,0.0120411794363062,-0.3489822035510525,close,-0.8708986219022837,close,-1.0,sl_first,-1.0,sl_first,-1.0,sl_first
28d,ETH/USDT:USDT,2026-04-02T01:00:00+00:00,15m_fast,LONG,2154.58,2030.71862729,2402.30274542,123.86137270999984,0.0173950922136522,0.0121765645495565,-0.8968897854870227,close,-0.884052853639653,close,-1.0,sl_first,-1.0,sl_first,-1.0,sl_first
28d,ETH/USDT:USDT,2026-04-02T04:00:00+00:00,4h_flip,SHORT,2054.73,2194.26270323,1775.66459354,139.53270323000015,0.0147257951178159,0.0103080565824711,-0.0005016745062609337,close,0.1626142078147713,close,0.012398527083277065,close,0.0395606182079124,close,-0.5684688833789182,close
28d,ETH/USDT:USDT,2026-04-03T00:00:00+00:00,adaptive_trend_route,SHORT,2055.96,2161.679790412644,1844.5204191747123,105.71979041264376,0.0194472576229598,0.0136130803360718,0.027998542074729932,close,-0.08531988159258797,close,0.028755259428100314,close,-0.08011744978816014,close,-1.0,sl_first
28d,ETH/USDT:USDT,2026-04-04T04:00:00+00:00,adaptive_trend_route,SHORT,2049.21,2132.4012741119886,1882.8274517760224,83.1912741119886,0.0246325113045082,0.0172427579131557,-0.04219192502418882,close,-0.022237909200783685,close,-0.07789278466004636,close,-1.0,sl_first,-1.0,sl_first
28d,ETH/USDT:USDT,2026-04-05T04:00:00+00:00,adaptive_trend_route,SHORT,2055.69,2123.022117693602,1921.025764612796,67.33211769360196,0.0305306007061075,0.0213714204942752,0.29243102214013744,close,0.21995446611962458,close,-1.0,sl_first,-1.0,sl_first,-1.0,sl_first
28d,ETH/USDT:USDT,2026-04-06T00:00:00+00:00,adaptive_trend_route,LONG,2109.35,2031.8736894415072,2264.302621116985,77.47631055849251,0.0272257414530277,0.0190580190171194,0.24562346687421396,close,0.31880712726185434,close,-0.041432019372896874,close,2.0,tp_first,2.0,tp_first
28d,ETH/USDT:USDT,2026-04-07T12:00:00+00:00,4h_flip,SHORT,2088.47,2193.93201968,1877.54596064,105.46201968000014,0.0198030533298809,0.0138621373309166,0.08733001727015256,close,-0.22804418190524217,close,-1.0,sl_first,-1.0,sl_first,-1.0,sl_first
28d,ETH/USDT:USDT,2026-04-08T00:00:00+00:00,4h_flip,LONG,2239.14,2105.18097768,2507.05804463,133.9590223199998,0.0167151115409842,0.0117005780786889,-0.03919108925309159,close,0.10159823328277742,close,-0.3752640108100787,close,-0.37489076234100027,close,-0.19729914075413413,close
28d,ETH/USDT:USDT,2026-04-08T13:30:00+00:00,15m_fast,LONG,2259.64,2136.96085203,2504.99829594,122.67914797000005,0.0184191041215298,0.0128933728850709,-0.33681355539006597,close,-0.32858069742917806,close,-0.6689808444061668,close,-0.3329824234676733,close,-0.5529056985021372,close
28d,ETH/USDT:USDT,2026-04-09T16:00:00+00:00,1h_continuation,LONG,2217.0,2091.83684471,2467.32631059,125.16315528999984,0.0177128803988942,0.012399016279226,-0.013102897543610454,close,-0.2243471725759812,close,0.04977503152237787,close,0.25079265481339175,close,0.35313906794367356,close
28d,ETH/USDT:USDT,2026-04-10T05:30:00+00:00,15m_fast,LONG,2200.66,2074.30628565,2453.3674287,126.3537143499998,0.0174166625122247,0.0121916637585573,-0.060623465162105594,close,0.14348608660430834,close,0.26789873312497847,close,0.13501779577879083,close,1.4907357569105004,close
28d,ETH/USDT:USDT,2026-04-10T09:30:00+00:00,15m_fast,LONG,2193.0,2069.79583667,2439.40832665,123.20416333000004,0.0177997231645986,0.012459806215219,0.20932734173050574,close,0.40769726154026065,close,0.4186546834610115,close,0.16371200010485934,close,1.4567689528418468,close
28d,ETH/USDT:USDT,2026-04-11T02:30:00+00:00,15m_fast,LONG,2247.99,2127.31343636,2489.34312728,120.6765636399996,0.0186282235107901,0.013039756457553,-0.1435241398791273,close,-0.06546424394024668,close,-0.20749679345112024,close,-0.3931997942993463,close,0.567467268990924,close
28d,ETH/USDT:USDT,2026-04-11T09:30:00+00:00,15m_fast,LONG,2244.58,2133.80633033,2466.12733934,110.77366966999988,0.0202627574466632,0.0141839302126642,-0.07303179558915622,close,0.11365516767212248,close,-0.28355113713910324,close,-0.4997577507806706,close,0.7826769687984859,close
28d,ETH/USDT:USDT,2026-04-11T10:00:00+00:00,aligned_trend,LONG,2242.5,2131.72633033,2464.04733934,110.77366966999988,0.0202439804213448,0.0141707862949413,-0.035387470792273494,close,0.14443865629499117,close,-0.26630877254388996,close,-0.5002993957417763,close,0.7513518352145073,close
28d,ETH/USDT:USDT,2026-04-11T15:30:00+00:00,15m_fast,LONG,2247.04,2140.40944959,2460.30110081,106.63055041000008,0.0210731351508551,0.0147511946055985,0.6863886542701003,close,0.3675306921826103,close,-0.6286190940801287,close,-0.32729831990745384,close,1.095183318016975,close
28d,ETH/USDT:USDT,2026-04-11T16:00:00+00:00,aligned_trend,LONG,2248.39,2144.30806034,2456.55387933,104.08193966,0.0216021147121654,0.0151214802985157,0.6422824192014093,close,0.3406931127132689,close,-0.6064452700073738,close,-0.3872910144803113,close,1.2039552722532336,close
28d,ETH/USDT:USDT,2026-04-12T04:00:00+00:00,4h_flip,SHORT,2212.71,2337.62038318,1962.88923364,124.91038317999984,0.0177143800512677,0.0124000660358874,-0.034424680242984645,close,0.07685510007735709,close,0.15563157765665,close,-1.0,sl_first,-1.0,sl_first
28d,ETH/USDT:USDT,2026-04-12T22:30:00+00:00,15m_fast,SHORT,2187.13,2298.97976817,1963.43046366,111.84976817000006,0.0195541755319133,0.0136879228723393,-0.11989296195605917,close,-0.07536895371286877,close,-1.0,sl_first,-1.0,sl_first,-1.0,sl_first
28d,ETH/USDT:USDT,2026-04-13T07:30:00+00:00,15m_fast,SHORT,2183.45,2291.53326949,1967.28346102,108.08326949000002,0.0202015539528253,0.0141410877669777,-0.02035467663386903,close,-0.26544348755710506,close,-1.0,sl_first,-1.0,sl_first,-1.0,sl_first
28d,ETH/USDT:USDT,2026-04-13T20:00:00+00:00,4h_flip,LONG,2261.2,2147.14589728,2489.30820543,114.05410271999972,0.0198256787443341,0.0138779751210338,0.9434119197286218,close,0.9072887123932851,close,0.4501372486883589,close,0.9863739867051078,close,1.3718051018656106,close
28d,ETH/USDT:USDT,2026-04-14T14:00:00+00:00,15m_fast,LONG,2390.33,2262.29760965,2646.3947807,128.0323903499998,0.0186697287574308,0.0130688101302015,-0.4123175382080184,close,-0.5297097071655182,close,-0.5045598213343052,close,-0.6497574541300454,close,-0.23689317927352105,close
28d,ETH/USDT:USDT,2026-04-15T19:00:00+00:00,1h_continuation,LONG,2357.12,2232.40820113,2606.54359773,124.71179886999973,0.0189005372495434,0.0132303760746804,0.04386112661001878,close,-0.013070134620536026,close,-0.12011694270896736,close,0.4962641912054753,close,-0.7085135552579642,close
28d,ETH/USDT:USDT,2026-04-16T12:30:00+00:00,15m_fast,LONG,2339.64,2224.12617811,2570.66764379,115.51382188999968,0.0202541995556857,0.01417793968898,-0.07652763847098537,close,0.08959966721433477,close,0.1610196918054718,close,0.1207647688541068,close,-0.3208274074360648,close
28d,ETH/USDT:USDT,2026-04-16T20:00:00+00:00,1h_continuation,LONG,2358.39,2233.62951071,2607.91097857,124.7604892899999,0.0189033404198827,0.0132323382939179,-0.09193615755496376,close,-0.2719611007707027,close,0.5457657339073763,close,-0.09097431458141661,close,-0.36710340157082727,close
28d,ETH/USDT:USDT,2026-04-16T20:00:00+00:00,aligned_trend,LONG,2358.39,2233.62951071,2607.91097857,124.7604892899999,0.0189033404198827,0.0132323382939179,-0.09193615755496376,close,-0.2719611007707027,close,0.5457657339073763,close,-0.09097431458141661,close,-0.36710340157082727,close
28d,ETH/USDT:USDT,2026-04-17T07:30:00+00:00,15m_fast,LONG,2336.22,2216.73988424,2575.18023153,119.48011576,0.0195532117217962,0.0136872482052573,0.12094062604547541,close,0.8949606327365035,close,0.574154113959827,close,-0.291261853728888,close,-0.09231661628245935,close
28d,ETH/USDT:USDT,2026-04-17T13:00:00+00:00,15m_fast,LONG,2370.72,2252.71265529,2606.73468943,118.00734470999988,0.0200895970147111,0.0140627179102977,0.6718225903212112,close,0.4625983249953951,close,-0.12058571468555529,close,-0.3501476971754816,close,-1.0,sl_first
28d,ETH/USDT:USDT,2026-04-19T04:00:00+00:00,4h_flip,SHORT,2338.6,2432.7896383,2150.22072341,94.1896383000003,0.0248286334060589,0.0173800433842412,0.2583086679078993,close,0.1161486570864135,close,0.5683215369136796,close,0.30215637848988264,close,-0.04469706090802584,close
28d,ETH/USDT:USDT,2026-04-19T16:00:00+00:00,15m_fast,SHORT,2329.47,2442.6071328,2103.1957344,113.13713280000002,0.0205897917186743,0.014412854203072,0.27258954895487403,close,0.5945881633655822,close,0.14813880805718777,close,0.17819083355805046,close,0.156358920914775,close
28d,ETH/USDT:USDT,2026-04-20T05:30:00+00:00,15m_fast,SHORT,2265.01,2380.67078381,2033.68843239,115.66078380999988,0.0195832150309547,0.0137082505216683,-0.331573059914576,close,-0.43696746931115243,close,-0.44518114354632293,close,-1.0,sl_first,-1.0,sl_first
28d,ETH/USDT:USDT,2026-04-22T12:00:00+00:00,adaptive_trend_route,LONG,2397.59,2297.2742428416745,2598.221514316651,100.3157571583256,0.0239004326729643,0.016730302871075,0.05083947073190825,close,-0.008373559885257075,close,-0.6944073590558445,close,-1.0,sl_first,-1.0,sl_first
28d,ETH/USDT:USDT,2026-04-23T00:00:00+00:00,adaptive_trend_route,LONG,2373.04,2276.731593120685,2565.6568137586305,96.30840687931504,0.0246400088724723,0.0172480062107306,-0.3470102048503303,close,-0.3138874474154838,close,-0.4579039507450479,close,-0.6142765924280504,close,0.2143115089201304,close
28d,ETH/USDT:USDT,2026-04-23T20:00:00+00:00,adaptive_trend_route,SHORT,2311.78,2408.451929368049,2118.4361412639023,96.67192936804896,0.0239136636158217,0.0167395645310752,-0.17750757755820074,close,0.04799738693881798,close,-0.0888572314233626,close,0.02999836683676006,close,,insufficient
28d,ETH/USDT:USDT,2026-04-24T22:30:00+00:00,15m_fast,SHORT,2311.85,2397.18005767,2141.18988467,85.33005767000031,0.0270930321990486,0.018965122539334,-0.06304929525310245,close,-0.024493127709849558,close,-0.04242350349743854,close,-0.6393995444255012,close,,insufficient
28d,ETH/USDT:USDT,2026-04-26T16:00:00+00:00,adaptive_trend_route,LONG,2347.0,2285.8337001593536,2469.332599681293,61.16629984064639,0.0383708023227582,0.0268595616259307,0.3135713628250943,close,0.3485579486668988,close,,insufficient,,insufficient,,insufficient
28d,LINK/USDT:USDT,2026-03-30T08:00:00+00:00,4h_flip,LONG,8.739,8.25662809,9.70374382,0.4823719100000012,0.0181167265730709,0.0126817086011496,0.2612092399824839,close,0.18035876094028677,close,-0.06633885459872643,close,0.6571692783686297,close,-0.037315605711784994,close
28d,LINK/USDT:USDT,2026-03-31T02:00:00+00:00,1h_continuation,LONG,8.788,8.28437247,9.79525505,0.503627530000001,0.0174494035304225,0.0122145824712957,-0.06552461498679273,close,-0.5222113255008108,close,-0.06155342619971652,close,-0.10126531407049978,close,-0.28989678145672554,close
28d,LINK/USDT:USDT,2026-03-31T14:00:00+00:00,1h_continuation,LONG,8.742,8.22197096,9.78205807,0.5200290400000007,0.0168105996542039,0.0117674197579427,0.042305329717737365,close,0.042305329717737365,close,0.3980546932532819,close,-0.4922802003518878,close,-0.09614847663122937,close
28d,LINK/USDT:USDT,2026-04-01T04:30:00+00:00,15m_fast,LONG,8.822,8.30590998,9.85418005,0.51609002,0.0170939170650887,0.0119657419455621,0.5057257259111521,close,0.41078104939909804,close,-0.5774186449100489,close,-0.3352128374813371,close,-0.5716057055317596,close
28d,LINK/USDT:USDT,2026-04-01T17:00:00+00:00,15m_fast,LONG,9.047,8.49793558,10.14512885,0.5490644200000006,0.0164771193879217,0.0115339835715452,-0.14205983334341915,close,-0.09106399573296092,close,-1.0,sl_first,-1.0,sl_first,-1.0,sl_first
28d,LINK/USDT:USDT,2026-04-02T04:00:00+00:00,4h_flip,SHORT,8.56,9.16224473,7.35551054,0.6022447299999989,0.0142134909175544,0.009949443642288,0.0,close,0.13449681826190732,close,-0.14113863644767674,close,-0.132836363715462,close,-0.6625213640308648,close
28d,LINK/USDT:USDT,2026-04-04T04:00:00+00:00,adaptive_trend_route,SHORT,8.64,8.995218419839333,7.929563160321337,0.355218419839332,0.0243230629872964,0.0170261440911075,-0.039412370581265614,close,-0.047857878562966104,close,-0.01689101596340098,close,-1.0,sl_first,-1.0,sl_first
28d,LINK/USDT:USDT,2026-04-05T04:00:00+00:00,adaptive_trend_route,SHORT,8.646,8.938437222339633,8.061125555320736,0.2924372223396325,0.0295653198003592,0.0206957238602514,0.4069249428918341,close,0.3556318828634504,close,-1.0,sl_first,-1.0,sl_first,-1.0,sl_first
28d,LINK/USDT:USDT,2026-04-06T04:00:00+00:00,adaptive_trend_route,LONG,8.927,8.582574712807808,9.615850574384382,0.3444252871921911,0.0259185383070282,0.0181429768149197,0.09290839316958706,close,0.3367929252397518,close,-0.4064742201169395,close,-1.0,sl_first,-1.0,sl_first
28d,LINK/USDT:USDT,2026-04-07T08:00:00+00:00,4h_flip,SHORT,8.76,9.1942579,7.89148421,0.4342579000000004,0.0201723445906222,0.0141206412134355,0.19343344127993883,close,0.338508522239895,close,-1.0,sl_first,-1.0,sl_first,-1.0,sl_first
28d,LINK/USDT:USDT,2026-04-08T00:00:00+00:00,4h_flip,LONG,9.285,8.71042309,10.43415383,0.5745769099999993,0.016159716546911,0.0113118015828377,-0.18970480383557375,close,-0.05917397550834533,close,-0.7553383932535677,close,-1.0,sl_first,-1.0,sl_first
28d,LINK/USDT:USDT,2026-04-09T04:00:00+00:00,4h_flip,SHORT,8.755,9.31699342,7.63101317,0.5619934199999985,0.0155784742106055,0.0109049319474238,0.0071175210556759655,close,-0.005338140791752233,close,-0.27580394090735044,close,-0.5160202765363336,close,0.05338140791755394,close
28d,LINK/USDT:USDT,2026-04-09T14:00:00+00:00,15m_fast,SHORT,8.735,9.24509126,7.71481748,0.5100912600000012,0.0171243867224856,0.0119870707057399,-0.531277481602018,close,-0.5802883193881826,close,-0.5665652848080539,close,-0.48618751083874784,close,-1.0,sl_first
28d,LINK/USDT:USDT,2026-04-10T08:00:00+00:00,1h_continuation,SHORT,8.895,9.41799866,7.84900269,0.5229986600000007,0.0170076917596691,0.0119053842317683,-0.16634841856000093,close,-0.3040160752993143,close,-0.21223763747310653,close,0.1988532819567818,close,-1.0,sl_first
28d,LINK/USDT:USDT,2026-04-10T20:00:00+00:00,4h_flip,LONG,9.153,8.63781303,10.18337394,0.5151869700000002,0.017766365480866,0.0124364558366062,-0.141696130241804,close,-0.20963263104266883,close,0.20769158816264174,close,-0.7667119376097598,close,-0.2698049603234357,close
28d,LINK/USDT:USDT,2026-04-11T17:00:00+00:00,1h_continuation,LONG,9.089,8.64756063,9.97187873,0.4414393700000012,0.0205894639619478,0.0144126247733635,0.2174704082238968,close,-0.06795950256997027,close,-0.8381671983629371,close,-0.45759398397111567,close,0.42814486619079656,close
28d,LINK/USDT:USDT,2026-04-12T04:00:00+00:00,4h_flip,SHORT,8.788,9.31011891,7.74376218,0.5221189099999997,0.0168314148974225,0.0117819904281957,-0.0057458175571540124,close,0.013406907633358228,close,0.02298327022861605,close,-1.0,sl_first,-1.0,sl_first
28d,LINK/USDT:USDT,2026-04-12T13:00:00+00:00,15m_fast,SHORT,8.754,9.23010763,7.80178474,0.4761076299999995,0.0183865988453073,0.0128706191917151,0.07351278953458523,close,-0.14072448282334865,close,0.002100365415272691,close,-1.0,sl_first,-1.0,sl_first
28d,LINK/USDT:USDT,2026-04-14T07:30:00+00:00,15m_fast,LONG,9.219,8.67540596,10.30618807,0.5435940399999986,0.0169593470892359,0.0118715429624651,-0.09565962128650222,close,-0.28513925575784416,close,-0.3789592689426839,close,0.16924394535304466,close,0.3182522015877888,close
28d,LINK/USDT:USDT,2026-04-14T14:00:00+00:00,15m_fast,LONG,9.235,8.72346229,10.25807543,0.5115377099999989,0.0180534099822279,0.0126373869875595,-0.29323351351750565,close,-0.38706823784310845,close,-0.18375966847097083,close,0.019548900901166812,close,0.2463161513547095,close
28d,LINK/USDT:USDT,2026-04-15T13:00:00+00:00,1h_continuation,LONG,9.159,8.66640447,10.14419106,0.4925955300000009,0.0185933477715479,0.0130153434400835,0.08323258637770935,close,0.24157750680360326,close,0.3369904716756124,close,0.9155584501548317,close,0.12586391110775869,close
28d,LINK/USDT:USDT,2026-04-16T03:00:00+00:00,15m_fast,LONG,9.277,8.78230817,10.26638366,0.4946918299999989,0.0187530891706863,0.0131271624194804,0.02425752614511641,close,-0.0646867363869747,close,0.3173693003985944,close,0.6670819689906761,close,-0.1475666173827831,close
28d,LINK/USDT:USDT,2026-04-16T12:30:00+00:00,15m_fast,LONG,9.314,8.84669827,10.24860346,0.4673017300000008,0.0199314477179444,0.0139520134025611,0.16263581990163054,close,0.5414060846725298,close,0.47292784471394894,close,0.15193609490810062,close,-0.164775764900335,close
28d,LINK/USDT:USDT,2026-04-16T13:00:00+00:00,aligned_trend,LONG,9.325,8.85769827,10.25960346,0.4673017299999991,0.0199549871129302,0.0139684909790511,0.027819284983173348,close,0.44510855973077734,close,0.609884324631113,close,0.09843746994046275,close,-0.24181378485373844,close
28d,LINK/USDT:USDT,2026-04-16T16:00:00+00:00,15m_fast,LONG,9.453,8.94579125,10.4674175,0.5072087500000002,0.0186372967737642,0.0130461077416349,0.3726276409860831,close,0.2819351992646038,close,0.5796429970894634,close,-0.1458965366823814,close,-0.26616260070434455,close
28d,LINK/USDT:USDT,2026-04-17T07:30:00+00:00,15m_fast,LONG,9.43,8.86809707,10.55380585,0.5619029300000005,0.0167822581028363,0.0117475806719854,0.19754301690507392,close,0.6086460520859007,close,0.3167806937757037,close,-0.5677137152497119,close,-0.024915335465503508,close
28d,LINK/USDT:USDT,2026-04-17T10:00:00+00:00,aligned_trend,LONG,9.554,9.003733,10.654534,0.5502669999999998,0.0173624803958805,0.0121537362771163,0.4197962080226507,close,0.3216620295238487,close,-0.14901856735003327,close,-0.7868907275922415,close,-1.0,sl_first
28d,LINK/USDT:USDT,2026-04-18T20:00:00+00:00,4h_flip,SHORT,9.276,9.81994523,8.18810955,0.5439452300000003,0.0170531875056611,0.0119372312539628,-0.0018384203865515012,close,0.10295154164693959,close,0.18200361826869987,close,-0.07721365623520551,close,-0.014707363092421807,close
28d,LINK/USDT:USDT,2026-04-19T18:00:00+00:00,1h_continuation,SHORT,9.131,9.63862257,8.11575487,0.5076225700000006,0.0179877738690775,0.0125914417083542,0.076828735176215,close,-0.05909902705862611,close,-0.29352516772451426,close,-0.4136931894103898,close,-0.3309545515283118,close
28d,LINK/USDT:USDT,2026-04-20T05:30:00+00:00,15m_fast,SHORT,9.101,9.61242229,8.07815541,0.5114222899999987,0.0177954699627973,0.0124568289739581,-0.2346397533826684,close,-0.28938902917195897,close,-0.48296682571266203,close,-0.8349264557866664,close,-0.30503167939746856,close
28d,LINK/USDT:USDT,2026-04-21T12:00:00+00:00,adaptive_trend_route,LONG,9.409,9.000203724683244,10.226592550633512,0.4087962753167566,0.023016354522089,0.0161114481654623,0.009784824964220017,close,-0.3571461111940719,close,0.2739750989981909,close,-0.3693771423993502,close,-0.16634202439176202,close
28d,LINK/USDT:USDT,2026-04-22T00:00:00+00:00,adaptive_trend_route,LONG,9.392,8.98023599968261,10.215528000634777,0.4117640003173886,0.0228091819410162,0.0159664273587113,0.26957189048688474,close,0.2525718613570821,close,-0.2622861637169644,close,-0.11657162831865228,close,-0.18457174483786287,close
28d,LINK/USDT:USDT,2026-04-23T08:00:00+00:00,adaptive_trend_route,SHORT,9.232,9.595613288780376,8.504773422439246,0.3636132887803764,0.0253896111194554,0.0177727277836187,-0.07150453738148135,close,-0.3107697201579827,close,-0.1485094237923093,close,-0.4537787949209454,close,,insufficient
28d,LINK/USDT:USDT,2026-04-24T20:00:00+00:00,adaptive_trend_route,LONG,9.403,9.067560642003365,10.073878715993278,0.3354393579966377,0.0280318924295528,0.0196223247006869,-0.09539727297093378,close,0.05067980126580692,close,-0.3070599723751921,close,0.22060619374528373,close,,insufficient
28d,LINK/USDT:USDT,2026-04-26T00:00:00+00:00,adaptive_trend_route,LONG,9.342,9.06472222935288,9.89655554129424,0.2772777706471192,0.0336918461880206,0.0235842923316144,-0.0937687862222789,close,0.2704868833334963,close,0.4940893735558532,close,,insufficient,,insufficient
28d,LINK/USDT:USDT,2026-04-26T08:00:00+00:00,adaptive_trend_route,LONG,9.417,9.150138044697126,9.950723910605744,0.2668619553028737,0.0352879075224949,0.0247015352657464,0.17612102087260123,close,0.26230790342727617,close,-0.4309344127733813,close,,insufficient,,insufficient
28d,SOL/USDT:USDT,2026-03-30T08:00:00+00:00,4h_flip,LONG,83.98,79.08685454,93.76629092,4.8931454599999995,0.0171627842839562,0.0120139489987693,0.047004529474991286,close,0.09605273414455145,close,-0.19006179309453983,close,-0.03678615350217012,close,-1.0,sl_first
28d,SOL/USDT:USDT,2026-03-31T12:00:00+00:00,4h_flip,SHORT,80.78,86.23178406,69.87643188,5.451784059999994,0.0148171679419012,0.0103720175593308,-0.009171309694169584,close,-0.3466755064396301,close,-0.4640682705250075,close,-1.0,sl_first,-1.0,sl_first
28d,SOL/USDT:USDT,2026-04-01T14:00:00+00:00,1h_continuation,SHORT,82.64,87.80223151,72.31553699,5.162231509999998,0.016008580754256,0.0112060065279792,-0.33706353475805184,close,0.15884603362161254,close,0.9588876419841165,close,0.5947040527053016,close,0.5404639436637756,close
28d,SOL/USDT:USDT,2026-04-01T21:00:00+00:00,1h_continuation,SHORT,82.54,88.08427104,71.45145791,5.544271039999998,0.014887439557789,0.0104212076904523,0.17675903521484482,close,0.6799811864897592,close,0.6132456323780315,close,0.4310756062892628,close,0.043287926991392035,close
28d,SOL/USDT:USDT,2026-04-01T21:00:00+00:00,aligned_trend,SHORT,82.54,88.08427104,71.45145791,5.544271039999998,0.014887439557789,0.0104212076904523,0.17675903521484482,close,0.6799811864897592,close,0.6132456323780315,close,0.4310756062892628,close,0.043287926991392035,close
28d,SOL/USDT:USDT,2026-04-05T07:00:00+00:00,1h_continuation,SHORT,79.55,82.67568854,73.29862292,3.1256885399999987,0.0254503924437717,0.0178152747106402,-0.07678308216851612,close,0.0959788527106406,close,-1.0,sl_first,-1.0,sl_first,-1.0,sl_first
28d,SOL/USDT:USDT,2026-04-05T12:30:00+00:00,15m_fast,SHORT,79.53,82.55776206,73.47447588,3.0277620600000006,0.0262669253474957,0.018386847743247,-0.006605538877779589,close,-0.09908308316671262,close,-1.0,sl_first,-1.0,sl_first,-1.0,sl_first
28d,SOL/USDT:USDT,2026-04-06T00:00:00+00:00,4h_flip,LONG,81.85,78.44694124,88.65611752,3.4030587599999933,0.0240518914812978,0.0168363240369085,0.06464772297966412,close,-0.023508262901695665,close,-0.5553827110525721,close,-1.0,sl_first,-1.0,sl_first
28d,SOL/USDT:USDT,2026-04-07T08:00:00+00:00,adaptive_trend_route,SHORT,79.81,83.22553426628447,72.97893146743107,3.415534266284467,0.0233667689379735,0.0163567382565814,0.18737917704928023,close,0.28985216449810774,close,-1.0,sl_first,-1.0,sl_first,-1.0,sl_first
28d,SOL/USDT:USDT,2026-04-09T16:00:00+00:00,1h_continuation,LONG,83.69,78.93364407,93.20271186,4.756355929999998,0.0175954031261911,0.0123167821883338,0.09040534525346319,close,-0.0840979955846138,close,0.10722494437038595,close,0.19763028962384616,close,0.07989309580538385,close
28d,SOL/USDT:USDT,2026-04-10T14:00:00+00:00,1h_continuation,LONG,84.22,79.5844567,93.49108661,4.635543299999995,0.0181683126549589,0.0127178188584712,0.12943466626662617,close,0.2092527104643807,close,-0.03451591100443324,close,-0.509109687315401,close,0.21140995490215894,close
28d,SOL/USDT:USDT,2026-04-10T16:00:00+00:00,aligned_trend,LONG,84.2,79.41128122,93.77743756,4.788718779999996,0.0175829911649144,0.0123080938154401,0.2526771889494824,close,0.1211179913972728,close,0.08979437293245959,close,-0.5533839262116803,close,-0.06055899569863789,close
28d,SOL/USDT:USDT,2026-04-10T19:30:00+00:00,15m_fast,LONG,85.18,80.39128122,94.75743756,4.788718780000011,0.0177876388055512,0.0124513471638858,-0.07308844308456296,close,-0.0856178904704882,close,0.12529447385924655,close,-0.6306488517582157,close,-0.3132361846481193,close
28d,SOL/USDT:USDT,2026-04-11T09:30:00+00:00,15m_fast,LONG,84.61,80.32653173,93.17693654,4.28346827,0.0197526851296134,0.0138268795907294,-0.13773885151249257,close,0.04669113610593007,close,-0.576635530908228,close,-0.6233266670141581,close,-0.21477922608727568,close
28d,SOL/USDT:USDT,2026-04-11T13:00:00+00:00,15m_fast,LONG,84.18,79.98606518,92.56786965,4.19393482000001,0.0200718426997393,0.0140502898898175,0.17882967480166947,close,0.2861274796826685,close,-0.5269514417489213,close,-0.4005784715557413,close,0.07868505691273417,close
28d,SOL/USDT:USDT,2026-04-11T16:00:00+00:00,aligned_trend,LONG,84.63,80.50848909,92.87302182,4.121510909999998,0.0205337318881439,0.0143736123217007,0.32997607666165324,close,0.0630836617147291,close,-0.747298761851391,close,-0.48768523094847077,close,0.20623504791353542,close
28d,SOL/USDT:USDT,2026-04-12T04:00:00+00:00,4h_flip,SHORT,82.27,86.88760549,73.03478902,4.6176054900000025,0.0178165935089443,0.012471615456261,0.008662498363408698,close,0.02598749509022917,close,0.08879060822495609,close,-0.8142748461605808,close,-1.0,sl_first
28d,SOL/USDT:USDT,2026-04-12T13:00:00+00:00,15m_fast,SHORT,81.97,86.13992514,73.63014972,4.169925140000004,0.0196574272314154,0.0137601990619908,0.035971868789952795,close,-0.16067434726178348,close,-0.12710060305782866,close,-1.0,sl_first,-1.0,sl_first
28d,SOL/USDT:USDT,2026-04-13T00:00:00+00:00,1h_continuation,SHORT,81.49,85.57194079,73.32611841,4.081940790000004,0.0199635428812772,0.0139744800168941,-0.0906431570262939,close,-0.15433834845017655,close,-1.0,sl_first,-1.0,sl_first,-1.0,sl_first
28d,SOL/USDT:USDT,2026-04-13T09:00:00+00:00,15m_fast,SHORT,81.82,85.78427548,73.89144904,3.964275480000012,0.0206393325622264,0.0144475327935584,-0.17153197436218653,close,-0.3783793552107018,close,-1.0,sl_first,-1.0,sl_first,-1.0,sl_first
28d,SOL/USDT:USDT,2026-04-14T00:00:00+00:00,4h_flip,LONG,86.5,82.0087726,95.48245481,4.4912274,0.0192597684989185,0.013481837949243,-0.10464845311551112,close,-0.14027345843142913,close,-0.6323438443575589,close,-0.36738286732041353,close,0.39410162130735044,close
28d,SOL/USDT:USDT,2026-04-14T09:00:00+00:00,15m_fast,LONG,86.09,81.83756413,94.59487175,4.252435869999999,0.0202448673258886,0.014171407128122,-0.039977087297027654,close,-0.2586752707454725,close,-0.7078296044944249,close,-0.2586752707454725,close,0.17636950278100258,close
28d,SOL/USDT:USDT,2026-04-14T14:00:00+00:00,15m_fast,LONG,87.28,83.12559526,95.58880948,4.154404740000004,0.0210090266746614,0.014706318672263,-0.5006734129616838,close,-0.847293468089003,close,-1.0,sl_first,-1.0,sl_first,-1.0,sl_first
28d,SOL/USDT:USDT,2026-04-15T08:00:00+00:00,4h_flip,SHORT,82.88,87.15370134,74.33259732,4.273701340000002,0.0193930257185449,0.0135751180029814,-0.15443287855019144,close,-0.2480285625200009,close,-0.5311555065286825,close,-1.0,sl_first,-1.0,sl_first
28d,SOL/USDT:USDT,2026-04-16T16:00:00+00:00,4h_flip,LONG,86.57,82.15200924,95.40598153,4.417990759999995,0.0195948802753947,0.0137164161927762,0.7922153282185688,close,0.5568142021193386,close,0.7559997703571493,close,0.02942514076240617,close,-0.18560473403977742,close
28d,SOL/USDT:USDT,2026-04-17T07:30:00+00:00,15m_fast,LONG,88.1,82.97354019,98.35291961,5.12645981,0.0171853488109175,0.0120297441676422,-0.031210622131064087,close,0.32966219625937376,close,0.0643719081453235,close,-0.6983376701825734,close,-1.0,sl_first
28d,SOL/USDT:USDT,2026-04-17T10:00:00+00:00,aligned_trend,LONG,88.65,83.64543018,98.65913964,5.00456982,0.0177138102151605,0.0123996671506123,0.287737018723419,close,0.20980824281915944,close,-0.21780093778370013,close,-0.8192512338652932,close,-1.0,sl_first
28d,SOL/USDT:USDT,2026-04-17T13:00:00+00:00,15m_fast,LONG,88.82,83.69718517,99.06562967,5.122814829999996,0.0173381242436982,0.0121366869705887,0.3064721353592257,close,0.025376673628472683,close,-0.386506259879784,close,-0.601231959813,close,-1.0,sl_first
28d,SOL/USDT:USDT,2026-04-17T13:00:00+00:00,aligned_trend,LONG,88.82,83.69718517,99.06562967,5.122814829999996,0.0173381242436982,0.0121366869705887,0.3064721353592257,close,0.025376673628472683,close,-0.386506259879784,close,-0.601231959813,close,-1.0,sl_first
28d,SOL/USDT:USDT,2026-04-19T04:00:00+00:00,4h_flip,SHORT,85.55,89.88044004,76.88911993,4.330440039999999,0.0197554981040679,0.0138288486728475,0.16857409253032957,close,0.002309234144248977,close,0.23554188271360899,close,0.0946785999142934,close,-0.06927702432753167,close
28d,SOL/USDT:USDT,2026-04-19T21:00:00+00:00,1h_continuation,SHORT,84.9,89.30706471,76.08587058,4.40706471,0.0192645231206509,0.0134851661844556,0.22010114755042906,close,0.0839561078285153,close,-0.22917748353188824,close,-0.10664694778216652,close,-0.2859045834160195,close
28d,SOL/USDT:USDT,2026-04-20T05:30:00+00:00,15m_fast,SHORT,83.86,88.44609151,74.68781698,4.586091510000003,0.0182857232170668,0.0128000062519467,-0.22459211678486557,close,-0.28346577846633425,close,-0.39031057188826246,close,-0.9049099851040703,close,-1.0,sl_first
28d,SOL/USDT:USDT,2026-04-21T20:00:00+00:00,adaptive_trend_route,SHORT,84.53,88.06747537497897,77.45504925004207,3.5374753749789676,0.0238955727007718,0.0167269008905402,-0.41555059588471027,close,-0.7576024469190621,close,-1.0,sl_first,-1.0,sl_first,-1.0,sl_first
28d,SOL/USDT:USDT,2026-04-22T04:00:00+00:00,adaptive_trend_route,LONG,87.21,83.53878398790079,94.55243202419842,3.671216012099208,0.0237550718106977,0.0166285502674884,0.22608312811465892,close,0.2941804558600371,close,-0.4058600733624525,close,-0.43037511135078954,close,-0.1688813728085352,close
28d,SOL/USDT:USDT,2026-04-23T20:00:00+00:00,adaptive_trend_route,SHORT,85.24,88.63908803182346,78.44182393635306,3.3990880318234673,0.0250773146214375,0.0175541202350062,-0.24712510889262815,close,-0.11473665770014847,close,-0.30890638611578725,close,-0.11179469211809608,close,,insufficient
28d,SOL/USDT:USDT,2026-04-25T04:00:00+00:00,adaptive_trend_route,LONG,86.42,83.52121088290085,92.2175782341983,2.898789117099156,0.0298124480633076,0.0208687136443153,-0.03794687904378412,close,-0.04139659532049355,close,-0.16558638128196929,close,0.43811396714187206,close,,insufficient
28d,SOL/USDT:USDT,2026-04-26T08:00:00+00:00,adaptive_trend_route,LONG,86.59,84.19950375016744,91.37099249966516,2.390496249832566,0.0362226044094672,0.025355823086627,-0.05438201378024127,close,-0.03764908646324258,close,-0.5772859924363684,close,,insufficient,,insufficient
28d,SUI/USDT:USDT,2026-03-30T08:00:00+00:00,4h_flip,LONG,0.882,0.82393232,0.99813537,0.0580676799999999,0.015189172358875,0.0106324206512125,0.058552365102238706,close,-0.013777027082880257,close,-0.18082348046279742,close,0.2669298997307966,close,-0.07749577734120025,close
28d,SUI/USDT:USDT,2026-03-31T02:00:00+00:00,1h_continuation,LONG,0.8797,0.82261036,0.99387928,0.05708964,0.0154091004952912,0.0107863703467038,-0.09633972118233818,close,-0.4273980357907335,close,-0.08582993341699152,close,-0.18917617977622617,close,-0.17165986683398304,close
28d,SUI/USDT:USDT,2026-03-31T17:00:00+00:00,1h_continuation,LONG,0.8748,0.81693961,0.99052079,0.0578603899999999,0.0151191514609562,0.0105834060226693,0.10024128769266916,close,0.12616575864766874,close,0.5219460152273439,close,-0.23332023859500586,close,-0.11752426832933618,close
28d,SUI/USDT:USDT,2026-04-01T05:00:00+00:00,15m_fast,LONG,0.8815,0.82422209,0.99605582,0.0572779099999999,0.0153898771795269,0.0107729140256688,0.2828315488466694,close,0.22347184106403423,close,-0.4434519346114414,close,-0.25315169495534984,close,-0.5080492636690123,close
28d,SUI/USDT:USDT,2026-04-01T13:00:00+00:00,15m_fast,LONG,0.8943,0.83592619,1.01104762,0.0583738099999999,0.0153202266564406,0.0107241586595084,0.18330138121873596,close,-0.07366317189164075,close,-0.7828853384762797,close,-0.3734551505204126,close,-0.8137210848495253,close
28d,SUI/USDT:USDT,2026-04-01T16:00:00+00:00,15m_fast,LONG,0.9009,0.84303146,1.01663708,0.05786854,0.0155680443985626,0.0108976310789938,-0.10022717006511703,close,-0.3335145486649565,close,-1.0,sl_first,-1.0,sl_first,-1.0,sl_first
28d,SUI/USDT:USDT,2026-04-02T04:00:00+00:00,4h_flip,SHORT,0.8583,0.92058997,0.73372006,0.06228997,0.0137791044047701,0.009645373083339,-0.07866434997480358,close,0.13324777648793176,close,-0.10274527343647898,close,-0.1781988336163912,close,-0.4398782018999221,close
28d,SUI/USDT:USDT,2026-04-02T18:00:00+00:00,15m_fast,SHORT,0.8526,0.90409237,0.74961527,0.0514923699999999,0.0165577929312634,0.0115904550518843,-0.19226149427575462,close,-0.13788450599574284,close,-0.4369579415358044,close,-0.33208803556721195,close,-1.0,sl_first
28d,SUI/USDT:USDT,2026-04-04T04:00:00+00:00,adaptive_trend_route,SHORT,0.8694,0.910078671962246,0.788042656075508,0.0406786719622459,0.0213723791378168,0.0149606653964717,-0.04179094149331655,close,-0.04916581352154792,close,0.1327476965081783,close,-0.4228259962853143,close,-1.0,sl_first
28d,SUI/USDT:USDT,2026-04-05T22:30:00+00:00,15m_fast,SHORT,0.8454,0.88664509,0.76290981,0.0412450899999999,0.020496985216907,0.0143478896518349,-1.0,sl_first,-1.0,sl_first,-1.0,sl_first,-1.0,sl_first,-1.0,sl_first
28d,SUI/USDT:USDT,2026-04-06T04:00:00+00:00,4h_flip,LONG,0.8866,0.83878714,0.98222572,0.04781286,0.0185431283550073,0.0129801898485051,-0.018823387682728284,close,0.37646775365455876,close,-0.29908271540334735,close,1.5079625021385448,close,0.8533269082836699,close
28d,SUI/USDT:USDT,2026-04-07T10:00:00+00:00,1h_continuation,LONG,0.8831,0.83052759,0.98824482,0.05257241,0.016797784237017,0.0117584489659119,-0.3195592517063615,close,-0.1464646570320828,close,1.2230749931380362,close,0.5820543513222993,close,0.924439263864829,close
28d,SUI/USDT:USDT,2026-04-07T20:00:00+00:00,1h_continuation,LONG,0.8909,0.83576458,1.00117084,0.05513542,0.0161583969071061,0.0113108778349743,1.2423955417406816,close,1.2296995289053747,close,0.5604382808728025,close,0.8941620468294249,close,0.908671775784059,close
28d,SUI/USDT:USDT,2026-04-08T13:30:00+00:00,15m_fast,LONG,0.9499,0.8819333,1.0858334,0.0679666999999999,0.0139759617577431,0.0097831732304202,-0.30897483620655486,close,-0.32368792364496224,close,-0.598822658743179,close,-0.19127013669929585,close,-0.6620889347283302,close
28d,SUI/USDT:USDT,2026-04-09T04:00:00+00:00,4h_flip,SHORT,0.9084,0.97513621,0.77492758,0.0667362099999999,0.0136118008499433,0.0095282605949603,0.0,close,0.02847030120529793,close,-0.304182691825023,close,-0.41956233355175654,close,0.11088433101010642,close
28d,SUI/USDT:USDT,2026-04-10T08:00:00+00:00,15m_fast,SHORT,0.9274,0.99356608,0.79506783,0.06616608,0.0140162451818212,0.0098113716272748,-0.10126034366853891,close,-0.2659973206815327,close,-0.08010146588705226,close,0.23123630718337826,close,-0.30680372783154125,close
28d,SUI/USDT:USDT,2026-04-10T08:00:00+00:00,1h_continuation,SHORT,0.9274,0.99356608,0.79506783,0.06616608,0.0140162451818212,0.0098113716272748,-0.10126034366853891,close,-0.2659973206815327,close,-0.08010146588705226,close,0.23123630718337826,close,-0.30680372783154125,close
28d,SUI/USDT:USDT,2026-04-10T20:00:00+00:00,4h_flip,LONG,0.9585,0.89405103,1.08739795,0.06444897,0.0148722314724346,0.0104105620307042,-0.2296390462097383,close,-0.34290695413751393,close,0.05585814637534063,close,-0.8130463527966391,close,-0.41117802192959746,close
28d,SUI/USDT:USDT,2026-04-11T17:00:00+00:00,1h_continuation,LONG,0.946,0.89178734,1.05442531,0.0542126599999999,0.0174497986263725,0.0122148590384607,0.11989819352158838,close,-0.10145231759518827,close,-0.8060847779835936,close,-0.4925048872348266,close,0.3467824674162838,close
28d,SUI/USDT:USDT,2026-04-11T17:00:00+00:00,aligned_trend,LONG,0.946,0.89178734,1.05442531,0.0542126599999999,0.0174497986263725,0.0122148590384607,0.11989819352158838,close,-0.10145231759518827,close,-0.8060847779835936,close,-0.4925048872348266,close,0.3467824674162838,close
28d,SUI/USDT:USDT,2026-04-12T04:00:00+00:00,4h_flip,SHORT,0.9119,0.97392679,0.78784643,0.06202679,0.0147017119538186,0.010291198367673,-0.003224413193073154,close,0.02257089235151566,close,0.0935079825991322,close,-0.5949042341220614,close,-1.0,sl_first
28d,SUI/USDT:USDT,2026-04-12T14:00:00+00:00,15m_fast,SHORT,0.9009,0.95803585,0.7866283,0.0571358499999999,0.0157676835121906,0.0110373784585334,-0.15401888656596402,close,-0.14526781346562603,close,-0.3220394900924727,close,-1.0,sl_first,-1.0,sl_first
28d,SUI/USDT:USDT,2026-04-12T22:30:00+00:00,15m_fast,SHORT,0.902,0.95723908,0.79152185,0.0552390799999999,0.0163290192378294,0.0114303134664806,-0.11586000346131711,close,-0.1194806285694829,close,-1.0,sl_first,-1.0,sl_first,-1.0,sl_first
28d,SUI/USDT:USDT,2026-04-13T05:00:00+00:00,15m_fast,SHORT,0.9022,0.95533982,0.79592037,0.0531398199999999,0.0169778520138005,0.0118844964096604,0.03387290359658778,close,-0.1223188185432311,close,-1.0,sl_first,-1.0,sl_first,-1.0,sl_first
28d,SUI/USDT:USDT,2026-04-13T07:30:00+00:00,15m_fast,SHORT,0.9023,0.95543982,0.79602037,0.05313982,0.0169797338417781,0.0118858136892447,-0.0037636559551759486,close,-0.2465194650640518,close,-1.0,sl_first,-1.0,sl_first,-1.0,sl_first
28d,SUI/USDT:USDT,2026-04-13T20:00:00+00:00,4h_flip,LONG,0.9353,0.88109254,1.04371492,0.0542074599999999,0.0172540827406412,0.0120778579184488,0.4445882540890138,close,0.24904321287143838,close,-0.0737905815915376,close,0.5940141818118773,close,1.123461604731158,close
28d,SUI/USDT:USDT,2026-04-14T09:00:00+00:00,15m_fast,LONG,0.9491,0.89334829,1.06060341,0.05575171,0.0170236930849295,0.0119165851594507,-0.0968580156554852,close,-0.15963635913589053,close,-0.19371603131096843,close,0.40716239914434804,close,0.3407967217507751,close
28d,SUI/USDT:USDT,2026-04-14T14:00:00+00:00,15m_fast,LONG,0.9599,0.90560199,1.06849603,0.05429801,0.0176783642715451,0.0123748549900815,-0.33518723798533306,close,-0.5119892975819912,close,-0.24678620818700295,close,0.14917673778468116,close,-0.003683376241596662,close
28d,SUI/USDT:USDT,2026-04-15T13:00:00+00:00,1h_continuation,LONG,0.9501,0.89621979,1.05786042,0.0538802099999999,0.0176335615618424,0.0123434930932897,0.018559690097718674,close,0.2728274444364651,close,0.49183178758954593,close,1.1080134988338055,close,0.011135814058632029,close
28d,SUI/USDT:USDT,2026-04-15T13:00:00+00:00,aligned_trend,LONG,0.9501,0.89621979,1.05786042,0.0538802099999999,0.0176335615618424,0.0123434930932897,0.018559690097718674,close,0.2728274444364651,close,0.49183178758954593,close,1.1080134988338055,close,0.011135814058632029,close
28d,SUI/USDT:USDT,2026-04-15T17:00:00+00:00,aligned_trend,LONG,0.9511,0.89821838,1.05686325,0.0528816199999999,0.0179854550598109,0.0125898185418676,0.2590692191351186,close,0.14749926344919168,close,0.4330427093572412,close,1.5657614119991077,close,-0.2590692191351165,close
28d,SUI/USDT:USDT,2026-04-16T02:30:00+00:00,15m_fast,LONG,0.9656,0.91012911,1.07654178,0.05547089,0.017407328420366,0.0121851298942562,0.16945825098533598,close,0.014421978807263106,close,0.30646704965433247,close,0.5660626681850603,close,-0.6111313519577573,close
28d,SUI/USDT:USDT,2026-04-16T07:00:00+00:00,15m_fast,LONG,0.9818,0.92504132,1.09531737,0.05675868,0.0172977948042484,0.0121084563629738,-0.2589912238973853,close,-0.2766096745026496,close,0.0017618450605262311,close,0.31713211089475685,close,-1.0,sl_first
28d,SUI/USDT:USDT,2026-04-16T13:00:00+00:00,15m_fast,LONG,0.9766,0.91779379,1.09421242,0.0588062099999999,0.0166070896253984,0.0116249627377788,-0.044213017638784255,close,0.24487209769172325,close,0.5645662252336966,close,-0.1445425576652547,close,-1.0,sl_first
28d,SUI/USDT:USDT,2026-04-16T13:00:00+00:00,aligned_trend,LONG,0.9766,0.91779379,1.09421242,0.0588062099999999,0.0166070896253984,0.0116249627377788,-0.044213017638784255,close,0.24487209769172325,close,0.5645662252336966,close,-0.1445425576652547,close,-1.0,sl_first
28d,SUI/USDT:USDT,2026-04-16T16:00:00+00:00,15m_fast,LONG,0.985,0.92115852,1.11268296,0.06384148,0.0154288403088399,0.0108001882161879,0.28351473054822846,close,0.23339057929108195,close,0.6187199920803838,close,-0.2960457683625133,close,-1.0,sl_first
28d,SUI/USDT:USDT,2026-04-17T08:00:00+00:00,15m_fast,LONG,0.9924,0.92430551,1.12858899,0.0680944899999999,0.0145738664024064,0.0102017064816845,0.10867252254918253,close,0.4714037802471252,close,0.17916280744594765,close,-0.7063713965696783,close,-1.0,sl_first
28d,SUI/USDT:USDT,2026-04-17T08:00:00+00:00,aligned_trend,LONG,0.9924,0.92430551,1.12858899,0.0680944899999999,0.0145738664024064,0.0102017064816845,0.10867252254918253,close,0.4714037802471252,close,0.17916280744594765,close,-0.7063713965696783,close,-1.0,sl_first
28d,SUI/USDT:USDT,2026-04-17T12:00:00+00:00,15m_fast,LONG,0.9998,0.93166226,1.13607549,0.06813774,0.0146732192761309,0.0102712534932916,0.3625010163236988,close,0.20106331674634417,close,-0.5679671794221538,close,-0.6751031073234898,close,-1.0,sl_first
28d,SUI/USDT:USDT,2026-04-18T12:00:00+00:00,4h_flip,SHORT,0.9611,1.03537708,0.81254584,0.07427708,0.0129393885704715,0.00905757199933,-0.06731551644194958,close,0.08751017137453372,close,0.09828065400524595,close,0.2611842037947638,close,-0.11982161926667041,close
28d,SUI/USDT:USDT,2026-04-19T18:00:00+00:00,1h_continuation,SHORT,0.9381,1.00259292,0.80911417,0.06449292,0.0145457826998684,0.0101820478899079,0.08528067887141814,close,0.0620223119064853,close,-0.11784239262232103,close,0.0031011155953256423,close,-0.04496617613220029,close
28d,SUI/USDT:USDT,2026-04-20T05:30:00+00:00,15m_fast,SHORT,0.9301,0.99639936,0.79750129,0.0662993599999999,0.0140287930381228,0.009820155126686,-0.1659141204379654,close,-0.2051301852687562,close,-0.2564127315859465,close,-0.6530983104512633,close,-0.14932270839416736,close
28d,SUI/USDT:USDT,2026-04-21T20:00:00+00:00,adaptive_trend_route,SHORT,0.9291,0.9775209180736188,0.8322581638527625,0.0484209180736188,0.019187988104385,0.0134315916730695,-0.41097940294614216,close,-0.6691322942439726,close,-0.5906538152894321,close,-0.09293504086721739,close,-0.1858700817344371,close
28d,SUI/USDT:USDT,2026-04-22T12:00:00+00:00,adaptive_trend_route,LONG,0.9705,0.9228711060209124,1.065757787958175,0.0476288939790875,0.0203762867226376,0.0142634007058463,-0.010497829326450282,close,-0.2687444307570978,close,-0.6844584720844833,close,-1.0,sl_first,-1.0,sl_first
28d,SUI/USDT:USDT,2026-04-23T04:00:00+00:00,adaptive_trend_route,SHORT,0.9323,0.9786850242330468,0.8395299515339067,0.0463850242330466,0.0200991594898378,0.0140694116428865,-0.1379755665933303,close,-0.12072862076916342,close,-0.22636616394218292,close,-0.39236801749978534,close,0.1767811946977052,close
28d,SUI/USDT:USDT,2026-04-25T16:00:00+00:00,adaptive_trend_route,SHORT,0.9404,0.9765771173198484,0.8680457653603032,0.0361771173198484,0.0259943320438097,0.0181960324306668,0.21837007990865323,close,0.06357609921391069,close,-0.16308651537481705,close,,insufficient,,insufficient
28d,SUI/USDT:USDT,2026-04-27T04:00:00+00:00,adaptive_trend_route,LONG,0.9563,0.9231655524935972,1.0225688950128056,0.0331344475064028,0.0288612025239052,0.0202028417667336,-0.9717983072987041,close,,insufficient,,insufficient,,insufficient,,insufficient
28d,XRP/USDT:USDT,2026-03-30T07:30:00+00:00,4h_flip,LONG,1.3502,1.28915069,1.47229863,0.06104931,0.0221165480821978,0.0154815836575384,0.013104161210010594,close,-0.13923171285638075,close,-0.5749450730892803,close,0.14905983376388507,close,-1.0,sl_first
28d,XRP/USDT:USDT,2026-03-31T12:00:00+00:00,4h_flip,SHORT,1.314,1.3758299,1.1903402,0.0618298999999999,0.0212518538765225,0.0148762977135657,-0.009704042865990966,close,-0.49005416473259766,close,-0.640466829155472,close,0.24098373117213773,close,0.033964150030971973,close
28d,XRP/USDT:USDT,2026-04-01T08:00:00+00:00,4h_flip,LONG,1.356,1.28920665,1.4895867,0.0667933500000002,0.0203014222224217,0.0142109955556952,-0.035931720747651864,close,0.013474395280366957,close,-0.588381927242757,close,-1.0,sl_first,-1.0,sl_first
28d,XRP/USDT:USDT,2026-04-01T17:00:00+00:00,15m_fast,LONG,1.3581,1.29512614,1.48404772,0.06297386,0.0215660910733437,0.0150962637513406,-0.16355992788118712,close,-0.030171248832452268,close,-1.0,sl_first,-1.0,sl_first,-1.0,sl_first
28d,XRP/USDT:USDT,2026-04-01T22:00:00+00:00,15m_fast,LONG,1.3544,1.30167023,1.45985954,0.05272977,0.0256856800247753,0.0179799760173427,-0.5101482521164068,close,-0.7604812234151604,close,-1.0,sl_first,-1.0,sl_first,-1.0,sl_first
28d,XRP/USDT:USDT,2026-04-02T04:00:00+00:00,4h_flip,SHORT,1.312,1.38042958,1.17514084,0.0684295799999998,0.0191729950702605,0.0134210965491824,-0.06868374758401177,close,0.1885149667731436,close,-0.13152206984172524,close,-0.0482247589419644,close,-0.4632499571091907,close
28d,XRP/USDT:USDT,2026-04-04T04:00:00+00:00,adaptive_trend_route,SHORT,1.3153,1.3607749616552014,1.2243500766895972,0.0454749616552014,0.0289236087755899,0.0202465261429129,0.002199012299520016,close,0.0879604919808104,close,0.06157234438656533,close,-0.4947777673920622,close,-1.0,sl_first
28d,XRP/USDT:USDT,2026-04-06T00:00:00+00:00,4h_flip,LONG,1.3259,1.28381519,1.41006963,0.0420848099999999,0.0315054291560304,0.0220538004092212,0.2827623553486412,close,0.42295545589964306,close,-0.13544079205775317,close,1.2379763624927838,close,0.3492946742542017,close
28d,XRP/USDT:USDT,2026-04-06T08:00:00+00:00,adaptive_trend_route,LONG,1.3437,1.3016383499477595,1.4278233001044804,0.0420616500522403,0.0319459649902257,0.022362175493158,0.1307604431392752,close,0.14502521875447244,close,-0.7560331076052516,close,-1.0,sl_first,-1.0,sl_first
28d,XRP/USDT:USDT,2026-04-09T04:00:00+00:00,4h_flip,SHORT,1.3304,1.39816481,1.19487038,0.0677648099999999,0.0196326087242036,0.0137428261069425,-0.010329845239733189,close,0.023611074833679135,close,-0.1505206020647,close,-0.28628428235835257,close,0.08263876191787534,close
28d,XRP/USDT:USDT,2026-04-11T07:00:00+00:00,1h_continuation,SHORT,1.3455,1.40120962,1.23408076,0.05570962,0.0241520225770701,0.0169064158039491,-0.01256515481527508,close,0.07180088465869994,close,0.30156371556653816,close,0.20642754339375935,close,-0.18309225587968445,close
28d,XRP/USDT:USDT,2026-04-12T02:00:00+00:00,1h_continuation,SHORT,1.3286,1.38216507,1.22146986,0.0535650700000001,0.0248034773407371,0.0173624341385159,-0.018668882538562685,close,-0.018668882538562685,close,-0.0560066476156922,close,-1.0,sl_first,-1.0,sl_first
28d,XRP/USDT:USDT,2026-04-12T13:30:00+00:00,15m_fast,SHORT,1.3295,1.37232898,1.24384205,0.0428289800000001,0.0310420654426044,0.021729445809823,0.032688147137752116,close,-0.14009205916181033,close,-0.037357882443150456,close,-1.0,sl_first,-1.0,sl_first
28d,XRP/USDT:USDT,2026-04-12T16:00:00+00:00,adaptive_trend_route,SHORT,1.3231,1.3656733362188282,1.2379533275623436,0.0425733362188283,0.0310781375741667,0.0217546963019166,-0.16677105039421578,close,-0.018791104269773658,close,-0.2513310196081842,close,-1.0,sl_first,-1.0,sl_first
28d,XRP/USDT:USDT,2026-04-14T13:30:00+00:00,15m_fast,LONG,1.3728,1.3191054,1.48018919,0.0536946,0.0255668167748711,0.0178967717424098,-0.05028438613938691,close,-0.27190816208706176,close,-0.11546784965340989,close,1.0373482622088641,close,2.0,tp_first
28d,XRP/USDT:USDT,2026-04-15T15:00:00+00:00,1h_continuation,LONG,1.3759,1.3228038,1.4820924,0.0530961999999999,0.0259133421977467,0.0181393395384227,0.19210414304602266,close,0.3333571894033864,close,0.6346970216324356,close,2.0,tp_first,2.0,tp_first
28d,XRP/USDT:USDT,2026-04-15T15:00:00+00:00,aligned_trend,LONG,1.3759,1.3228038,1.4820924,0.0530961999999999,0.0259133421977467,0.0181393395384227,0.19210414304602266,close,0.3333571894033864,close,0.6346970216324356,close,2.0,tp_first,2.0,tp_first
28d,XRP/USDT:USDT,2026-04-15T22:30:00+00:00,15m_fast,LONG,1.3949,1.33662828,1.51144345,0.05827172,0.0239378552752518,0.0167564986926763,0.10983029160628795,close,0.1956352069237029,close,0.9730277396994627,close,1.4724123468468044,close,0.16131324079673767,close
28d,XRP/USDT:USDT,2026-04-16T12:30:00+00:00,15m_fast,LONG,1.4164,1.35654712,1.53610575,0.05985288,0.0236646924926586,0.016565284744861,0.2706636673122495,close,0.6482561908466217,close,0.5145951205689674,close,0.268992903933779,close,0.1486979406838887,close
28d,XRP/USDT:USDT,2026-04-16T15:30:00+00:00,15m_fast,LONG,1.4155,1.35564712,1.53520575,0.05985288,0.0236496556222524,0.0165547589355767,0.6114993965202672,close,0.5830964190862651,close,1.2798047479085384,close,0.3742509967774312,close,0.22054076595813102,close
28d,XRP/USDT:USDT,2026-04-17T08:00:00+00:00,15m_fast,LONG,1.4366,1.36564518,1.57850964,0.07095482,0.0202466865534997,0.0141726805874498,0.13952540503942928,close,0.6877615925176042,close,0.5172305419138539,close,-0.2452264694632455,close,0.033824340615619314,close
28d,XRP/USDT:USDT,2026-04-17T09:00:00+00:00,aligned_trend,LONG,1.446,1.37504518,1.58790964,0.0709548199999998,0.020379165220911,0.0142654156546377,0.17053105060375087,close,0.7173578905562736,close,0.09301693669295417,close,-0.30864710811753304,close,-0.2029460436937196,close
28d,XRP/USDT:USDT,2026-04-17T13:00:00+00:00,15m_fast,LONG,1.4581,1.38649195,1.6013161,0.07160805,0.02036223581008,0.014253565067056,0.5418385223449032,close,0.319796447466453,close,-0.3197964474664499,close,-0.3784490710192485,close,-0.4231367842023347,close
28d,XRP/USDT:USDT,2026-04-17T13:00:00+00:00,aligned_trend,LONG,1.4581,1.38649195,1.6013161,0.07160805,0.02036223581008,0.014253565067056,0.5418385223449032,close,0.319796447466453,close,-0.3197964474664499,close,-0.3784490710192485,close,-0.4231367842023347,close
28d,XRP/USDT:USDT,2026-04-19T08:00:00+00:00,4h_flip,SHORT,1.4192,1.49052993,1.27654014,0.0713299299999998,0.0198962763597272,0.0139273934518091,-0.13598779642711087,close,-0.15982070920299665,close,0.0672929301907338,close,-0.27197559285422174,close,0.050469697643051904,close
28d,XRP/USDT:USDT,2026-04-19T16:00:00+00:00,15m_fast,SHORT,1.4306,1.50152479,1.28875043,0.0709247899999998,0.0201706624721765,0.0141194637305235,0.19598225105777634,close,0.5230893175714759,close,-0.018329275278782788,close,-0.015509386774354665,close,0.02537899653985622,close
28d,XRP/USDT:USDT,2026-04-20T05:30:00+00:00,15m_fast,SHORT,1.3995,1.47016004,1.25817991,0.0706600399999999,0.0198061025722601,0.013864271800582,-0.2193601928331783,close,-0.3453154003309369,close,-0.44155083976742954,close,-0.8349839598166097,close,-0.35946767083630476,close
28d,XRP/USDT:USDT,2026-04-21T18:00:00+00:00,1h_continuation,SHORT,1.4236,1.48703705,1.2967259,0.0634370500000001,0.0224411444100883,0.0157088010870618,0.028374585514301512,close,-0.07881829309528277,close,-0.3925150996144978,close,-0.17340024480961996,close,0.025221853790490623,close
28d,XRP/USDT:USDT,2026-04-22T08:00:00+00:00,4h_flip,LONG,1.4537,1.40011152,1.56087695,0.0535884799999999,0.0271270989585821,0.0189889692710075,-0.0037321454163278815,close,0.0391875268714469,close,-0.6251343572349907,close,-0.40493777767162076,close,-0.44972352266755944,close
28d,XRP/USDT:USDT,2026-04-23T12:00:00+00:00,adaptive_trend_route,SHORT,1.4156,1.4623194743010517,1.3221610513978963,0.0467194743010517,0.0302999984734017,0.0212099989313812,-0.32748656162973294,close,-0.28253742571977003,close,-0.47303614457627824,close,-0.30608221119641477,close,,insufficient
28d,XRP/USDT:USDT,2026-04-24T08:00:00+00:00,adaptive_trend_route,LONG,1.432,1.3874129073420665,1.521174185315867,0.0445870926579334,0.032116918027962,0.0224818426195734,0.12783968768113513,close,0.3386630322780951,close,0.011214007691331311,close,-0.08298365691582482,close,,insufficient
28d,XRP/USDT:USDT,2026-04-27T04:00:00+00:00,adaptive_trend_route,LONG,1.4419,1.4079750689465178,1.5097498621069645,0.0339249310534821,0.0425026655979599,0.0297518659185719,-0.8430378223882762,close,,insufficient,,insufficient,,insufficient,,insufficient
60d,ADA/USDT:USDT,2026-02-27T06:00:00+00:00,1h_continuation,LONG,0.2949,0.27140568,0.34188864,0.02349432,0.01255197000807,0.008786379005649,-0.18727930836048948,close,-0.48096731465307263,close,-0.8257314959530633,close,-1.0,sl_first,-1.0,sl_first
60d,ADA/USDT:USDT,2026-02-27T06:00:00+00:00,aligned_trend,LONG,0.2949,0.27140568,0.34188864,0.02349432,0.01255197000807,0.008786379005649,-0.18727930836048948,close,-0.48096731465307263,close,-0.8257314959530633,close,-1.0,sl_first,-1.0,sl_first
60d,ADA/USDT:USDT,2026-02-27T12:00:00+00:00,4h_flip,SHORT,0.2817,0.30605071,0.23299857,0.0243507099999999,0.0115684511868442,0.0080979158307909,0.053386533698607914,close,0.25871935561632714,close,0.7884780361640409,close,0.1642662575341754,close,0.6858116252051814,close
60d,ADA/USDT:USDT,2026-03-01T00:00:00+00:00,4h_flip,LONG,0.2808,0.2553724,0.3316552,0.0254275999999999,0.0110431185011562,0.0077301829508093,0.23989680504648564,close,0.07472195567021742,close,-0.29102235366295076,close,-0.1573093803583515,close,-0.2713586811181568,close
60d,ADA/USDT:USDT,2026-03-02T12:00:00+00:00,adaptive_trend_route,SHORT,0.2718,0.2928744808290273,0.2296510383419454,0.0210744808290272,0.0128971148663188,0.0090279804064232,-0.5883893463662804,close,-0.4080764821572581,close,0.3463905022962761,close,0.1565874873394116,close,0.7307416075839261,close
60d,ADA/USDT:USDT,2026-03-03T00:00:00+00:00,adaptive_trend_route,SHORT,0.2768,0.299225978273095,0.2319480434538098,0.022425978273095,0.0123428283319119,0.0086399798323383,0.15606899986160422,close,0.37010648538608854,close,0.6465715708552175,close,0.02675468569056023,close,0.811558799280341,close
60d,ADA/USDT:USDT,2026-03-05T04:00:00+00:00,adaptive_trend_route,LONG,0.2739,0.2530963176891575,0.3155073646216848,0.0208036823108424,0.0131659384097232,0.0092161568868062,-0.09613682665004203,close,0.0,close,-0.16823944663757356,close,-0.73544672387282,close,-1.0,sl_first
60d,ADA/USDT:USDT,2026-03-06T00:00:00+00:00,adaptive_trend_route,SHORT,0.2689,0.2883597565676496,0.2299804868647006,0.0194597565676496,0.0138182612441835,0.0096727828709285,-0.07708215643836162,close,-0.12333145030137915,close,0.5138810429224079,close,0.7502663226667163,close,0.5292974742100814,close
60d,ADA/USDT:USDT,2026-03-07T00:00:00+00:00,adaptive_trend_route,SHORT,0.2589,0.2768887914924028,0.2229224170151944,0.0179887914924027,0.0143922953417599,0.0100746067392319,0.01667705138095147,close,0.03891311988888573,close,0.2557147878412363,close,0.5503426955713584,close,-0.03335410276189985,close
60d,ADA/USDT:USDT,2026-03-08T16:00:00+00:00,1h_continuation,SHORT,0.2494,0.26690736,0.21438527,0.0175073599999999,0.0142454373474927,0.0099718061432449,-0.20562780453477925,close,0.0228475338371984,close,-0.3598486579358629,close,-1.0,sl_first,-1.0,sl_first
60d,ADA/USDT:USDT,2026-03-08T22:30:00+00:00,15m_fast,SHORT,0.2489,0.26642112,0.21385775,0.01752112,0.0142057128768023,0.0099439990137616,-0.01712219310181054,close,-0.4280548275452714,close,-0.48512880455130764,close,-1.0,sl_first,-1.0,sl_first
60d,ADA/USDT:USDT,2026-03-10T12:00:00+00:00,4h_flip,LONG,0.2641,0.24501397,0.30227207,0.01908603,0.0138373459540826,0.0096861421678578,0.37199983443387624,close,-0.09430981718042064,close,-0.29340832011686,close,-0.11526755433162264,close,-0.18861963436083837,close
60d,ADA/USDT:USDT,2026-03-11T15:00:00+00:00,1h_continuation,LONG,0.2636,0.2442362,0.30232761,0.0193638,0.0136130305002117,0.0095291213501482,0.1342711657835751,close,0.010328551214120057,close,-0.20657102428242408,close,0.5009347338848773,close,-0.05680703167766605,close
60d,ADA/USDT:USDT,2026-03-11T17:30:00+00:00,15m_fast,LONG,0.2655,0.2453979,0.30570421,0.0201021,0.0132075753279508,0.0092453027295655,-0.09451748822262414,close,-0.223857208948319,close,-0.1691365578720638,close,0.20395879037513456,close,-0.05969525571955339,close
60d,ADA/USDT:USDT,2026-03-13T00:00:00+00:00,1h_continuation,LONG,0.2634,0.24640227,0.29739545,0.01699773,0.0154961868437726,0.0108473307906408,0.48241735808251957,close,0.4706510810561147,close,0.11766277026402948,close,-0.011766277026404908,close,1.3119398884439268,close
60d,ADA/USDT:USDT,2026-03-14T08:00:00+00:00,4h_flip,SHORT,0.2615,0.27951357,0.22547286,0.0180135699999999,0.0145168336981509,0.0101617835887056,0.04441096351250903,close,0.05551370439063476,close,-0.17209248361096713,close,-1.0,sl_first,-1.0,sl_first
60d,ADA/USDT:USDT,2026-03-16T00:00:00+00:00,4h_flip,LONG,0.2701,0.25455662,0.30118676,0.0155433799999999,0.0173771727899594,0.0121640209529716,0.4632197115427938,close,1.2802878138474452,close,1.2995886351617296,close,1.203084528590314,close,-0.025734428419044893,close
60d,ADA/USDT:USDT,2026-03-16T19:30:00+00:00,15m_fast,LONG,0.2881,0.26831626,0.32766747,0.01978374,0.0145624639223927,0.0101937247456749,0.10109311990553867,close,-0.01010931199055555,close,0.050546559952769334,close,-0.7784170232726484,close,-1.0,sl_first
60d,ADA/USDT:USDT,2026-03-18T16:00:00+00:00,4h_flip,SHORT,0.2712,0.29276878,0.22806243,0.02156878,0.0125737292512603,0.0088016104758822,-0.04636330844860029,close,-0.13445359450094135,close,0.26890718900188015,close,0.21327121886356082,close,0.9133571764374246,close
60d,ADA/USDT:USDT,2026-03-19T03:00:00+00:00,15m_fast,SHORT,0.272,0.29265931,0.23068138,0.0206593099999999,0.0131659769856786,0.009216183889975,0.03872346172258545,close,0.11617038516775366,close,0.13069168331372388,close,0.25170250119680004,close,1.098778226378332,close
60d,ADA/USDT:USDT,2026-03-19T05:30:00+00:00,15m_fast,SHORT,0.2715,0.29188364,0.23073271,0.0203836399999999,0.0133195052502889,0.0093236536752022,0.04415305607830673,close,0.35322444862645114,close,0.0,close,0.2502006511104012,close,1.0989205068378436,close
60d,ADA/USDT:USDT,2026-03-19T12:00:00+00:00,15m_fast,SHORT,0.2686,0.28884967,0.22810066,0.0202496699999999,0.0132644136916799,0.0092850895841759,0.1580272666171842,close,0.06913692914501912,close,0.03456846457250819,close,0.20741078743505462,close,0.37531475821581456,close
60d,ADA/USDT:USDT,2026-03-20T14:00:00+00:00,1h_continuation,SHORT,0.2658,0.28411996,0.22916007,0.01831996,0.0145087653029809,0.0101561357120866,0.0,close,0.005458527202023857,close,0.0873364352323908,close,0.5458527202024434,close,0.3711798497376617,close
60d,ADA/USDT:USDT,2026-03-21T08:00:00+00:00,15m_fast,SHORT,0.2648,0.28094066,0.23251869,0.01614066,0.0164057727503088,0.0114840409252161,0.024782134063907914,close,0.006195533515976979,close,0.5142292818261442,close,0.9293300273966483,close,-0.5080337483101707,close
60d,ADA/USDT:USDT,2026-03-21T17:00:00+00:00,aligned_trend,SHORT,0.2639,0.27877383,0.23415234,0.0148738299999999,0.0177425720207909,0.0124198004145536,-0.13446435786882163,close,0.47734847043431977,close,0.6387056998769027,close,0.1949733189097921,close,-0.3832234199261401,close
60d,ADA/USDT:USDT,2026-03-22T08:30:00+00:00,15m_fast,SHORT,0.2552,0.27071818,0.22416365,0.0155181799999999,0.0164452274686851,0.0115116592280795,-0.07088460115812531,close,0.012888109301476026,close,0.30287056858471884,close,-0.7024019569305222,close,-1.0,sl_first
60d,ADA/USDT:USDT,2026-03-23T06:30:00+00:00,15m_fast,SHORT,0.2509,0.26546207,0.22177586,0.0145620699999999,0.0172296933059654,0.0120607853141758,0.05493724449889531,close,-0.8377929786081287,close,-1.0,sl_first,-1.0,sl_first,-1.0,sl_first
60d,ADA/USDT:USDT,2026-03-23T16:00:00+00:00,4h_flip,LONG,0.261,0.24279305,0.2974139,0.01820695,0.0143351851902707,0.0100346296331895,-0.010984816237757202,close,0.02746204059438843,close,-0.010984816237757202,close,0.49980913881786887,close,-0.8018915853561416,close
60d,ADA/USDT:USDT,2026-03-24T04:00:00+00:00,15m_fast,LONG,0.2614,0.24402191,0.29615617,0.01737809,0.0150419292338801,0.010529350463716,0.23592926495374306,close,0.1208418186348437,close,0.3625254559045311,close,0.27620987116535656,close,-1.0,sl_first
60d,ADA/USDT:USDT,2026-03-24T21:00:00+00:00,1h_continuation,LONG,0.2645,0.24746739,0.29856522,0.01703261,0.0155290351860343,0.010870324630224,0.16439054261208172,close,0.2054881782651046,close,0.2994256311862946,close,-0.5694958083347171,close,-1.0,sl_first
60d,ADA/USDT:USDT,2026-03-25T00:00:00+00:00,1h_continuation,LONG,0.2663,0.24894115,0.30101771,0.0173588499999999,0.0153408779959502,0.0107386145971651,0.08065050392163192,close,0.1785832586836115,close,0.2361907614847767,close,-0.6797685330537475,close,-1.0,sl_first
60d,ADA/USDT:USDT,2026-03-26T12:00:00+00:00,4h_flip,SHORT,0.2571,0.27334745,0.22460511,0.0162474499999999,0.0158240216156997,0.0110768151309897,0.08001255581644971,close,0.22772804347759212,close,0.6093263866022085,close,0.5477782667433995,close,0.5354686427716373,close
60d,ADA/USDT:USDT,2026-03-26T23:30:00+00:00,15m_fast,SHORT,0.2542,0.2700552,0.22248961,0.0158552,0.0160325949846107,0.0112228164892274,-0.025228316262173384,close,-0.031535395327715855,close,0.5424087996367103,close,0.4982592461779095,close,0.4919521671123653,close
60d,ADA/USDT:USDT,2026-03-29T00:00:00+00:00,1h_continuation,SHORT,0.2458,0.25981467,0.21777067,0.01401467,0.017538764737236,0.0122771353160652,-0.04281228170196067,close,0.06421842255293804,close,0.42812281701959287,close,0.17838450709149786,close,0.4923412395725329,close
60d,ADA/USDT:USDT,2026-03-30T08:00:00+00:00,4h_flip,LONG,0.2485,0.23409656,0.27730688,0.0144034399999999,0.0172528229367429,0.01207697605572,0.14579850369078537,close,-0.006942785890036664,close,-0.34713929450187175,close,0.09025621657048627,close,-0.20134079081108444,close
60d,ADA/USDT:USDT,2026-03-31T03:00:00+00:00,1h_continuation,LONG,0.2481,0.23360149,0.27709702,0.0144985099999999,0.0171121032437126,0.0119784722705988,-0.16553425145066644,close,-0.5035000148291136,close,-0.43452741005800205,close,-0.531089056737557,close,-0.1379452095422211,close
60d,ADA/USDT:USDT,2026-03-31T16:00:00+00:00,4h_flip,SHORT,0.2378,0.25301328,0.20737345,0.0152132799999999,0.0156310802141287,0.01094175614989,-0.19062292944059434,close,-0.24978176961181434,close,-1.0,sl_first,-1.0,sl_first,-1.0,sl_first
60d,ADA/USDT:USDT,2026-04-01T08:00:00+00:00,4h_flip,LONG,0.2498,0.23300478,0.28339045,0.01679522,0.0148732794211686,0.010411295594818,-0.10717335051282426,close,-0.047632600227921706,close,-0.6609023281624176,close,-0.3810608018233753,close,-0.4465556271367691,close
60d,ADA/USDT:USDT,2026-04-02T01:00:00+00:00,15m_fast,LONG,0.2499,0.23403668,0.28162663,0.01586332,0.0157533227596745,0.0110273259317721,-0.8195005837365703,close,-0.7564620772952957,close,-0.6619043176333838,close,-0.2899771296298644,close,0.4412695450889225,close
60d,ADA/USDT:USDT,2026-04-02T08:00:00+00:00,4h_flip,SHORT,0.2387,0.25579898,0.20450204,0.01709898,0.0139598970230972,0.009771927916168,0.11696604124924422,close,-0.04678641649969736,close,-0.27487019693572423,close,-0.3801396340600437,close,-1.0,sl_first
60d,ADA/USDT:USDT,2026-04-03T00:00:00+00:00,adaptive_trend_route,SHORT,0.2392,0.2528117696363207,0.2119764607273585,0.0136117696363207,0.0175730273425826,0.0123011191398078,-0.13958508340680295,close,-0.3085565001624051,close,-0.5142608336040079,close,-0.6244595836620096,close,-1.0,sl_first
60d,ADA/USDT:USDT,2026-04-03T20:00:00+00:00,adaptive_trend_route,LONG,0.2475,0.2345467313032173,0.2734065373935653,0.0129532686967826,0.0191071462959364,0.0133750024071555,-0.10036076842310052,close,-0.061760472875754,close,0.023160177328407482,close,-0.3088023643787721,close,1.1734489846393323,close
60d,ADA/USDT:USDT,2026-04-05T06:00:00+00:00,1h_continuation,SHORT,0.2439,0.25458296,0.22253409,0.01068296,0.0228307510278049,0.0159815257194634,0.15913192598306153,close,0.21529613515355261,close,-1.0,sl_first,-1.0,sl_first,-1.0,sl_first
60d,ADA/USDT:USDT,2026-04-05T16:00:00+00:00,adaptive_trend_route,SHORT,0.2434,0.2544304141451867,0.2213391717096266,0.0110304141451866,0.0220662612297482,0.0154463828608238,-0.009065842740240766,close,-0.6618065200376464,close,-1.0,sl_first,-1.0,sl_first,-1.0,sl_first
60d,ADA/USDT:USDT,2026-04-06T00:00:00+00:00,adaptive_trend_route,LONG,0.2507,0.2392834694360379,0.2735330611279239,0.0114165305639619,0.0219593858743191,0.0153715701120234,0.5430721676138045,close,0.3854060544356021,close,-0.4292021969850998,close,1.0511074211880032,close,0.07007382807920215,close
60d,ADA/USDT:USDT,2026-04-06T10:30:00+00:00,15m_fast,LONG,0.2583,0.24626228,0.28237545,0.0120377199999999,0.0214575517622939,0.0150202862336057,-0.20768052421886932,close,-0.46520437425027666,close,-1.0,sl_first,-1.0,sl_first,-1.0,sl_first
60d,ADA/USDT:USDT,2026-04-07T00:00:00+00:00,4h_flip,SHORT,0.2458,0.26043676,0.21652648,0.0146367599999999,0.0167933340438731,0.0117553338307111,0.06148901806137358,close,0.17763494106619285,close,-1.0,sl_first,-1.0,sl_first,-1.0,sl_first
60d,ADA/USDT:USDT,2026-04-08T00:00:00+00:00,4h_flip,LONG,0.2627,0.24524469,0.29761062,0.01745531,0.0150498616180405,0.0105349031326284,-0.12030723029267258,close,-0.08593373592333801,close,-0.6989277188431479,close,-0.4926867526271373,close,-1.0,sl_first
60d,ADA/USDT:USDT,2026-04-09T04:00:00+00:00,4h_flip,SHORT,0.249,0.26535729,0.21628542,0.01635729,0.0152225704869204,0.0106557993408443,-0.08558874972565825,close,-0.08558874972565825,close,-0.15283705308153137,close,-0.24453928493045018,close,0.6847099978052592,close
60d,ADA/USDT:USDT,2026-04-11T05:00:00+00:00,1h_continuation,SHORT,0.2526,0.26716461,0.22347078,0.01456461,0.017343409813239,0.0121403868692673,0.18538086498711467,close,0.18538086498711467,close,0.6385340905111776,close,1.0298936943728658,close,0.8788426191981782,close
60d,ADA/USDT:USDT,2026-04-12T02:00:00+00:00,1h_continuation,SHORT,0.2438,0.25619124,0.21901751,0.0123912399999999,0.0196751898922141,0.0137726329245499,0.06456173877674887,close,0.33087891123083935,close,0.4438619540901493,close,-0.10491282551221942,close,-0.48421304082561983,close
60d,ADA/USDT:USDT,2026-04-12T08:00:00+00:00,adaptive_trend_route,SHORT,0.2413,0.2538261242231414,0.2162477515537172,0.0125261242231413,0.0192637399806566,0.0134846179864596,0.07983315367035321,close,0.25546609174513557,close,0.27941603784624175,close,-0.15168299197367618,close,-0.5588320756924879,close
60d,ADA/USDT:USDT,2026-04-15T00:00:00+00:00,adaptive_trend_route,SHORT,0.2393,0.2515434621504356,0.2148130756991287,0.0122434621504356,0.0195451251500365,0.0136815876050255,-0.008167624383633281,close,0.08984386821997745,close,-0.5472308337034889,close,-1.0,sl_first,-1.0,sl_first
60d,ADA/USDT:USDT,2026-04-16T16:00:00+00:00,15m_fast,LONG,0.2533,0.23791476,0.28407048,0.01538524,0.0164638315684382,0.0115246820979068,0.46148126386068694,close,0.3704849583106915,close,0.6629730832928175,close,-0.16249340276784777,close,-0.298987861092841,close
60d,ADA/USDT:USDT,2026-04-17T13:00:00+00:00,1h_continuation,LONG,0.2603,0.24402485,0.2928503,0.0162751499999999,0.01599370819931,0.011195595739517,0.3502271868462087,close,0.006144336611339687,close,-0.5468459584089865,close,-0.7680420764171181,close,-1.0,sl_first
60d,ADA/USDT:USDT,2026-04-18T20:00:00+00:00,4h_flip,SHORT,0.2486,0.26457167,0.21665666,0.0159716699999999,0.0155650598841573,0.0108955419189101,-0.02504434414184703,close,0.0438276022482297,close,0.13148280674469257,close,-0.006261086035462627,close,0.025044344141845292,close
60d,ADA/USDT:USDT,2026-04-19T18:00:00+00:00,1h_continuation,SHORT,0.2449,0.259579,0.21554199,0.0146789999999999,0.0166836977995776,0.0116785884597043,0.06812453164384547,close,0.020437359493153263,close,-0.20437359493153642,close,-0.09537434430138253,close,-0.24524831391784294,close
60d,ADA/USDT:USDT,2026-04-21T04:00:00+00:00,adaptive_trend_route,SHORT,0.2469,0.2587857783048126,0.2231284433903747,0.0118857783048126,0.0207727246519505,0.0145409072563653,-0.19350857310444006,close,-0.26081590287989714,close,-0.6141793842010476,close,0.0673073297754571,close,-0.3617768975430816,close
60d,ADA/USDT:USDT,2026-04-21T16:00:00+00:00,adaptive_trend_route,SHORT,0.2487,0.2598752204576069,0.2263495590847861,0.0111752204576069,0.0222545945239685,0.0155782161667779,0.36688314253426196,close,-0.08948369330103975,close,-0.5547988984664469,close,-0.13422553995155714,close,-0.00894836933010298,close
60d,ADA/USDT:USDT,2026-04-22T04:00:00+00:00,adaptive_trend_route,LONG,0.2542,0.242244930996588,0.2781101380068239,0.0119550690034119,0.0212629471170305,0.0148840629819214,0.05018791609055613,close,0.10874048486286543,close,-0.6775368672224544,close,-0.4767852028602461,close,-0.23421027508924183,close
60d,ADA/USDT:USDT,2026-04-23T08:00:00+00:00,adaptive_trend_route,SHORT,0.2467,0.2573894741953248,0.2253210516093504,0.0106894741953248,0.0230787778231316,0.0161551444761921,-0.05612998254511043,close,-0.3274248981798143,close,-0.1964549389078891,close,-0.4209748690883334,close,,insufficient
60d,ADA/USDT:USDT,2026-04-24T16:00:00+00:00,adaptive_trend_route,LONG,0.252,0.2417545146650598,0.2724909706698804,0.0102454853349401,0.0245961993757976,0.0172173395630583,-0.0390415863107914,close,-0.1756871383985586,close,-0.19520793155395158,close,0.0780831726215828,close,,insufficient
60d,ADA/USDT:USDT,2026-04-26T12:00:00+00:00,adaptive_trend_route,LONG,0.2534,0.2448847788509745,0.270430442298051,0.0085152211490255,0.0297584755070042,0.0208309328549029,-0.07046205723836717,close,-0.14092411447674086,close,,insufficient,,insufficient,,insufficient
60d,AVAX/USDT:USDT,2026-02-27T04:00:00+00:00,1h_continuation,LONG,9.406,8.70969364,10.79861272,0.6963063600000012,0.0135084217814698,0.0094558952470288,-0.03446758693975001,close,-0.5443006437568668,close,-0.7496700159395346,close,-1.0,sl_first,-1.0,sl_first
60d,AVAX/USDT:USDT,2026-02-27T05:00:00+00:00,aligned_trend,LONG,9.396,8.69969364,10.78861272,0.6963063600000012,0.0134940602869116,0.0094458422008381,-0.031595288028103324,close,-0.5471729426685109,close,-0.7353085213813063,close,-1.0,sl_first,-1.0,sl_first
60d,AVAX/USDT:USDT,2026-02-27T07:00:00+00:00,aligned_trend,LONG,9.402,8.70569364,10.79461272,0.6963063599999995,0.0135026771836465,0.0094518740285526,-0.43658943457014915,close,-0.6433949562086421,close,-1.0,sl_first,-1.0,sl_first,-1.0,sl_first
60d,AVAX/USDT:USDT,2026-02-27T12:00:00+00:00,4h_flip,SHORT,9.027,9.7501111,7.5807778,0.7231111000000006,0.0124835588888069,0.0087384912221648,0.022126613738884665,close,0.19084204349787992,close,0.7744314808609608,close,-0.13137676907462845,close,-0.18254456334580033,close
60d,AVAX/USDT:USDT,2026-03-01T00:00:00+00:00,4h_flip,LONG,9.162,8.40538161,10.67523678,0.7566183900000016,0.0121091426286902,0.0084763998400831,0.12952368234136996,close,0.06740518162662987,close,-0.17578214032043368,close,0.011895032051756693,close,0.38064102565627284,close
60d,AVAX/USDT:USDT,2026-03-01T14:00:00+00:00,15m_fast,LONG,9.162,8.42501035,10.63597931,0.7369896499999999,0.0124316535517154,0.0087021574862007,-0.21981312763347602,close,-0.30393913944381745,close,-0.3446452741907588,close,-0.2713742316462668,close,0.14789895624721458,close
60d,AVAX/USDT:USDT,2026-03-06T20:00:00+00:00,adaptive_trend_route,SHORT,8.961,9.49864429622974,7.885711407540522,0.5376442962297396,0.0166671534745918,0.0116670074322143,-0.09485825546302727,close,-0.09857818704981058,close,0.15251719505820163,close,0.009299828966964884,close,-1.0,sl_first
60d,AVAX/USDT:USDT,2026-03-08T12:00:00+00:00,adaptive_trend_route,SHORT,8.908,9.308453466260412,8.107093067479175,0.4004534662604122,0.0222447818548964,0.0155713472984275,0.10737826894482828,close,-0.11986411417097327,close,-0.4270159067340948,close,-1.0,sl_first,-1.0,sl_first
60d,AVAX/USDT:USDT,2026-03-08T20:00:00+00:00,adaptive_trend_route,SHORT,8.956,9.361837427540866,8.144325144918268,0.4058374275408667,0.022067949854374,0.0154475648980618,0.36221400497911876,close,-0.03203253105257483,close,-1.0,sl_first,-1.0,sl_first,-1.0,sl_first
60d,AVAX/USDT:USDT,2026-03-10T01:00:00+00:00,15m_fast,LONG,9.322,8.81409045,10.3378191,0.507909549999999,0.0183536615919114,0.012847563114338,0.21263628533860163,close,0.20869857635085193,close,0.446929970109837,close,0.4292102796649529,close,0.7639155436238645,close
60d,AVAX/USDT:USDT,2026-03-10T08:30:00+00:00,15m_fast,LONG,9.41,8.80137216,10.62725568,0.6086278400000005,0.0154610081589432,0.0108227057112602,0.023002562616917646,close,0.8034466514052309,close,0.14458753644920205,close,0.3072485149545562,close,0.22509650560841968,close
60d,AVAX/USDT:USDT,2026-03-10T15:00:00+00:00,15m_fast,LONG,9.646,9.03734558,10.86330885,0.6086544200000006,0.0158480735258605,0.0110936514681023,-0.029573431833454303,close,-0.23330151779724378,close,0.0558609267965209,close,-0.24808823371397096,close,-0.13472341168573237,close
60d,AVAX/USDT:USDT,2026-03-12T22:00:00+00:00,1h_continuation,LONG,9.651,9.0567651,10.8394698,0.5942349,0.0162410521495792,0.0113687365047054,0.5098993680781806,close,0.503168023285067,close,0.1783806370174486,close,-0.07236195652594497,close,1.411899570355091,close
60d,AVAX/USDT:USDT,2026-03-13T00:00:00+00:00,aligned_trend,LONG,9.673,9.08778188,10.84343625,0.5852181200000004,0.0165288798644853,0.0115702159051397,0.47503655560084207,close,0.297325038397648,close,0.07176811271667355,close,0.08714699401310425,close,1.1499985680552742,close
60d,AVAX/USDT:USDT,2026-03-13T10:00:00+00:00,15m_fast,LONG,9.944,9.32746499,11.17707003,0.6165350100000015,0.0161288488710478,0.0112901942097334,0.42819952754994184,close,-0.3049299665885967,close,-0.6358114196953718,close,-0.26438076890394246,close,0.49632217966015973,close
60d,AVAX/USDT:USDT,2026-03-14T08:00:00+00:00,4h_flip,SHORT,9.588,10.21915859,8.32568283,0.6311585900000001,0.0151911106842418,0.0106337774789692,0.039609696193786376,close,0.052284798975800156,close,-0.19012654173018698,close,-1.0,sl_first,-1.0,sl_first
60d,AVAX/USDT:USDT,2026-03-14T18:30:00+00:00,15m_fast,SHORT,9.559,10.1317745,8.41345101,0.5727745000000013,0.0166889412849209,0.0116822588994446,-0.08904027675813089,close,-0.26712083027439265,close,-0.35790699481209376,close,-1.0,sl_first,-1.0,sl_first
60d,AVAX/USDT:USDT,2026-03-15T17:00:00+00:00,1h_continuation,SHORT,9.702,10.21693553,8.67212894,0.5149355300000007,0.0188411935762132,0.0131888355033493,-0.17283717050948164,close,-0.4505418377325779,close,-1.0,sl_first,-1.0,sl_first,-1.0,sl_first
60d,AVAX/USDT:USDT,2026-03-16T00:00:00+00:00,4h_flip,LONG,9.945,9.40905559,11.01688882,0.5359444100000008,0.0185560289732287,0.0129892202812601,0.5952109846616341,close,0.785529230540904,close,1.00196958859968,close,0.4552710979857023,close,-1.0,sl_first
60d,AVAX/USDT:USDT,2026-03-16T23:00:00+00:00,1h_continuation,LONG,10.493,9.83203222,11.81493555,0.66096778,0.0158752065040144,0.0111126445528101,-0.0408491923766708,close,-0.3101512754524889,close,-0.36007806613508386,close,-1.0,sl_first,-1.0,sl_first
60d,AVAX/USDT:USDT,2026-03-17T04:00:00+00:00,1h_continuation,LONG,10.346,9.66687472,11.70425055,0.6791252800000009,0.0152343025722735,0.0106640118005914,-0.057426812325407244,close,-0.1325234130586329,close,-0.05889929469272719,close,-1.0,sl_first,-1.0,sl_first
60d,AVAX/USDT:USDT,2026-03-18T16:00:00+00:00,4h_flip,SHORT,9.557,10.23598133,8.19903735,0.6789813299999992,0.0140754974809101,0.009852848236637,-0.07953090551105482,close,-0.17820814012662262,close,0.2253375656146549,close,0.11487797462708035,close,0.8615848097030909,close
60d,AVAX/USDT:USDT,2026-03-19T03:00:00+00:00,15m_fast,SHORT,9.615,10.28930022,8.26639955,0.6743002199999992,0.0142592271436601,0.0099814590005621,0.029660378873967438,close,0.11567547760847459,close,0.12012453443956997,close,0.02521132204287206,close,0.8749811767820579,close
60d,AVAX/USDT:USDT,2026-03-19T05:00:00+00:00,15m_fast,SHORT,9.617,10.27227878,8.30644244,0.6552787799999997,0.0146761962900736,0.0102733374030515,0.15871107561273542,close,0.2853747224959753,close,0.0763034017368924,close,0.09003801404953335,close,0.9751574741974727,close
60d,AVAX/USDT:USDT,2026-03-19T12:30:00+00:00,15m_fast,SHORT,9.486,10.12458732,8.20882537,0.6385873199999992,0.0148546638852772,0.0103982647196941,0.1769530907691707,close,-0.032885087665065205,close,-0.0313191311095867,close,-0.037582957331503485,close,0.16912330799177264,close
60d,AVAX/USDT:USDT,2026-03-19T23:00:00+00:00,15m_fast,SHORT,9.46,10.1052411,8.16951779,0.6452410999999998,0.014661186337944,0.0102628304365608,-0.11468581279152842,close,-0.07439079748639428,close,-0.1906264185588912,close,-0.04029501530513138,close,-0.07594060576736278,close
60d,AVAX/USDT:USDT,2026-03-20T07:30:00+00:00,15m_fast,SHORT,9.493,10.10458034,8.26983932,0.6115803399999997,0.0155220816941237,0.0108654571858866,-0.07357986687407242,close,0.05395856904098567,close,-0.20275341094188967,close,0.4136823626475636,close,-0.06213410980477278,close
60d,AVAX/USDT:USDT,2026-03-20T13:00:00+00:00,15m_fast,SHORT,9.482,10.06786264,8.31027472,0.5858626400000002,0.016184681105455,0.0113292767738185,0.013655077920652384,close,-0.042672118502044006,close,-0.034137694801637024,close,0.6366680080504864,close,0.13313700972637438,close
60d,AVAX/USDT:USDT,2026-03-20T14:00:00+00:00,aligned_trend,SHORT,9.448,10.03386264,8.27627472,0.5858626400000002,0.0161266470242922,0.0112886529170045,-0.06656850486318719,close,-0.2065330535498908,close,-0.07680981330367799,close,0.597409659028607,close,0.119481931805722,close
60d,AVAX/USDT:USDT,2026-03-20T19:00:00+00:00,aligned_trend,SHORT,9.457,10.02844388,8.31411224,0.5714438799999986,0.016549306644075,0.0115845146508525,-0.2204940929632491,close,-0.2467433897445894,close,-0.05774845291894552,close,0.7402301692337682,close,-0.20474451489444492,close
60d,AVAX/USDT:USDT,2026-03-22T00:00:00+00:00,1h_continuation,SHORT,9.208,9.7249446,8.17411079,0.5169446000000004,0.0178123535868253,0.0124686475107777,-0.12960769877468517,close,0.03675442204058252,close,0.365609777140529,close,-1.0,sl_first,-1.0,sl_first
60d,AVAX/USDT:USDT,2026-03-22T08:00:00+00:00,15m_fast,SHORT,9.189,9.72480938,8.11738125,0.5358093799999999,0.0171497557582885,0.0120048290308019,0.24822260483756542,close,0.1829008667224168,close,0.3191433490768665,close,-1.0,sl_first,-1.0,sl_first
60d,AVAX/USDT:USDT,2026-03-23T09:00:00+00:00,1h_continuation,SHORT,8.978,9.51420328,7.90559344,0.5362032800000005,0.0167436499082959,0.0117205549358071,-1.0,sl_first,-1.0,sl_first,-1.0,sl_first,-1.0,sl_first,-1.0,sl_first
60d,AVAX/USDT:USDT,2026-03-23T09:00:00+00:00,aligned_trend,SHORT,8.978,9.51420328,7.90559344,0.5362032800000005,0.0167436499082959,0.0117205549358071,-1.0,sl_first,-1.0,sl_first,-1.0,sl_first,-1.0,sl_first,-1.0,sl_first
60d,AVAX/USDT:USDT,2026-03-23T12:00:00+00:00,4h_flip,LONG,9.38,8.73852553,10.66294894,0.6414744700000004,0.0146225616742003,0.0102357931719402,0.05923852277394369,close,0.12159486253599361,close,0.25254317603629484,close,0.5596481493643851,close,-1.0,sl_first
60d,AVAX/USDT:USDT,2026-03-24T04:00:00+00:00,15m_fast,LONG,9.572,8.92702805,10.8619439,0.6449719499999986,0.0148409554865138,0.0103886688405596,0.04186228563893528,close,-0.04651365070992533,close,0.06201820094656986,close,-0.00620182009465616,close,-1.0,sl_first
60d,AVAX/USDT:USDT,2026-03-24T07:30:00+00:00,15m_fast,LONG,9.558,8.91302805,10.8479439,0.6449719500000004,0.0148192491161824,0.0103734743813277,-0.041862285638932406,close,-0.1550455023664201,close,0.15814641241374955,close,-0.21396279326566034,close,-1.0,sl_first
60d,AVAX/USDT:USDT,2026-03-24T21:00:00+00:00,15m_fast,LONG,9.552,8.96553952,10.72492096,0.5864604799999995,0.0162875425126685,0.0114012797588679,0.13300128936224526,close,0.15175788145179106,close,0.16369389459968414,close,-0.7843665782901509,close,-1.0,sl_first
60d,AVAX/USDT:USDT,2026-03-24T21:00:00+00:00,1h_continuation,LONG,9.552,8.96553952,10.72492096,0.5864604799999995,0.0162875425126685,0.0114012797588679,0.13300128936224526,close,0.15175788145179106,close,0.16369389459968414,close,-0.7843665782901509,close,-1.0,sl_first
60d,AVAX/USDT:USDT,2026-03-25T16:30:00+00:00,15m_fast,LONG,9.721,9.16202886,10.83894229,0.5589711400000006,0.0173908799656454,0.0121736159759518,-0.18068911393171527,close,-0.08945005640183974,close,-1.0,sl_first,-1.0,sl_first,-1.0,sl_first
60d,AVAX/USDT:USDT,2026-03-26T12:00:00+00:00,4h_flip,SHORT,9.231,9.76367895,8.16564209,0.5326789499999993,0.0173293876170627,0.0121305713319439,0.10137438320023785,close,0.41863865654912974,close,0.9029829318391509,close,0.7903447282833307,close,0.5369087702827378,close
60d,AVAX/USDT:USDT,2026-03-27T03:30:00+00:00,15m_fast,SHORT,9.083,9.62364346,8.00171307,0.5406434600000001,0.0168003511963318,0.0117602458374323,0.0036992956504101012,close,0.6788207518500285,close,0.6344292040451205,close,0.528999278008467,close,0.3273876650611839,close
60d,AVAX/USDT:USDT,2026-03-27T08:30:00+00:00,15m_fast,SHORT,9.02,9.52392727,8.01214546,0.5039272700000001,0.0178994083808959,0.0125295858666271,0.5338071900732819,close,0.49610333649933236,close,0.3988670825454607,close,0.5476980834952626,close,0.480228029731352,close
60d,AVAX/USDT:USDT,2026-03-27T18:00:00+00:00,15m_fast,SHORT,8.719,9.27073831,7.61552338,0.5517383100000011,0.0158027815759249,0.0110619471031474,-0.09243512563048242,close,-0.0434988826496403,close,-0.2881800975538574,close,0.1957449719233717,close,-0.32805407331602654,close
60d,AVAX/USDT:USDT,2026-03-28T01:30:00+00:00,15m_fast,SHORT,8.731,9.25491722,7.68316557,0.5239172199999995,0.0166648464045522,0.0116653924831865,-0.049626160407554125,close,-0.1317001949277424,close,-0.049626160407554125,close,0.06107835127083637,close,-0.6565922761614893,close
60d,AVAX/USDT:USDT,2026-03-28T10:00:00+00:00,15m_fast,SHORT,8.792,9.2888827,7.7982346,0.4968827000000004,0.0176943169886977,0.0123860218920884,-0.19119200567860495,close,-0.17307907882484183,close,0.15094105711468567,close,-0.23345550167071538,close,-1.0,sl_first
60d,AVAX/USDT:USDT,2026-03-29T00:00:00+00:00,1h_continuation,SHORT,8.752,9.23597162,7.78405675,0.4839716200000001,0.0180837049908009,0.0126585934935606,-0.08264947436380493,close,0.020662368590951233,close,0.326465423737039,close,-0.11157679039113591,close,-1.0,sl_first
60d,AVAX/USDT:USDT,2026-03-29T13:00:00+00:00,15m_fast,SHORT,8.7,9.13908624,7.82182751,0.4390862399999999,0.0198138752879161,0.0138697127015412,0.16397689893447626,close,0.12981504498979202,close,-0.6832370788936606,close,-0.1525896142862509,close,-1.0,sl_first
60d,AVAX/USDT:USDT,2026-03-29T23:00:00+00:00,15m_fast,SHORT,8.553,8.97959987,7.69980025,0.4265998699999986,0.0200492325513367,0.0140344627859357,-0.5578998418353956,close,-0.6141586494154335,close,-1.0,sl_first,-1.0,sl_first,-1.0,sl_first
60d,AVAX/USDT:USDT,2026-03-30T08:00:00+00:00,4h_flip,LONG,8.914,8.42898472,9.88403056,0.4850152799999989,0.0183788024162868,0.0128651616914007,0.1422635592016833,close,0.06391551210510452,close,0.00618537213920378,close,0.8783228437669038,close,0.08040983780964549,close
60d,AVAX/USDT:USDT,2026-03-31T02:00:00+00:00,1h_continuation,LONG,8.996,8.50275012,9.98249976,0.4932498800000005,0.0182382203519238,0.0127667542463466,-0.1054232390284607,close,-0.5615814848246912,close,-0.20070962815034057,close,-0.16016222852401008,close,-0.27369494747773615,close
60d,AVAX/USDT:USDT,2026-03-31T21:00:00+00:00,1h_continuation,LONG,8.936,8.39165128,10.02469743,0.5443487200000003,0.0164159474830766,0.0114911632381536,0.05327467289718234,close,0.0642970190138412,close,0.34169272961641173,close,-0.4170120947469118,close,0.13410521108601184,close
60d,AVAX/USDT:USDT,2026-04-01T13:00:00+00:00,15m_fast,LONG,9.227,8.62969402,10.42161197,0.5973059799999998,0.0154476939942908,0.0108133857960035,0.008370919038846734,close,-0.17578929981581712,close,-1.0,sl_first,-1.0,sl_first,-1.0,sl_first
60d,AVAX/USDT:USDT,2026-04-02T04:00:00+00:00,4h_flip,SHORT,8.765,9.39784062,7.49931876,0.6328406199999996,0.0138502487403542,0.0096951741182479,0.04108459409574533,close,0.14221590263911932,close,-0.055306184359657826,close,-0.1991022636947665,close,-1.0,sl_first
60d,AVAX/USDT:USDT,2026-04-04T08:00:00+00:00,adaptive_trend_route,SHORT,8.871,9.260805595851624,8.09138880829675,0.3898055958516249,0.0227574978255998,0.0159302484779198,-0.043611482700392834,close,-0.1949689814841121,close,0.18983821881348031,close,-1.0,sl_first,-1.0,sl_first
60d,AVAX/USDT:USDT,2026-04-05T06:00:00+00:00,1h_continuation,SHORT,8.871,9.29311841,8.02676319,0.4221184099999995,0.0210154302438503,0.0147108011706952,0.12081917962308306,close,0.1421402113212749,close,-1.0,sl_first,-1.0,sl_first,-1.0,sl_first
60d,AVAX/USDT:USDT,2026-04-06T00:00:00+00:00,4h_flip,LONG,9.065,8.61891248,9.95717505,0.4460875199999989,0.0203211244286771,0.014224787100074,0.8653010512376629,close,0.7151063091834572,close,-0.3878162742593661,close,-1.0,sl_first,-1.0,sl_first
60d,AVAX/USDT:USDT,2026-04-07T00:00:00+00:00,4h_flip,SHORT,8.892,9.48536449,7.70527103,0.5933644900000008,0.014985729934732,0.0104900109543124,0.3606552188520724,close,0.424696799769731,close,-1.0,sl_first,-1.0,sl_first,-1.0,sl_first
60d,AVAX/USDT:USDT,2026-04-07T11:00:00+00:00,15m_fast,SHORT,8.616,9.24110509,7.36578981,0.6251050899999999,0.0137832824237601,0.009648297696632,0.09278439886003782,close,-0.03039488928173682,close,-1.0,sl_first,-1.0,sl_first,-1.0,sl_first
60d,AVAX/USDT:USDT,2026-04-09T09:00:00+00:00,1h_continuation,LONG,9.152,8.50291387,10.45017225,0.6490861299999988,0.014099823701363,0.0098698765909541,-0.0801126346668349,close,0.20644409702607663,close,0.18025342800038124,close,0.1879565659491139,close,-0.0030812551794919653,close
60d,AVAX/USDT:USDT,2026-04-09T15:00:00+00:00,15m_fast,LONG,9.153,8.52499145,10.40901709,0.6280085500000006,0.0145746423356815,0.010202249634977,0.19744954109302917,close,0.5111395378295398,close,0.4585924825386533,close,0.17674918597843736,close,0.170379845943179,close
60d,AVAX/USDT:USDT,2026-04-10T05:30:00+00:00,15m_fast,LONG,9.403,8.7400361,10.72892779,0.6629639000000012,0.0141832760426321,0.0099282932298425,-0.15687128665678599,close,-0.051284843714719065,close,-0.19307235280835033,close,-0.508323303878234,close,-0.028659177369989672,close
60d,AVAX/USDT:USDT,2026-04-10T19:00:00+00:00,15m_fast,LONG,9.511,8.88462256,10.76375487,0.6263774399999988,0.0151841356227644,0.0106288949359351,-0.1596481508018549,close,-0.2714018563631542,close,-0.03512259317640576,close,-0.6625398258276989,close,-0.32568222763578336,close
60d,AVAX/USDT:USDT,2026-04-10T19:00:00+00:00,1h_continuation,LONG,9.511,8.88462256,10.76375487,0.6263774399999988,0.0151841356227644,0.0106288949359351,-0.1596481508018549,close,-0.2714018563631542,close,-0.03512259317640576,close,-0.6625398258276989,close,-0.32568222763578336,close
60d,AVAX/USDT:USDT,2026-04-11T17:00:00+00:00,1h_continuation,LONG,9.442,8.89754636,10.53090728,0.5444536400000004,0.0173421560741149,0.0121395092518804,0.04408088813585508,close,-0.14693629378618905,close,-0.7934559864454209,close,-0.29570929124470446,close,0.04959099915283738,close
60d,AVAX/USDT:USDT,2026-04-11T17:00:00+00:00,aligned_trend,LONG,9.442,8.89754636,10.53090728,0.5444536400000004,0.0173421560741149,0.0121395092518804,0.04408088813585508,close,-0.14693629378618905,close,-0.7934559864454209,close,-0.29570929124470446,close,0.04959099915283738,close
60d,AVAX/USDT:USDT,2026-04-12T04:00:00+00:00,4h_flip,SHORT,9.078,9.70020979,7.83358043,0.6222097900000012,0.0145899343692422,0.0102129540584695,0.0996448480825081,close,0.0867874483299277,close,0.017678924659798766,close,-1.0,sl_first,-1.0,sl_first
60d,AVAX/USDT:USDT,2026-04-13T11:00:00+00:00,1h_continuation,SHORT,8.986,9.53976163,7.87847674,0.5537616299999986,0.0162271986955831,0.0113590390869082,-0.5923126165314131,close,-0.4947977345414847,close,-1.0,sl_first,-1.0,sl_first,-1.0,sl_first
60d,AVAX/USDT:USDT,2026-04-13T20:00:00+00:00,4h_flip,LONG,9.404,8.82169814,10.56860372,0.5823018599999994,0.0161496994016127,0.0113047895811289,0.4379171998523258,close,0.07556218350393133,close,-0.1013220187893601,close,0.21123064934053185,close,0.5340872515845996,close
60d,AVAX/USDT:USDT,2026-04-14T14:00:00+00:00,15m_fast,LONG,9.491,8.8891782,10.6946436,0.6018217999999997,0.0157704489933731,0.0110393142953611,-0.19440970732532314,close,-0.22598051449781195,close,-0.16117727872270424,close,-0.1395762001310017,close,-0.16616214301309737,close
60d,AVAX/USDT:USDT,2026-04-14T16:30:00+00:00,15m_fast,LONG,9.451,8.83666547,10.67966906,0.6143345300000007,0.0153841263000469,0.0107688884100328,-0.20021664743474693,close,-0.17579998311343564,close,-0.03743888529267541,close,0.11068887825660643,close,-0.13510554257791774,close
60d,AVAX/USDT:USDT,2026-04-15T19:00:00+00:00,1h_continuation,LONG,9.47,8.89220887,10.62558226,0.5777911300000014,0.0163900058486532,0.0114730040940572,0.019038021577103836,close,-0.05192187702847059,close,0.5261416872218128,close,0.5192187702846844,close,-0.8151734693469576,close
60d,AVAX/USDT:USDT,2026-04-16T03:00:00+00:00,15m_fast,LONG,9.44,8.86113928,10.59772144,0.5788607199999998,0.0163078952740134,0.0114155266918093,0.2107588160412749,close,-0.07601137627717895,close,0.25394709801694665,close,0.46470591405822154,close,-0.5165318524290258,close
60d,AVAX/USDT:USDT,2026-04-16T04:00:00+00:00,aligned_trend,LONG,9.48,8.90498647,10.63002705,0.5750135299999997,0.0164865685856122,0.0115405980099285,0.048694506371004365,close,-0.034781790265004,close,0.13043171349376653,close,0.28173250114653675,close,-0.46955416857756327,close
60d,AVAX/USDT:USDT,2026-04-16T12:30:00+00:00,15m_fast,LONG,9.511,8.94504956,10.64290087,0.5659504399999999,0.0168053584338586,0.011763750903701,0.01413551334989844,close,0.4010951913033239,close,0.2420706661169845,close,-0.217333517754663,close,-0.5601197164896602,close
60d,AVAX/USDT:USDT,2026-04-16T13:00:00+00:00,aligned_trend,LONG,9.504,8.93804956,10.63590087,0.5659504399999999,0.0167929898596774,0.0117550929017742,-0.08658001926811736,close,0.3374853812287888,close,0.39579437379711235,close,-0.16962616019876245,close,-0.5919246215269293,close
60d,AVAX/USDT:USDT,2026-04-16T15:30:00+00:00,15m_fast,LONG,9.466,8.90004956,10.59790087,0.5659504399999999,0.0167258461712654,0.0117080923198858,0.5442172639710288,close,0.45233642719669986,close,0.6573013707702037,close,-0.07774532342443044,close,-0.28624414533540965,close
60d,AVAX/USDT:USDT,2026-04-16T16:00:00+00:00,aligned_trend,LONG,9.582,8.98018888,10.78562224,0.6018111200000007,0.015921939096107,0.0111453573672749,0.4453224460192736,close,0.23429277943551433,close,0.37553310746401436,close,-0.30408211799077656,close,-1.0,sl_first
60d,AVAX/USDT:USDT,2026-04-16T19:00:00+00:00,15m_fast,LONG,9.774,9.17218888,10.97762224,0.6018111199999989,0.0162409760723597,0.0113686832506518,-0.10302235691490629,close,-0.31072872166270327,close,-0.006646603671928771,close,-0.7344497057482074,close,-1.0,sl_first
60d,AVAX/USDT:USDT,2026-04-16T19:00:00+00:00,aligned_trend,LONG,9.774,9.17218888,10.97762224,0.6018111199999989,0.0162409760723597,0.0113686832506518,-0.10302235691490629,close,-0.31072872166270327,close,-0.006646603671928771,close,-0.7344497057482074,close,-1.0,sl_first
60d,AVAX/USDT:USDT,2026-04-17T13:00:00+00:00,15m_fast,LONG,9.728,9.07465156,11.03469688,0.6533484400000003,0.0148894516377815,0.010422616146447,0.2984624865714843,close,0.08112057327327636,close,-0.4897845933480765,close,-0.7132488140631347,close,-1.0,sl_first
60d,AVAX/USDT:USDT,2026-04-17T13:00:00+00:00,1h_continuation,LONG,9.728,9.07465156,11.03469688,0.6533484400000003,0.0148894516377815,0.010422616146447,0.2984624865714843,close,0.08112057327327636,close,-0.4897845933480765,close,-0.7132488140631347,close,-1.0,sl_first
60d,AVAX/USDT:USDT,2026-04-17T13:00:00+00:00,aligned_trend,LONG,9.728,9.07465156,11.03469688,0.6533484400000003,0.0148894516377815,0.010422616146447,0.2984624865714843,close,0.08112057327327636,close,-0.4897845933480765,close,-0.7132488140631347,close,-1.0,sl_first
60d,AVAX/USDT:USDT,2026-04-19T00:00:00+00:00,4h_flip,SHORT,9.328,9.93353517,8.11692967,0.6055351700000013,0.0154045552795884,0.0107831886957119,0.06275440615612826,close,0.203126104136939,close,0.5433210427727891,close,0.09743447271609203,close,0.10073733619799459,close
60d,AVAX/USDT:USDT,2026-04-19T18:00:00+00:00,1h_continuation,SHORT,9.144,9.7116408,8.0087184,0.5676407999999995,0.0161087786501604,0.0112761450551123,0.04404193637948572,close,0.04404193637948572,close,-0.1973078749800934,close,-0.3294336841185474,close,-0.3259103292081906,close
60d,AVAX/USDT:USDT,2026-04-21T20:00:00+00:00,adaptive_trend_route,SHORT,9.201,9.662313898924667,8.278372202150663,0.4613138989246685,0.0199452043856638,0.0139616430699647,-0.405363897415404,close,-0.771708810052857,close,-1.0,sl_first,-1.0,sl_first,-1.0,sl_first
60d,AVAX/USDT:USDT,2026-04-22T04:00:00+00:00,adaptive_trend_route,LONG,9.557,9.08133903613128,10.508321927737438,0.4756609638687195,0.0200920418658481,0.0140644293060937,0.02733039073517046,close,0.023125715237450488,close,-0.6096779471691938,close,-0.4940493709819338,close,-0.26279221860741026,close
60d,AVAX/USDT:USDT,2026-04-23T12:00:00+00:00,adaptive_trend_route,SHORT,9.268,9.670287112675055,8.46342577464989,0.4022871126750544,0.023038272189162,0.0161267905324134,-0.3107233517096735,close,0.004971573627356437,close,-0.4176121846977994,close,-0.32563807259173405,close,,insufficient
60d,AVAX/USDT:USDT,2026-04-23T20:00:00+00:00,adaptive_trend_route,SHORT,9.266,9.69417103082696,8.409657938346077,0.4281710308269613,0.0216408849101813,0.0151486194371269,-0.25690668466651645,close,-0.1307888576484071,close,-0.3853600269997747,close,-0.07940752071510712,close,,insufficient
60d,AVAX/USDT:USDT,2026-04-24T12:00:00+00:00,adaptive_trend_route,LONG,9.436,9.029680814987277,10.24863837002545,0.406319185012725,0.0232231219889469,0.0162561853922628,0.05660574456822505,close,-0.012305596645268405,close,-0.09106141517497396,close,0.103367011820238,close,,insufficient
60d,AVAX/USDT:USDT,2026-04-25T20:00:00+00:00,adaptive_trend_route,SHORT,9.3,9.6386357078471,8.622728584305802,0.3386357078471,0.0274631404323111,0.0192241983026178,-0.17127549947032714,close,-0.10040287899984404,close,-0.502014394999236,close,,insufficient,,insufficient
60d,AVAX/USDT:USDT,2026-04-26T12:00:00+00:00,adaptive_trend_route,LONG,9.478,9.164853668996743,10.104292662006507,0.3131463310032547,0.0302669999984815,0.021186899998937,0.009580185692703943,close,-0.025547161847206734,close,,insufficient,,insufficient,,insufficient
60d,DOGE/USDT:USDT,2026-02-27T07:00:00+00:00,1h_continuation,LONG,0.09882,0.09116431,0.11413139,0.00765569,0.0129080461721934,0.0090356323205354,-0.36965969102719665,close,-0.6452716868107251,close,-1.0,sl_first,-1.0,sl_first,-1.0,sl_first
60d,DOGE/USDT:USDT,2026-02-27T12:00:00+00:00,4h_flip,SHORT,0.09496,0.10275098,0.07937804,0.00779098,0.0121884538273747,0.0085319176791623,0.12835355757555544,close,0.25799065072686594,close,0.8060603415744884,close,0.19124680078757808,close,0.6186641475141772,close
60d,DOGE/USDT:USDT,2026-02-28T05:00:00+00:00,15m_fast,SHORT,0.09304,0.09995454,0.07921093,0.0069145399999999,0.0134557034885907,0.0094189924420135,0.6493562840044398,close,0.61464681670799,close,-0.4555617582659216,close,-0.015908505844206642,close,0.11425199651748497,close
60d,DOGE/USDT:USDT,2026-03-01T00:00:00+00:00,4h_flip,LONG,0.094,0.08622122,0.10955757,0.0077787799999999,0.0120841571557493,0.0084589100090245,0.2622519212524363,close,0.10284389068722928,close,-0.2751074075883404,close,-0.06299188304592887,close,0.2763929562219303,close
60d,DOGE/USDT:USDT,2026-03-02T04:00:00+00:00,adaptive_trend_route,SHORT,0.09323,0.1000589240443292,0.0795721519113414,0.0068289240443292,0.0136522238927841,0.0095565567249488,0.22551136753070633,close,0.20940341270708257,close,0.10396952658883046,close,0.5711002164738649,close,-1.0,sl_first
60d,DOGE/USDT:USDT,2026-03-03T00:00:00+00:00,adaptive_trend_route,SHORT,0.09351,0.1007463627231048,0.0790372745537903,0.0072363627231048,0.0129222378117439,0.0090455664682207,0.13680906249199545,close,0.3067839583153865,close,0.49748749997089603,close,-1.0,sl_first,-1.0,sl_first
60d,DOGE/USDT:USDT,2026-03-04T00:00:00+00:00,adaptive_trend_route,SHORT,0.08991,0.0967034670501803,0.0763230658996392,0.0067934670501803,0.0132347738402017,0.0092643416881412,0.08537614088885642,close,-0.025024041295008233,close,-1.0,sl_first,-1.0,sl_first,-1.0,sl_first
60d,DOGE/USDT:USDT,2026-03-06T12:00:00+00:00,4h_flip,SHORT,0.09304,0.10116492,0.07679016,0.00812492,0.0114511896732521,0.0080158327712765,0.3520034658802796,close,0.27569502222791015,close,0.3076953373079368,close,0.46031222461267224,close,-0.7433919349359751,close
60d,DOGE/USDT:USDT,2026-03-08T08:00:00+00:00,adaptive_trend_route,SHORT,0.08926,0.0940493279809034,0.0796813440381931,0.0047893279809034,0.0186372702717183,0.0130460891902028,-0.008351902429629233,close,0.12945448765926035,close,-0.14198234130370274,close,-0.6284806578296251,close,-1.0,sl_first
60d,DOGE/USDT:USDT,2026-03-08T20:00:00+00:00,adaptive_trend_route,SHORT,0.08927,0.0940343416815032,0.0797413166369935,0.0047643416815032,0.0187371112249519,0.0131159778574663,0.04197851736294942,close,-0.22038721615547718,close,-0.40929054428874373,close,-1.0,sl_first,-1.0,sl_first
60d,DOGE/USDT:USDT,2026-03-10T12:00:00+00:00,adaptive_trend_route,LONG,0.09446,0.0891430704231358,0.1050938591537283,0.0053169295768641,0.0177658926330392,0.0124361248431274,0.8689225488528765,close,0.04890040318219583,close,-0.48148089287085927,close,0.03197334054220607,close,0.07711217424884717,close
60d,DOGE/USDT:USDT,2026-03-11T19:00:00+00:00,1h_continuation,LONG,0.09431,0.0868636,0.10920281,0.0074464,0.0126651804899011,0.0088656263429308,-0.1208637730984097,close,-0.333046841426731,close,-0.07117533304684179,close,0.20143962183068348,close,0.401536312849161,close
60d,DOGE/USDT:USDT,2026-03-12T08:00:00+00:00,15m_fast,LONG,0.09283,0.08610219,0.10628561,0.00672781,0.0137979520824755,0.0096585664577329,0.26754620002645885,close,0.18133686890682094,close,0.538065135608764,close,0.25862799335890957,close,1.0568074901045073,close
60d,DOGE/USDT:USDT,2026-03-12T16:00:00+00:00,aligned_trend,LONG,0.09405,0.08710102,0.10794795,0.0069489799999999,0.0135343604385104,0.0094740523069572,0.04748898399477558,close,0.09209984774744076,close,0.5583553269688594,close,0.11800292992640835,close,1.1354184355114163,close
60d,DOGE/USDT:USDT,2026-03-12T23:30:00+00:00,15m_fast,LONG,0.09494,0.08814024,0.10853953,0.00679976,0.0139622574914408,0.0097735802440086,0.1676529759873881,close,0.2353024224384396,close,0.1470640140240245,close,0.08676776827417544,close,1.125039707283787,close
60d,DOGE/USDT:USDT,2026-03-13T00:00:00+00:00,aligned_trend,LONG,0.09469,0.08809522,0.10787956,0.0065947799999999,0.0143583258273968,0.0100508280791777,0.3078192145909393,close,0.26687774269953274,close,0.1849947989167216,close,0.19712560540306565,close,0.9871443778261141,close
60d,DOGE/USDT:USDT,2026-03-13T09:00:00+00:00,15m_fast,LONG,0.09729,0.09065516,0.11055967,0.00663484,0.0146635035660241,0.0102644524962169,0.5064176378028712,close,0.06028781402415093,close,-0.4355794563244937,close,-0.13414038620373692,close,0.22155771653875586,close
60d,DOGE/USDT:USDT,2026-03-15T00:00:00+00:00,1h_continuation,LONG,0.09599,0.08962148,0.10872704,0.00636852,0.0150725757318811,0.0105508030123168,-0.006280894148092846,close,-0.06751961209197739,close,0.21198017749806708,close,1.0991564759159103,close,-0.09421341222136435,close
60d,DOGE/USDT:USDT,2026-03-15T00:00:00+00:00,aligned_trend,LONG,0.09599,0.08962148,0.10872704,0.00636852,0.0150725757318811,0.0105508030123168,-0.006280894148092846,close,-0.06751961209197739,close,0.21198017749806708,close,1.0991564759159103,close,-0.09421341222136435,close
60d,DOGE/USDT:USDT,2026-03-15T03:00:00+00:00,aligned_trend,LONG,0.09684,0.09047148,0.10957704,0.0063685199999999,0.0152060447325281,0.0106442313127697,-0.1852863773686852,close,-0.10363475344350088,close,0.19470771859082242,close,1.0426284285831104,close,-0.359581189978211,close
60d,DOGE/USDT:USDT,2026-03-15T09:00:00+00:00,15m_fast,LONG,0.0964,0.09029087,0.10861826,0.00610913,0.0157796609337172,0.011045762653602,-0.013095154301839499,close,-0.286456500352751,close,0.6432994550778921,close,0.7218703808889314,close,-0.6383887722147017,close
60d,DOGE/USDT:USDT,2026-03-15T09:00:00+00:00,aligned_trend,LONG,0.0964,0.09029087,0.10861826,0.00610913,0.0157796609337172,0.011045762653602,-0.013095154301839499,close,-0.286456500352751,close,0.6432994550778921,close,0.7218703808889314,close,-0.6383887722147017,close
60d,DOGE/USDT:USDT,2026-03-15T23:00:00+00:00,1h_continuation,LONG,0.0973,0.09153252,0.10883496,0.0057674799999999,0.0168704529534562,0.0118093170674194,0.13524104114795654,close,0.752495023823242,close,1.0212432466172587,close,0.6120524041695968,close,-0.5825767926373494,close
60d,DOGE/USDT:USDT,2026-03-15T23:00:00+00:00,aligned_trend,LONG,0.0973,0.09153252,0.10883496,0.0057674799999999,0.0168704529534562,0.0118093170674194,0.13524104114795654,close,0.752495023823242,close,1.0212432466172587,close,0.6120524041695968,close,-0.5825767926373494,close
60d,DOGE/USDT:USDT,2026-03-16T14:30:00+00:00,15m_fast,LONG,0.10059,0.09359663,0.11457675,0.0069933699999999,0.0143836233461121,0.0100685363422784,0.20161953392999582,close,0.31029389264403806,close,-0.21591879165552788,close,-0.8465160573514743,close,-1.0,sl_first
60d,DOGE/USDT:USDT,2026-03-16T17:00:00+00:00,aligned_trend,LONG,0.1011,0.09379187,0.11571627,0.0073081299999999,0.0138339082638103,0.0096837357846672,0.05610190294918306,close,0.28324619293855346,close,-0.16967404794386637,close,-1.0,sl_first,-1.0,sl_first
60d,DOGE/USDT:USDT,2026-03-16T19:30:00+00:00,15m_fast,LONG,0.10234,0.09503187,0.11695627,0.0073081299999999,0.0140035823117541,0.0098025076182279,0.06431193752711085,close,0.03420847740803785,close,-0.22167093360408457,close,-1.0,sl_first,-1.0,sl_first
60d,DOGE/USDT:USDT,2026-03-18T12:00:00+00:00,4h_flip,SHORT,0.09704,0.10430917,0.08250166,0.00726917,0.01334952958866,0.009344670712062,0.37693436802276,close,0.3370398546188915,close,0.42370724580660507,close,0.4154532085506316,close,0.7524930631695231,close
60d,DOGE/USDT:USDT,2026-03-19T03:00:00+00:00,15m_fast,SHORT,0.09451,0.10175808,0.08001385,0.00724808,0.0130393152393461,0.0091275206675422,-0.005518702884073903,close,0.04966832595666704,close,0.07864151609805646,close,-0.023454487257315523,close,0.5794638028277828,close
60d,DOGE/USDT:USDT,2026-03-19T05:30:00+00:00,15m_fast,SHORT,0.09441,0.10149821,0.08023357,0.00708821,0.0133193006414877,0.0093235104490414,-0.07053967080546435,close,0.24688884781912326,close,-0.047966976147716694,close,-0.047966976147716694,close,0.6489649714102704,close
60d,DOGE/USDT:USDT,2026-03-19T11:30:00+00:00,15m_fast,SHORT,0.09412,0.1012012,0.0799576,0.0070812,0.0132915325086143,0.00930407275603,0.25278201434785064,close,0.09320454160311725,close,-0.012709710218607968,close,0.024007230412922895,close,-0.11156301191888367,close
60d,DOGE/USDT:USDT,2026-03-19T17:30:00+00:00,15m_fast,SHORT,0.09257,0.0994069,0.0788962,0.0068369,0.0135397621729146,0.0094778335210402,-0.14480246895522894,close,-0.22524828504146613,close,-0.16089163217247637,close,-0.21208442422735552,close,-0.362737497988854,close
60d,DOGE/USDT:USDT,2026-03-22T00:00:00+00:00,1h_continuation,SHORT,0.09129,0.09664528,0.08057944,0.00535528,0.0170467277154509,0.0119327094008156,-0.18486428347350742,close,0.0,close,0.2259452353565085,close,-0.5209811625162458,close,-1.0,sl_first
60d,DOGE/USDT:USDT,2026-03-22T06:30:00+00:00,15m_fast,SHORT,0.09193,0.09753705,0.08071591,0.00560705,0.0163954307523564,0.0114768015266494,0.15694527425294796,close,0.067771822972863,close,0.20509893794419495,close,-0.2728707609170604,close,-1.0,sl_first
60d,DOGE/USDT:USDT,2026-03-22T19:00:00+00:00,15m_fast,SHORT,0.09072,0.09586224,0.08043552,0.00514224,0.0176421170540464,0.0123494819378325,0.05056162295030888,close,-0.04667226733874811,close,-0.9178879243286976,close,-0.421995083854508,close,-1.0,sl_first
60d,DOGE/USDT:USDT,2026-03-23T07:00:00+00:00,15m_fast,SHORT,0.09031,0.09544015,0.08004971,0.00513015,0.0176037737687981,0.0123226416381587,0.07602116897166777,close,-0.8888628987456496,close,-1.0,sl_first,-1.0,sl_first,-1.0,sl_first
60d,DOGE/USDT:USDT,2026-03-23T07:00:00+00:00,aligned_trend,SHORT,0.09031,0.09544015,0.08004971,0.00513015,0.0176037737687981,0.0123226416381587,0.07602116897166777,close,-0.8888628987456496,close,-1.0,sl_first,-1.0,sl_first,-1.0,sl_first
60d,DOGE/USDT:USDT,2026-03-23T16:00:00+00:00,4h_flip,LONG,0.09376,0.08731164,0.10665671,0.00644836,0.0145401311341178,0.0101780917938824,0.17058600946597333,close,0.04962502093555583,close,-0.07133596759486165,close,0.3349688913150024,close,-0.5815432140885418,close
60d,DOGE/USDT:USDT,2026-03-24T08:00:00+00:00,aligned_trend,LONG,0.0952,0.0886621,0.1082758,0.0065379,0.0145612505544593,0.0101928753881215,-0.157542941923248,close,-0.29061319383900225,close,0.24013827069854052,close,-0.3839153244925759,close,-0.5919331895562814,close
60d,DOGE/USDT:USDT,2026-03-25T00:00:00+00:00,1h_continuation,LONG,0.09506,0.088679,0.107822,0.006381,0.0148973515123021,0.0104281460586114,0.018805829807239476,close,0.2679830747531718,close,0.16768531578122356,close,-0.47798150760069125,close,-0.5767121140887013,close
60d,DOGE/USDT:USDT,2026-03-26T08:00:00+00:00,4h_flip,SHORT,0.09269,0.09864747,0.08077507,0.00595747,0.0155586180039513,0.0108910326027659,0.2383562149704473,close,0.3004631160542982,close,0.08728537449621948,close,0.2568204288061861,close,-0.03021416809484556,close
60d,DOGE/USDT:USDT,2026-03-27T10:00:00+00:00,1h_continuation,SHORT,0.09099,0.09624291,0.08048417,0.0052529099999999,0.0173218273299942,0.0121252791309959,0.22463739146492573,close,0.23986704512356413,close,0.0038074134146609223,close,0.02284448048795761,close,-0.03045930731727681,close
60d,DOGE/USDT:USDT,2026-03-28T03:30:00+00:00,15m_fast,SHORT,0.09,0.09511004,0.07977993,0.00511004,0.0176123865957996,0.0123286706170597,-0.10763125141877732,close,-0.2172194346815289,close,-1.0,sl_first,-1.0,sl_first,-1.0,sl_first
60d,DOGE/USDT:USDT,2026-03-28T16:00:00+00:00,4h_flip,LONG,0.094,0.08857979,0.10484041,0.0054202099999999,0.0173425014897946,0.0121397510428562,-0.32655561315890463,close,-0.5682436658358359,close,-0.7176843701627937,close,-1.0,sl_first,-1.0,sl_first
60d,DOGE/USDT:USDT,2026-03-29T16:00:00+00:00,adaptive_trend_route,SHORT,0.09011,0.0942099277642349,0.08191014447153,0.0040999277642349,0.021978436007107,0.0153849052049749,-0.11219709869348005,close,-0.07073295352414981,close,-0.673182592160877,close,-0.06341575143544745,close,-1.0,sl_first
60d,DOGE/USDT:USDT,2026-03-31T00:00:00+00:00,adaptive_trend_route,SHORT,0.09078,0.0951541750318904,0.0820316499362191,0.0043741750318904,0.020753627675655,0.0145275393729585,-0.19432235651362503,close,-0.10287654168368478,close,-0.34292180561227836,close,-0.3109157704217988,close,-0.09144581482994027,close
60d,DOGE/USDT:USDT,2026-04-01T16:00:00+00:00,adaptive_trend_route,LONG,0.09302,0.088688999754374,0.1016820004912519,0.0043310002456259,0.0214777175535706,0.0150344022874994,-0.04617870899499395,close,-0.2031863195779689,close,-0.6303393777816517,close,-0.3532671238116944,close,-0.5887785396861585,close
60d,DOGE/USDT:USDT,2026-04-02T08:00:00+00:00,adaptive_trend_route,SHORT,0.0902,0.094650731414393,0.0812985371712139,0.004450731414393,0.0202663318905979,0.0141864323234185,0.06515782980347498,close,-0.02022139545624935,close,-0.20895441971459325,close,-0.2516440323444554,close,-0.6313569025785005,close
60d,DOGE/USDT:USDT,2026-04-04T04:00:00+00:00,adaptive_trend_route,SHORT,0.09118,0.0947265932634367,0.0840868134731265,0.0035465932634367,0.0257091787039726,0.0179964250927808,-0.03947450119057047,close,0.028196072278979467,close,-0.0479333228742647,close,-0.3101567950687663,close,-1.0,sl_first
60d,DOGE/USDT:USDT,2026-04-05T08:00:00+00:00,adaptive_trend_route,SHORT,0.09003,0.0931774412192753,0.0837351175614493,0.0031474412192753,0.028604187887178,0.0200229315210246,-0.08578396900520162,close,-0.18745385819654956,close,-1.0,sl_first,-1.0,sl_first,-1.0,sl_first
60d,DOGE/USDT:USDT,2026-04-06T08:00:00+00:00,adaptive_trend_route,LONG,0.09205,0.0887081253972131,0.0987337492055736,0.0033418746027868,0.0275444207042473,0.0192810944929731,0.28726392043538723,close,0.22143260533561082,close,-0.4458575431757641,close,0.7480831261338263,close,0.11071630266780541,close
60d,DOGE/USDT:USDT,2026-04-07T04:00:00+00:00,adaptive_trend_route,SHORT,0.09045,0.0937943877028405,0.0837612245943188,0.0033443877028405,0.0270453093471118,0.0189317165429783,-0.032890923473547135,close,-0.002990083952139517,close,-1.0,sl_first,-1.0,sl_first,-1.0,sl_first
60d,DOGE/USDT:USDT,2026-04-08T13:30:00+00:00,15m_fast,LONG,0.09472,0.09026891,0.10362218,0.00445109,0.0212801808096443,0.014896126566751,-0.3100364180459151,close,-0.27184352596779726,close,-0.74813135658906,close,-0.4201218128593213,close,-1.0,sl_first
60d,DOGE/USDT:USDT,2026-04-09T04:00:00+00:00,4h_flip,SHORT,0.09148,0.09610283,0.08223434,0.0046228299999999,0.0197887441242702,0.0138521208869891,0.030284479420615566,close,-0.032447656522087254,close,-0.1406065115957134,close,-0.4607567226136456,close,0.13844333449424173,close
60d,DOGE/USDT:USDT,2026-04-10T01:00:00+00:00,1h_continuation,SHORT,0.0924,0.09736084,0.08247831,0.00496084,0.018625877875521,0.0130381145128647,-0.06652099241257747,close,0.06853678006143982,close,-0.2318155796195802,close,-0.12296304658082087,close,-0.1874682513445304,close
60d,DOGE/USDT:USDT,2026-04-10T20:00:00+00:00,4h_flip,LONG,0.095,0.09019774,0.10460452,0.00480226,0.0197823524757093,0.0138476467329965,-0.28111764044429166,close,-0.289447052013011,close,-0.06871764544193712,close,-0.8620940973624929,close,-0.4372941073577867,close
60d,DOGE/USDT:USDT,2026-04-11T04:00:00+00:00,15m_fast,LONG,0.09361,0.08895912,0.10291175,0.0046508799999999,0.0201273737443236,0.0140891616210265,-0.16771019677996846,close,-0.1591096738681756,close,-0.5396828127150244,close,-0.528932159075284,close,-0.1849112426035542,close
60d,DOGE/USDT:USDT,2026-04-11T19:00:00+00:00,1h_continuation,LONG,0.09392,0.08970285,0.10235429,0.00421715,0.0222709649882029,0.015589675491742,-0.0687668211944082,close,-0.5785898059115748,close,-0.6852969422477274,close,-0.5121942544135278,close,0.2750672847776328,close
60d,DOGE/USDT:USDT,2026-04-11T19:00:00+00:00,aligned_trend,LONG,0.09392,0.08970285,0.10235429,0.00421715,0.0222709649882029,0.015589675491742,-0.0687668211944082,close,-0.5785898059115748,close,-0.6852969422477274,close,-0.5121942544135278,close,0.2750672847776328,close
60d,DOGE/USDT:USDT,2026-04-12T16:00:00+00:00,4h_flip,SHORT,0.09059,0.09487824,0.08201352,0.0042882399999999,0.02112521687219,0.0147876518105329,-0.06296289386788025,close,-0.04430722161073078,close,-0.2518515754715274,close,-1.0,sl_first,-1.0,sl_first
60d,DOGE/USDT:USDT,2026-04-14T00:00:00+00:00,4h_flip,LONG,0.09409,0.08991032,0.10244936,0.0041796799999999,0.022511292730544,0.0157579049113808,-0.13637407648432434,close,-0.1291964935114678,close,-0.2847107912567529,close,0.18183210197910576,close,1.0574972246679442,close
60d,DOGE/USDT:USDT,2026-04-14T14:00:00+00:00,15m_fast,LONG,0.09704,0.09272494,0.10567011,0.0043150599999999,0.0224886791840669,0.0157420754288468,-0.5561915709167555,close,-1.0,sl_first,-1.0,sl_first,-1.0,sl_first,-1.0,sl_first
60d,DOGE/USDT:USDT,2026-04-15T17:00:00+00:00,1h_continuation,LONG,0.09441,0.08972878,0.10377243,0.00468122,0.0201678195000448,0.0141174736500314,0.15380605910425324,close,0.10253737273616882,close,0.5148230589461742,close,1.6085550347986228,close,-0.08758400587880803,close
60d,DOGE/USDT:USDT,2026-04-15T17:00:00+00:00,aligned_trend,LONG,0.09441,0.08972878,0.10377243,0.00468122,0.0201678195000448,0.0141174736500314,0.15380605910425324,close,0.10253737273616882,close,0.5148230589461742,close,1.6085550347986228,close,-0.08758400587880803,close
60d,DOGE/USDT:USDT,2026-04-16T00:00:00+00:00,1h_continuation,LONG,0.09485,0.08976732,0.10501536,0.00508268,0.0186614148441373,0.0130629903908961,0.4210377202578173,close,0.3128270912195917,close,0.8499453044456843,close,0.8873271581134362,close,-0.12788528886335512,close
60d,DOGE/USDT:USDT,2026-04-16T02:30:00+00:00,15m_fast,LONG,0.09584,0.09075732,0.10600536,0.0050826799999999,0.0188561939764061,0.0131993357834843,0.09247090117812282,close,-0.049186649562830066,close,0.30298976130703287,close,0.6925480258446486,close,-0.39939559445017786,close
60d,DOGE/USDT:USDT,2026-04-16T12:30:00+00:00,15m_fast,LONG,0.09673,0.09145698,0.10727604,0.00527302,0.0183443264011894,0.0128410284808326,0.25222737634220954,close,0.3451532518367088,close,0.4342862344538804,close,-0.16688728660236296,close,-0.42480400226056264,close
60d,DOGE/USDT:USDT,2026-04-16T16:00:00+00:00,15m_fast,LONG,0.09725,0.09162719,0.10849561,0.00562281,0.0172956226513077,0.0121069358559154,0.3805926218385475,close,0.34146627753738634,close,0.5833382241263695,close,-0.23297959561144796,close,-0.3147892246047808,close
60d,DOGE/USDT:USDT,2026-04-16T16:00:00+00:00,aligned_trend,LONG,0.09725,0.09162719,0.10849561,0.00562281,0.0172956226513077,0.0121069358559154,0.3805926218385475,close,0.34146627753738634,close,0.5833382241263695,close,-0.23297959561144796,close,-0.3147892246047808,close
60d,DOGE/USDT:USDT,2026-04-17T07:30:00+00:00,15m_fast,LONG,0.09809,0.09207459,0.11012083,0.0060154099999999,0.0163064529267331,0.0114145170487132,0.06815828015048257,close,0.46048399028496056,close,0.14130375153148625,close,-0.7381043021174074,close,-0.4155992692102523,close
60d,DOGE/USDT:USDT,2026-04-17T09:00:00+00:00,aligned_trend,LONG,0.0985,0.09252212,0.11045577,0.00597788,0.0164774133973917,0.0115341893781741,0.2609620802023446,close,0.5754548435231217,close,-0.24423374172783713,close,-0.7444110621156681,close,-1.0,sl_first
60d,DOGE/USDT:USDT,2026-04-17T12:30:00+00:00,15m_fast,LONG,0.09902,0.09307268,0.11091464,0.0059473199999999,0.0166495160845557,0.011654661259189,0.3749588049743493,close,0.16309867301574743,close,-0.5330131891339369,close,-0.6860232844373716,close,-1.0,sl_first
60d,DOGE/USDT:USDT,2026-04-17T13:00:00+00:00,aligned_trend,LONG,0.10006,0.09411268,0.11195464,0.0059473199999999,0.0168243847649025,0.0117770693354317,0.3161087683191821,close,0.013451436949754168,close,-0.6759347067250565,close,-1.0,sl_first,-1.0,sl_first
60d,DOGE/USDT:USDT,2026-04-18T12:00:00+00:00,4h_flip,SHORT,0.09595,0.10215914,0.08353171,0.00620914,0.0154530257008216,0.0108171179905751,0.0016105289943528609,close,0.19487400831676993,close,0.23835829116431506,close,0.24480040714172874,close,-0.3027794509384563,close
60d,DOGE/USDT:USDT,2026-04-19T22:00:00+00:00,1h_continuation,SHORT,0.09378,0.09943932,0.08246137,0.0056593199999999,0.0165708954432688,0.0115996268102881,-0.04240792179979368,close,-0.019436964158238257,close,-0.3321953874317102,close,-0.14666072955761683,close,-0.7262356608214547,close
60d,DOGE/USDT:USDT,2026-04-20T05:30:00+00:00,15m_fast,SHORT,0.09364,0.09922625,0.0824675,0.00558625,0.0167625867084358,0.0117338106959051,-0.1324681136719632,close,-0.20765271872902114,close,-0.30073842022823916,close,-0.6283284851197134,close,-0.6444394719176535,close
60d,DOGE/USDT:USDT,2026-04-21T20:00:00+00:00,adaptive_trend_route,SHORT,0.0938,0.097666482452226,0.0860670350955478,0.003866482452226,0.0242597764658147,0.0169818435260703,-0.34398190511230897,close,-0.6336508778384603,close,-1.0,sl_first,-1.0,sl_first,-1.0,sl_first
60d,DOGE/USDT:USDT,2026-04-23T16:00:00+00:00,adaptive_trend_route,LONG,0.09733,0.0934954308314578,0.1049991383370843,0.0038345691685421,0.0253822517529403,0.0177675762270582,-0.30511902343512487,close,-0.06258851762771876,close,0.19037340778430656,close,0.21123624699354857,close,,insufficient
60d,DOGE/USDT:USDT,2026-04-25T14:00:00+00:00,15m_fast,LONG,0.09823,0.09468346,0.10532308,0.00354654,0.0276974177649201,0.0193881924354441,-0.1409824786975476,close,-0.08458948721852699,close,0.08740913679248076,close,,insufficient,,insufficient
60d,DOGE/USDT:USDT,2026-04-25T23:00:00+00:00,15m_fast,LONG,0.09799,0.09389138,0.10618723,0.0040986199999999,0.0239080470987796,0.0167356329691457,-0.029278147278839716,close,0.10491336108251322,close,0.26594317111614013,close,,insufficient,,insufficient
60d,DOGE/USDT:USDT,2026-04-26T05:30:00+00:00,15m_fast,LONG,0.09841,0.09455196,0.10612608,0.0038580399999999,0.0255077707851655,0.0178554395496159,-0.007775969144955217,close,-0.007775969144955217,close,-0.025919897149849526,close,,insufficient,,insufficient
60d,DOGE/USDT:USDT,2026-04-26T15:30:00+00:00,15m_fast,LONG,0.09904,0.09526342,0.10659315,0.00377658,0.0262247853878376,0.0183573497714863,0.03177478035682949,close,-0.05560586562445436,close,,insufficient,,insufficient,,insufficient
60d,DOGE/USDT:USDT,2026-04-27T01:00:00+00:00,15m_fast,LONG,0.0999,0.09616095,0.1073781,0.00373905,0.0267180166084967,0.0187026116259477,0.013372380684931866,close,,insufficient,,insufficient,,insufficient,,insufficient
60d,ETH/USDT:USDT,2026-02-26T09:30:00+00:00,15m_fast,LONG,2064.51,1916.12252434,2361.28495132,148.3874756600003,0.0139129666490883,0.0097390766543618,0.04211945767121616,close,-0.4936400439066549,close,-0.18687560979565349,close,-1.0,sl_first,-1.0,sl_first
60d,ETH/USDT:USDT,2026-02-27T12:00:00+00:00,4h_flip,SHORT,1960.79,2116.79371645,1648.7825671,156.00371644999996,0.0125688672335472,0.008798207063483,0.08589538957743123,close,0.261339927841187,close,0.6315234165051201,close,-0.1378813305828779,close,-0.046793757008600785,close
60d,ETH/USDT:USDT,2026-02-28T06:30:00+00:00,15m_fast,SHORT,1879.3,2022.42318423,1593.05363153,143.1231842300001,0.0131306469326447,0.0091914528528513,0.16740823737890098,close,-0.14637740288347154,close,-1.0,sl_first,-1.0,sl_first,-1.0,sl_first
60d,ETH/USDT:USDT,2026-03-01T04:00:00+00:00,4h_flip,LONG,2022.29,1854.61229764,2357.64540472,167.67770236,0.0120605779512543,0.008442404565878,-0.09554043128289906,close,-0.2384932488766004,close,-0.3037374634980063,close,-0.08707180379090632,close,0.4890930567734445,close
60d,ETH/USDT:USDT,2026-03-01T14:00:00+00:00,15m_fast,LONG,2005.86,1844.8361648,2327.9076704,161.0238351999999,0.0124569135836854,0.0087198395085797,-0.28449204394555355,close,-0.48582869674439255,close,-0.49328100961788474,close,-0.3407570061404172,close,0.3290196133646696,close
60d,ETH/USDT:USDT,2026-03-02T16:00:00+00:00,breakout_trader_route,LONG,2046.39,2010.82679891,2153.07960327,35.56320109000012,0.0575423453817102,0.0402796417671971,-0.11106986657370196,close,-0.5539433851903566,close,-1.0,sl_first,-1.0,sl_first,-1.0,sl_first
60d,ETH/USDT:USDT,2026-03-05T05:00:00+00:00,15m_fast,LONG,2136.28,1946.81225882,2515.21548235,189.4677411800003,0.0112751647678665,0.0078926153375065,-0.10334213031757616,close,0.004011236927545041,close,-0.34971652476212894,close,-0.8544462450006174,close,-1.0,sl_first
60d,ETH/USDT:USDT,2026-03-06T16:00:00+00:00,4h_flip,SHORT,1976.43,2149.55095964,1630.18808071,173.12095964000014,0.0114164686015484,0.0079915280210839,-0.035177716278051434,close,-0.007104858952710096,close,-0.02171891842454431,close,0.1988782875949638,close,-0.34317046372398335,close
60d,ETH/USDT:USDT,2026-03-07T04:30:00+00:00,15m_fast,SHORT,1972.84,2127.7362749,1663.04745019,154.89627489999998,0.0127365232073763,0.0089155662451634,-0.07592177415236209,close,-0.08883364050480463,close,0.1483573443895649,close,-0.08534743658964537,close,-0.2391277648472371,close
60d,ETH/USDT:USDT,2026-03-08T03:00:00+00:00,15m_fast,SHORT,1941.19,2070.24312568,1683.08374863,129.05312568,0.0150417898812724,0.0105292529168906,-0.042308157754649404,close,-0.24726251171260943,close,-0.13707533162632698,close,-0.7766568959246305,close,-1.0,sl_first
60d,ETH/USDT:USDT,2026-03-08T17:00:00+00:00,1h_continuation,SHORT,1935.64,2058.45352568,1690.01294863,122.81352567999988,0.0157608047589437,0.0110325633312606,-0.17701633333648653,close,-0.11594814106308965,close,-0.7381923082008205,close,-1.0,sl_first,-1.0,sl_first
60d,ETH/USDT:USDT,2026-03-10T04:00:00+00:00,adaptive_trend_route,LONG,2025.61,1908.3131708612132,2260.203658277573,117.29682913878672,0.0172690942702575,0.0120883659891802,0.20793400963244812,close,0.2997523484492359,close,-0.04544027352771336,close,-0.030179843956492654,close,0.43215149439396516,close
60d,ETH/USDT:USDT,2026-03-11T12:00:00+00:00,adaptive_trend_route,LONG,2016.96,1909.37297873231,2232.13404253538,107.58702126769003,0.0187472427085935,0.0131230698960154,0.2963182698466822,close,0.5406785996543747,close,0.4165000524413352,close,0.9579222362107573,close,0.7061260652525818,close
60d,ETH/USDT:USDT,2026-03-12T12:00:00+00:00,adaptive_trend_route,LONG,2061.77,1955.953039384754,2273.403921230492,105.816960615246,0.0194843056161541,0.0136390139313079,0.09100620490334352,close,0.06482892685741859,close,0.5504788614350675,close,0.10281905600710034,close,2.0,tp_first
60d,ETH/USDT:USDT,2026-03-13T08:00:00+00:00,adaptive_trend_route,LONG,2098.45,1988.2743126325404,2318.8013747349187,110.17568736745945,0.0190463980769298,0.0133324786538508,0.1957782203623528,close,0.2591315804981532,close,-0.20104253968595318,close,0.0591782103274236,close,2.0,tp_first
60d,ETH/USDT:USDT,2026-03-15T04:00:00+00:00,aligned_trend,LONG,2095.17,1984.62944602,2316.25110796,110.54055398000014,0.0189538583312968,0.0132677008319078,0.08865524594505668,close,0.2119584094380328,close,1.266141655354131,close,2.0,tp_first,2.0,tp_first
60d,ETH/USDT:USDT,2026-03-15T06:00:00+00:00,aligned_trend,LONG,2106.89,1996.34944602,2327.97110796,110.54055397999991,0.0190598827682842,0.013341917937799,0.08422248364780588,close,-0.09525915712259717,close,1.5606941867797586,close,2.0,tp_first,2.0,tp_first
60d,ETH/USDT:USDT,2026-03-15T21:00:00+00:00,1h_continuation,LONG,2128.0,2025.61669793,2332.76660413,102.3833020699999,0.0207846392622214,0.014549247483555,0.41403235823569795,close,1.3112489760118569,close,2.0,tp_first,2.0,tp_first,2.0,tp_first
60d,ETH/USDT:USDT,2026-03-15T21:00:00+00:00,aligned_trend,LONG,2128.0,2025.61669793,2332.76660413,102.3833020699999,0.0207846392622214,0.014549247483555,0.41403235823569795,close,1.3112489760118569,close,2.0,tp_first,2.0,tp_first,2.0,tp_first
60d,ETH/USDT:USDT,2026-03-16T11:00:00+00:00,15m_fast,LONG,2277.12,2148.49234889,2534.37530222,128.62765111,0.0177031919680524,0.0123922343776366,0.0755669555971903,close,0.3384964245577754,close,0.2701596406380961,close,0.2686825087900025,close,-1.0,sl_first
60d,ETH/USDT:USDT,2026-03-18T16:00:00+00:00,4h_flip,SHORT,2186.25,2337.65148034,1883.44703932,151.40148034000003,0.0144400833802309,0.0101080583661616,0.00885064001349873,close,-0.10369779717306966,close,0.4532980777062334,close,0.3511194202369702,close,0.8206656878187296,close
60d,ETH/USDT:USDT,2026-03-19T04:30:00+00:00,15m_fast,SHORT,2193.84,2346.35414078,1888.81171844,152.5141407799997,0.0143845022420878,0.0100691515694614,0.2334865463482972,close,0.25669750883279485,close,0.2661392562841164,close,0.252238905869672,close,0.9287663378330863,close
60d,ETH/USDT:USDT,2026-03-19T12:30:00+00:00,15m_fast,SHORT,2154.69,2307.69703976,1848.67592049,153.00703975999977,0.0140822932289896,0.0098576052602927,0.2814249597112786,close,0.09829613084202568,close,0.08555161919695037,close,-0.024835458590403703,close,0.23038155666099824,close
60d,ETH/USDT:USDT,2026-03-20T07:00:00+00:00,15m_fast,SHORT,2135.65,2281.97806441,1842.99387118,146.32806441000002,0.0145949446444946,0.0102164612511462,-0.07818049152858368,close,0.051254692872760035,close,-0.12950352399183912,close,0.1918292305251177,close,-0.1681837322131508,close
60d,ETH/USDT:USDT,2026-03-20T09:30:00+00:00,15m_fast,SHORT,2141.23,2285.35391695,1852.98216609,144.12391694999997,0.0148568679322172,0.010399807552552,-0.03254144141549475,close,0.07798844381879838,close,-0.08853492376582099,close,0.42206735209051605,close,-0.05578532814084724,close
60d,ETH/USDT:USDT,2026-03-20T10:00:00+00:00,aligned_trend,SHORT,2140.18,2284.30391695,1851.93216609,144.12391694999997,0.0148495825348854,0.0103947077744198,0.09651416846258463,close,0.029627282482763403,close,-0.12017436360690145,close,0.3910523748778789,close,0.019705265164177813,close
60d,ETH/USDT:USDT,2026-03-20T12:00:00+00:00,aligned_trend,SHORT,2140.37,2283.93006574,1853.24986851,143.56006574000003,0.0149092297288049,0.0104364608101634,0.05071048109705152,close,0.057606549268218385,close,-0.11256612287477981,close,0.4973527953749464,close,0.04346612665461559,close
60d,ETH/USDT:USDT,2026-03-20T14:00:00+00:00,15m_fast,SHORT,2126.27,2269.83006574,1839.14986851,143.56006574000003,0.0148110130003065,0.0103677091002145,-0.06714959310104221,close,-0.14230977044131737,close,-0.1993590616755027,close,0.3391611709636714,close,0.12461682786075234,close
60d,ETH/USDT:USDT,2026-03-21T08:30:00+00:00,15m_fast,SHORT,2149.32,2273.15644027,1901.64711947,123.83644026999993,0.0173561190495612,0.0121492833346928,-0.07404928613909054,close,0.013727784780423049,close,0.5912637656602457,close,0.7843410210131048,close,-0.17490812843759618,close
60d,ETH/USDT:USDT,2026-03-21T15:00:00+00:00,15m_fast,SHORT,2151.08,2268.15169453,1916.93661093,117.07169453000006,0.0183740400156997,0.0128618280109898,0.0083709388843679,close,0.01973149879886636,close,0.6329454809506623,close,-0.25018857135013356,close,-0.08900528895419643,close
60d,ETH/USDT:USDT,2026-03-22T12:00:00+00:00,1h_continuation,SHORT,2068.97,2192.52569255,1821.85861489,123.55569255,0.0167452422247784,0.0117216695573448,-0.10513477551625958,close,0.05641180795598883,close,-1.0,sl_first,-1.0,sl_first,-1.0,sl_first
60d,ETH/USDT:USDT,2026-03-23T07:00:00+00:00,15m_fast,SHORT,2036.2,2156.23124076,1796.13751848,120.03124076000016,0.0169639169528484,0.0118747418669939,-0.09689144198095738,close,-1.0,sl_first,-1.0,sl_first,-1.0,sl_first,-1.0,sl_first
60d,ETH/USDT:USDT,2026-03-23T12:00:00+00:00,4h_flip,LONG,2133.89,1983.76540975,2434.13918049,150.12459024999998,0.0142141270557106,0.0099498889389974,-0.04223158903842331,close,0.1297588887174333,close,0.20556259270123223,close,0.3405171658744984,close,-1.0,sl_first
60d,ETH/USDT:USDT,2026-03-25T01:00:00+00:00,1h_continuation,LONG,2160.64,2017.68701142,2446.54597716,142.95298857999978,0.0151143394864449,0.0105800376405114,0.03203850472448748,close,0.1026211494122797,close,0.032108457791573036,close,-0.6752569565621871,close,-1.0,sl_first
60d,ETH/USDT:USDT,2026-03-25T20:00:00+00:00,adaptive_trend_route,LONG,2171.73,2062.5757943054086,2390.038411389183,109.15420569459138,0.0198959809764582,0.0139271866835207,-0.034171839520653856,close,-0.1793792541057364,close,-1.0,sl_first,-1.0,sl_first,-1.0,sl_first
60d,ETH/USDT:USDT,2026-03-26T12:00:00+00:00,adaptive_trend_route,SHORT,2067.33,2175.578226490088,1850.833547019824,108.2482264900882,0.0190980496127508,0.0133686347289256,-0.01939985594306431,close,0.17986437867213287,close,0.7121594736432814,close,0.6551608492772274,close,-0.056074821702099355,close
60d,ETH/USDT:USDT,2026-03-27T04:30:00+00:00,15m_fast,SHORT,2050.53,2172.76024094,1806.06951811,122.23024093999992,0.0167759630041681,0.0117431741029177,-0.02307121362367259,close,0.5279380904736704,close,0.49537659039486653,close,0.37167561522112075,close,-0.02307121362367259,close
60d,ETH/USDT:USDT,2026-03-27T08:30:00+00:00,15m_fast,SHORT,2053.35,2173.33593802,1813.37812396,119.98593802000003,0.017113255385458,0.0119792787698206,0.5613157767602198,close,0.5743173003199216,close,0.41779895900504516,close,0.4137151471177027,close,0.023336067927668364,close
60d,ETH/USDT:USDT,2026-03-28T09:00:00+00:00,15m_fast,SHORT,1998.19,2109.50392706,1775.56214588,111.31392705999995,0.0179509433614981,0.0125656603530487,-0.005030817030631725,close,-0.2271952905440867,close,-0.04500784522047742,close,-0.5679433083510137,close,-1.0,sl_first
60d,ETH/USDT:USDT,2026-03-29T00:00:00+00:00,1h_continuation,SHORT,1993.48,2100.61794749,1779.20410502,107.13794749,0.0186066659545262,0.0130246661681683,-0.155500458897209,close,-0.10752492716061442,close,0.09371096082400751,close,-0.30064044304196175,close,-1.0,sl_first
60d,ETH/USDT:USDT,2026-03-29T00:00:00+00:00,aligned_trend,SHORT,1993.48,2100.61794749,1779.20410502,107.13794749,0.0186066659545262,0.0130246661681683,-0.155500458897209,close,-0.10752492716061442,close,0.09371096082400751,close,-0.30064044304196175,close,-1.0,sl_first
60d,ETH/USDT:USDT,2026-03-29T05:30:00+00:00,15m_fast,SHORT,1999.23,2104.81595124,1788.05809752,105.58595123999976,0.0189346212874068,0.0132542349011847,-0.022351458430634918,close,0.08533332222882582,close,-0.5137994151957609,close,-0.6108767240576327,close,-1.0,sl_first
60d,ETH/USDT:USDT,2026-03-29T10:00:00+00:00,aligned_trend,SHORT,1998.06,2099.4533833,1795.27323341,101.3933833000001,0.0197060196136092,0.0137942137295264,0.11775916348182498,close,0.03718191342767806,close,-0.5542767996380709,close,-0.18955872044561717,close,-1.0,sl_first
60d,ETH/USDT:USDT,2026-03-29T13:30:00+00:00,15m_fast,SHORT,1990.22,2087.99028449,1794.67943102,97.77028448999975,0.0203560827339473,0.0142492579137631,0.00818244525085514,close,-0.13337385758894602,close,-0.8413599329192276,close,-1.0,sl_first,-1.0,sl_first
60d,ETH/USDT:USDT,2026-03-29T14:00:00+00:00,aligned_trend,SHORT,1986.12,2083.89028449,1790.57943102,97.77028449,0.0203141477020366,0.0142199033914256,-0.08356322212436341,close,-0.1962764054548989,close,-1.0,sl_first,-1.0,sl_first,-1.0,sl_first
60d,ETH/USDT:USDT,2026-03-29T18:00:00+00:00,aligned_trend,SHORT,1994.29,2089.74169274,1803.38661452,95.45169274,0.0208931863097727,0.0146252304168409,-0.11545106936989855,close,-0.16060479976774403,close,-0.4859002356965441,close,-1.0,sl_first,-1.0,sl_first
60d,ETH/USDT:USDT,2026-03-29T22:30:00+00:00,15m_fast,SHORT,1993.72,2085.93228612,1809.29542777,92.21228611999982,0.0216209800655574,0.0151346860458902,-0.21493882034555914,close,-0.5501436102992056,close,-1.0,sl_first,-1.0,sl_first,-1.0,sl_first
60d,ETH/USDT:USDT,2026-03-29T23:00:00+00:00,aligned_trend,SHORT,1972.83,2065.04228612,1788.40542777,92.21228612000004,0.0213944375853849,0.0149761063097694,-0.6078365731770251,close,-0.7446946918834295,close,-1.0,sl_first,-1.0,sl_first,-1.0,sl_first
60d,ETH/USDT:USDT,2026-03-30T08:00:00+00:00,4h_flip,LONG,2058.7,1951.60649322,2272.88701355,107.09350677999988,0.0192233876908069,0.0134563713835648,0.10925032106788095,close,0.13726322390579848,close,-0.034549246833429935,close,0.6669872165708193,close,0.029600300665400214,close
60d,ETH/USDT:USDT,2026-03-30T16:00:00+00:00,15m_fast,LONG,2073.4,1963.99544569,2292.20910863,109.4045543100001,0.0189516790509925,0.0132661753356947,-0.46350904054973974,close,-0.43608787861621146,close,-0.18043124552261813,close,0.5532676439454862,close,-0.20081430922654098,close
60d,ETH/USDT:USDT,2026-03-31T02:00:00+00:00,1h_continuation,LONG,2072.2,1957.71046082,2301.17907836,114.48953917999984,0.0180994701772892,0.0126696291241024,-0.0769502616841606,close,-0.47969448032850337,close,0.17302890850888328,close,0.23023937548178158,close,-0.16970982798220627,close
60d,ETH/USDT:USDT,2026-03-31T14:00:00+00:00,1h_continuation,LONG,2074.36,1952.09152785,2318.8969443,122.2684721500002,0.0169656164301714,0.0118759315011199,0.1485256148266986,close,0.22197054991170778,close,0.3616631435923257,close,-0.2999137828025932,close,-0.15138816797589458,close
60d,ETH/USDT:USDT,2026-03-31T17:00:00+00:00,15m_fast,LONG,2090.41,1964.53213301,2342.16573399,125.8778669899998,0.0166066525433424,0.0116246567803396,0.12861673292641865,close,0.18668889584748782,close,0.43359489086620734,close,-0.22617161126714644,close,-0.22672770585052324,close
60d,ETH/USDT:USDT,2026-04-01T04:30:00+00:00,15m_fast,LONG,2109.21,2004.05901792,2319.51196416,105.15098207999996,0.020058871142024,0.0140412097994168,0.24945083232835583,close,0.21597515829877872,close,-0.5620489588488675,close,-0.5617636548088452,close,-0.6925280064868792,close
60d,ETH/USDT:USDT,2026-04-01T21:30:00+00:00,15m_fast,LONG,2154.51,2029.26006016,2405.00987968,125.24993984000024,0.0172016849090088,0.0120411794363062,-0.3489822035510525,close,-0.8708986219022837,close,-1.0,sl_first,-1.0,sl_first,-1.0,sl_first
60d,ETH/USDT:USDT,2026-04-02T01:00:00+00:00,15m_fast,LONG,2154.58,2030.71862729,2402.30274542,123.86137270999984,0.0173950922136522,0.0121765645495565,-0.8968897854870227,close,-0.884052853639653,close,-1.0,sl_first,-1.0,sl_first,-1.0,sl_first
60d,ETH/USDT:USDT,2026-04-02T04:00:00+00:00,4h_flip,SHORT,2054.73,2194.26270323,1775.66459354,139.53270323000015,0.0147257951178159,0.0103080565824711,-0.0005016745062609337,close,0.1626142078147713,close,0.012398527083277065,close,0.0395606182079124,close,-0.5684688833789182,close
60d,ETH/USDT:USDT,2026-04-03T00:00:00+00:00,adaptive_trend_route,SHORT,2055.96,2161.679790412644,1844.5204191747123,105.71979041264376,0.0194472576229598,0.0136130803360718,0.027998542074729932,close,-0.08531988159258797,close,0.028755259428100314,close,-0.08011744978816014,close,-1.0,sl_first
60d,ETH/USDT:USDT,2026-04-04T04:00:00+00:00,adaptive_trend_route,SHORT,2049.21,2132.4012741119886,1882.8274517760224,83.1912741119886,0.0246325113045082,0.0172427579131557,-0.04219192502418882,close,-0.022237909200783685,close,-0.07789278466004636,close,-1.0,sl_first,-1.0,sl_first
60d,ETH/USDT:USDT,2026-04-05T04:00:00+00:00,adaptive_trend_route,SHORT,2055.69,2123.022117693602,1921.025764612796,67.33211769360196,0.0305306007061075,0.0213714204942752,0.29243102214013744,close,0.21995446611962458,close,-1.0,sl_first,-1.0,sl_first,-1.0,sl_first
60d,ETH/USDT:USDT,2026-04-06T00:00:00+00:00,adaptive_trend_route,LONG,2109.35,2031.8736894415072,2264.302621116985,77.47631055849251,0.0272257414530277,0.0190580190171194,0.24562346687421396,close,0.31880712726185434,close,-0.041432019372896874,close,2.0,tp_first,2.0,tp_first
60d,ETH/USDT:USDT,2026-04-07T12:00:00+00:00,4h_flip,SHORT,2088.47,2193.93201968,1877.54596064,105.46201968000014,0.0198030533298809,0.0138621373309166,0.08733001727015256,close,-0.22804418190524217,close,-1.0,sl_first,-1.0,sl_first,-1.0,sl_first
60d,ETH/USDT:USDT,2026-04-08T00:00:00+00:00,4h_flip,LONG,2239.14,2105.18097768,2507.05804463,133.9590223199998,0.0167151115409842,0.0117005780786889,-0.03919108925309159,close,0.10159823328277742,close,-0.3752640108100787,close,-0.37489076234100027,close,-0.19729914075413413,close
60d,ETH/USDT:USDT,2026-04-08T13:30:00+00:00,15m_fast,LONG,2259.64,2136.96085203,2504.99829594,122.67914797000005,0.0184191041215298,0.0128933728850709,-0.33681355539006597,close,-0.32858069742917806,close,-0.6689808444061668,close,-0.3329824234676733,close,-0.5529056985021372,close
60d,ETH/USDT:USDT,2026-04-09T16:00:00+00:00,1h_continuation,LONG,2217.0,2091.83684471,2467.32631059,125.16315528999984,0.0177128803988942,0.012399016279226,-0.013102897543610454,close,-0.2243471725759812,close,0.04977503152237787,close,0.25079265481339175,close,0.35313906794367356,close
60d,ETH/USDT:USDT,2026-04-10T05:30:00+00:00,15m_fast,LONG,2200.66,2074.30628565,2453.3674287,126.3537143499998,0.0174166625122247,0.0121916637585573,-0.060623465162105594,close,0.14348608660430834,close,0.26789873312497847,close,0.13501779577879083,close,1.4907357569105004,close
60d,ETH/USDT:USDT,2026-04-10T09:30:00+00:00,15m_fast,LONG,2193.0,2069.79583667,2439.40832665,123.20416333000004,0.0177997231645986,0.012459806215219,0.20932734173050574,close,0.40769726154026065,close,0.4186546834610115,close,0.16371200010485934,close,1.4567689528418468,close
60d,ETH/USDT:USDT,2026-04-11T02:30:00+00:00,15m_fast,LONG,2247.99,2127.31343636,2489.34312728,120.6765636399996,0.0186282235107901,0.013039756457553,-0.1435241398791273,close,-0.06546424394024668,close,-0.20749679345112024,close,-0.3931997942993463,close,0.567467268990924,close
60d,ETH/USDT:USDT,2026-04-11T09:30:00+00:00,15m_fast,LONG,2244.58,2133.80633033,2466.12733934,110.77366966999988,0.0202627574466632,0.0141839302126642,-0.07303179558915622,close,0.11365516767212248,close,-0.28355113713910324,close,-0.4997577507806706,close,0.7826769687984859,close
60d,ETH/USDT:USDT,2026-04-11T10:00:00+00:00,aligned_trend,LONG,2242.5,2131.72633033,2464.04733934,110.77366966999988,0.0202439804213448,0.0141707862949413,-0.035387470792273494,close,0.14443865629499117,close,-0.26630877254388996,close,-0.5002993957417763,close,0.7513518352145073,close
60d,ETH/USDT:USDT,2026-04-11T15:30:00+00:00,15m_fast,LONG,2247.04,2140.40944959,2460.30110081,106.63055041000008,0.0210731351508551,0.0147511946055985,0.6863886542701003,close,0.3675306921826103,close,-0.6286190940801287,close,-0.32729831990745384,close,1.095183318016975,close
60d,ETH/USDT:USDT,2026-04-11T16:00:00+00:00,aligned_trend,LONG,2248.39,2144.30806034,2456.55387933,104.08193966,0.0216021147121654,0.0151214802985157,0.6422824192014093,close,0.3406931127132689,close,-0.6064452700073738,close,-0.3872910144803113,close,1.2039552722532336,close
60d,ETH/USDT:USDT,2026-04-12T04:00:00+00:00,4h_flip,SHORT,2212.71,2337.62038318,1962.88923364,124.91038317999984,0.0177143800512677,0.0124000660358874,-0.034424680242984645,close,0.07685510007735709,close,0.15563157765665,close,-1.0,sl_first,-1.0,sl_first
60d,ETH/USDT:USDT,2026-04-12T22:30:00+00:00,15m_fast,SHORT,2187.13,2298.97976817,1963.43046366,111.84976817000006,0.0195541755319133,0.0136879228723393,-0.11989296195605917,close,-0.07536895371286877,close,-1.0,sl_first,-1.0,sl_first,-1.0,sl_first
60d,ETH/USDT:USDT,2026-04-13T07:30:00+00:00,15m_fast,SHORT,2183.45,2291.53326949,1967.28346102,108.08326949000002,0.0202015539528253,0.0141410877669777,-0.02035467663386903,close,-0.26544348755710506,close,-1.0,sl_first,-1.0,sl_first,-1.0,sl_first
60d,ETH/USDT:USDT,2026-04-13T20:00:00+00:00,4h_flip,LONG,2261.2,2147.14589728,2489.30820543,114.05410271999972,0.0198256787443341,0.0138779751210338,0.9434119197286218,close,0.9072887123932851,close,0.4501372486883589,close,0.9863739867051078,close,1.3718051018656106,close
60d,ETH/USDT:USDT,2026-04-14T14:00:00+00:00,15m_fast,LONG,2390.33,2262.29760965,2646.3947807,128.0323903499998,0.0186697287574308,0.0130688101302015,-0.4123175382080184,close,-0.5297097071655182,close,-0.5045598213343052,close,-0.6497574541300454,close,-0.23689317927352105,close
60d,ETH/USDT:USDT,2026-04-15T19:00:00+00:00,1h_continuation,LONG,2357.12,2232.40820113,2606.54359773,124.71179886999973,0.0189005372495434,0.0132303760746804,0.04386112661001878,close,-0.013070134620536026,close,-0.12011694270896736,close,0.4962641912054753,close,-0.7085135552579642,close
60d,ETH/USDT:USDT,2026-04-16T12:30:00+00:00,15m_fast,LONG,2339.64,2224.12617811,2570.66764379,115.51382188999968,0.0202541995556857,0.01417793968898,-0.07652763847098537,close,0.08959966721433477,close,0.1610196918054718,close,0.1207647688541068,close,-0.3208274074360648,close
60d,ETH/USDT:USDT,2026-04-16T20:00:00+00:00,1h_continuation,LONG,2358.39,2233.62951071,2607.91097857,124.7604892899999,0.0189033404198827,0.0132323382939179,-0.09193615755496376,close,-0.2719611007707027,close,0.5457657339073763,close,-0.09097431458141661,close,-0.36710340157082727,close
60d,ETH/USDT:USDT,2026-04-16T20:00:00+00:00,aligned_trend,LONG,2358.39,2233.62951071,2607.91097857,124.7604892899999,0.0189033404198827,0.0132323382939179,-0.09193615755496376,close,-0.2719611007707027,close,0.5457657339073763,close,-0.09097431458141661,close,-0.36710340157082727,close
60d,ETH/USDT:USDT,2026-04-17T07:30:00+00:00,15m_fast,LONG,2336.22,2216.73988424,2575.18023153,119.48011576,0.0195532117217962,0.0136872482052573,0.12094062604547541,close,0.8949606327365035,close,0.574154113959827,close,-0.291261853728888,close,-0.09231661628245935,close
60d,ETH/USDT:USDT,2026-04-17T13:00:00+00:00,15m_fast,LONG,2370.72,2252.71265529,2606.73468943,118.00734470999988,0.0200895970147111,0.0140627179102977,0.6718225903212112,close,0.4625983249953951,close,-0.12058571468555529,close,-0.3501476971754816,close,-1.0,sl_first
60d,ETH/USDT:USDT,2026-04-19T04:00:00+00:00,4h_flip,SHORT,2338.6,2432.7896383,2150.22072341,94.1896383000003,0.0248286334060589,0.0173800433842412,0.2583086679078993,close,0.1161486570864135,close,0.5683215369136796,close,0.30215637848988264,close,-0.04469706090802584,close
60d,ETH/USDT:USDT,2026-04-19T16:00:00+00:00,15m_fast,SHORT,2329.47,2442.6071328,2103.1957344,113.13713280000002,0.0205897917186743,0.014412854203072,0.27258954895487403,close,0.5945881633655822,close,0.14813880805718777,close,0.17819083355805046,close,0.156358920914775,close
60d,ETH/USDT:USDT,2026-04-20T05:30:00+00:00,15m_fast,SHORT,2265.01,2380.67078381,2033.68843239,115.66078380999988,0.0195832150309547,0.0137082505216683,-0.331573059914576,close,-0.43696746931115243,close,-0.44518114354632293,close,-1.0,sl_first,-1.0,sl_first
60d,ETH/USDT:USDT,2026-04-22T12:00:00+00:00,adaptive_trend_route,LONG,2397.59,2297.2742428416745,2598.221514316651,100.3157571583256,0.0239004326729643,0.016730302871075,0.05083947073190825,close,-0.008373559885257075,close,-0.6944073590558445,close,-1.0,sl_first,-1.0,sl_first
60d,ETH/USDT:USDT,2026-04-23T00:00:00+00:00,adaptive_trend_route,LONG,2373.04,2276.731593120685,2565.6568137586305,96.30840687931504,0.0246400088724723,0.0172480062107306,-0.3470102048503303,close,-0.3138874474154838,close,-0.4579039507450479,close,-0.6142765924280504,close,0.2143115089201304,close
60d,ETH/USDT:USDT,2026-04-23T20:00:00+00:00,adaptive_trend_route,SHORT,2311.78,2408.451929368049,2118.4361412639023,96.67192936804896,0.0239136636158217,0.0167395645310752,-0.17750757755820074,close,0.04799738693881798,close,-0.0888572314233626,close,0.02999836683676006,close,,insufficient
60d,ETH/USDT:USDT,2026-04-24T22:30:00+00:00,15m_fast,SHORT,2311.85,2397.18005767,2141.18988467,85.33005767000031,0.0270930321990486,0.018965122539334,-0.06304929525310245,close,-0.024493127709849558,close,-0.04242350349743854,close,-0.6393995444255012,close,,insufficient
60d,ETH/USDT:USDT,2026-04-26T16:00:00+00:00,adaptive_trend_route,LONG,2347.0,2285.8337001593536,2469.332599681293,61.16629984064639,0.0383708023227582,0.0268595616259307,0.3135713628250943,close,0.3485579486668988,close,,insufficient,,insufficient,,insufficient
60d,LINK/USDT:USDT,2026-02-27T12:00:00+00:00,4h_flip,SHORT,8.841,9.54179695,7.43940611,0.7007969500000009,0.0126156370971648,0.0088309459680154,0.04280840548749438,close,0.24828875182747195,close,0.8147866511119933,close,-0.04138145863791199,close,0.14269468495831714,close
60d,LINK/USDT:USDT,2026-02-28T04:00:00+00:00,15m_fast,SHORT,8.674,9.3059971,7.4100058,0.6319971000000013,0.0137247465217798,0.0096073225652459,0.5205720089538357,close,0.6392434395664143,close,-0.5965217245458878,close,-0.23417828974215132,close,-0.3512674346132298,close
60d,LINK/USDT:USDT,2026-03-01T00:00:00+00:00,4h_flip,LONG,8.84,8.12619489,10.26761021,0.7138051099999991,0.0123843327487526,0.0086690329241268,0.29559889253244565,close,0.18772631089738276,close,-0.23956118778695712,close,0.14709897495690463,close,0.5869949572089797,close
60d,LINK/USDT:USDT,2026-03-01T14:00:00+00:00,15m_fast,LONG,8.96,8.23453323,10.41093354,0.7254667700000006,0.0123506690733746,0.0086454683513622,-0.2577650799911911,close,-0.4672853589145098,close,-0.49347539377992494,close,-0.4576363987009363,close,0.16265390074310151,close
60d,LINK/USDT:USDT,2026-03-02T12:00:00+00:00,adaptive_trend_route,SHORT,8.689,9.29501688480394,7.476966230392122,0.6060168848039389,0.0143378843360298,0.0100365190352208,-0.6798490443600309,close,-0.5692910686995404,close,0.03630261887359421,close,-1.0,sl_first,-1.0,sl_first
60d,LINK/USDT:USDT,2026-03-03T20:00:00+00:00,adaptive_trend_route,SHORT,8.802,9.417843752451768,7.570312495096464,0.6158437524517684,0.0142925863337216,0.0100048104336051,-0.004871365485249552,close,0.07794184776398995,close,-1.0,sl_first,-1.0,sl_first,-1.0,sl_first
60d,LINK/USDT:USDT,2026-03-05T05:00:00+00:00,15m_fast,LONG,9.336,8.54888746,10.91022508,0.7871125400000007,0.0118610738942108,0.0083027517259475,-0.11434197198789359,close,0.17532435704810365,close,-0.1791357561143669,close,-0.6924041637044678,close,-1.0,sl_first
60d,LINK/USDT:USDT,2026-03-05T13:00:00+00:00,1h_continuation,LONG,9.474,8.70228562,11.01742877,0.7717143800000006,0.012276562735555,0.0085935939148885,-0.38615322938520313,close,-0.25786742499213205,close,-0.540355357898086,close,-1.0,sl_first,-1.0,sl_first
60d,LINK/USDT:USDT,2026-03-06T16:00:00+00:00,4h_flip,SHORT,8.784,9.51893038,7.31413925,0.7349303799999998,0.0119521525290599,0.0083665067703419,0.001360673102125976,close,-0.009524711714869748,close,0.050344904778600694,close,0.30070875556947335,close,-0.24900317768874908,close
60d,LINK/USDT:USDT,2026-03-07T04:30:00+00:00,15m_fast,SHORT,8.784,9.44200475,7.4679905,0.6580047499999999,0.0133494477053547,0.0093446133937483,0.013677712812863953,close,-0.018236950417149237,close,0.2857122232020371,close,0.05015161364716783,close,-0.1443758574691123,close
60d,LINK/USDT:USDT,2026-03-07T14:30:00+00:00,15m_fast,SHORT,8.742,9.24314287,7.73971426,0.5011428699999989,0.0174441272605554,0.0122108890823888,0.039908778907702294,close,0.15963511563079855,close,0.3412200596608339,close,-0.34122005966083035,close,-0.6824401193216607,close
60d,LINK/USDT:USDT,2026-03-07T18:30:00+00:00,15m_fast,SHORT,8.722,9.20395409,7.75809181,0.4819540900000003,0.018097159420309,0.0126680115942163,0.12449318564761777,close,0.15561648205952405,close,0.39422842121746365,close,-0.43987592262159164,close,-0.6577389975049283,close
60d,LINK/USDT:USDT,2026-03-08T15:00:00+00:00,1h_continuation,SHORT,8.581,9.11407204,7.51485592,0.5330720400000004,0.0160972614508162,0.0112680830155713,0.08254043862439056,close,0.06565716708758561,close,-0.647192075577628,close,-1.0,sl_first,-1.0,sl_first
60d,LINK/USDT:USDT,2026-03-08T22:30:00+00:00,15m_fast,SHORT,8.505,9.02765395,7.45969209,0.5226539499999987,0.0162727173495962,0.0113909021447173,-0.0478327964420792,close,-0.5395539438666841,close,-1.0,sl_first,-1.0,sl_first,-1.0,sl_first
60d,LINK/USDT:USDT,2026-03-09T16:00:00+00:00,4h_flip,LONG,8.923,8.34745348,10.07409304,0.5755465199999996,0.0155035252406703,0.0108524676684692,0.14073580012263748,close,-0.1042487408315848,close,0.357920676855104,close,0.11988605195632299,close,0.3770329460075628,close
60d,LINK/USDT:USDT,2026-03-10T00:30:00+00:00,15m_fast,LONG,8.944,8.45631564,9.91936872,0.4876843600000011,0.0183397310506327,0.0128378117354429,0.09432330370405824,close,0.32398004315742074,close,0.049212158454290146,close,0.11482836972667944,close,0.34448510918004194,close
60d,LINK/USDT:USDT,2026-03-10T04:00:00+00:00,adaptive_trend_route,LONG,8.933,8.438543094109558,9.921913811780882,0.4944569058904413,0.0180662862497855,0.0126464003748499,0.2871837733649997,close,0.26493714303390964,close,-0.020224209391901032,close,-0.14763672856088148,close,0.08291925850679674,close
60d,LINK/USDT:USDT,2026-03-10T15:00:00+00:00,15m_fast,LONG,9.144,8.58167928,10.26864143,0.5623207200000007,0.0162611827641705,0.0113828279349194,-0.3254370566320224,close,-0.3432205023496189,close,-0.1511592885995749,close,-0.36100394806721536,close,-0.2347414834722781,close
60d,LINK/USDT:USDT,2026-03-10T20:00:00+00:00,adaptive_trend_route,LONG,8.967,8.461943872627632,9.977112254744736,0.5050561273723684,0.0177544623538223,0.0124281236476756,0.02375973550193423,close,-0.0871190301737694,close,0.2276974652268952,close,0.12473861138516615,close,0.38609570190647435,close
60d,LINK/USDT:USDT,2026-03-11T16:00:00+00:00,adaptive_trend_route,LONG,8.992,8.523254918522662,9.92949016295468,0.4687450814773388,0.0191831346190556,0.0134281942333389,0.19200201464802114,close,0.002133355718310167,close,0.08106751729582802,close,0.5717393325074392,close,0.4288044993805785,close
60d,LINK/USDT:USDT,2026-03-13T00:00:00+00:00,adaptive_trend_route,LONG,9.052,8.6177623200902,9.9204753598196,0.4342376799097991,0.020845726704049,0.0145920086928343,0.527360960586307,close,0.32240408070778587,close,0.0667837024323266,close,0.25331749198469067,close,2.0,tp_first
60d,LINK/USDT:USDT,2026-03-14T08:00:00+00:00,4h_flip,SHORT,8.974,9.54485324,7.83229351,0.5708532399999999,0.0157203276975357,0.0110042293882749,-0.022772928467568832,close,-0.042042329478587416,close,-0.4204232947858897,close,-1.0,sl_first,-1.0,sl_first
60d,LINK/USDT:USDT,2026-03-15T16:00:00+00:00,1h_continuation,SHORT,9.152,9.61388204,8.22823592,0.4618820400000007,0.0198145829614851,0.0138702080730395,-0.08876725321469592,close,-0.729623520325668,close,-1.0,sl_first,-1.0,sl_first,-1.0,sl_first
60d,LINK/USDT:USDT,2026-03-16T00:00:00+00:00,4h_flip,LONG,9.489,8.98395375,10.4990925,0.5050462500000013,0.018788378292087,0.0131518648044609,0.4059034197363104,close,0.3801632028749801,close,0.8494271564237877,close,0.5880649544472374,close,-1.0,sl_first
60d,LINK/USDT:USDT,2026-03-16T11:00:00+00:00,15m_fast,LONG,9.719,9.16776624,10.82146751,0.5512337599999988,0.0176313584276841,0.0123419508993789,-0.03809636042610864,close,0.24671928656909783,close,0.04898103483357239,close,0.06349393404351762,close,-1.0,sl_first
60d,LINK/USDT:USDT,2026-03-16T17:00:00+00:00,15m_fast,LONG,9.787,9.22823722,10.90452556,0.5587627800000003,0.0175154830463117,0.0122608381324181,0.2738192404297197,close,0.2935055910488519,close,0.07158672952410883,close,-1.0,sl_first,-1.0,sl_first
60d,LINK/USDT:USDT,2026-03-18T12:00:00+00:00,4h_flip,SHORT,9.551,10.1246517,8.4036966,0.5736516999999992,0.0166494756312933,0.0116546329419053,0.611869536863573,close,0.6728821687445562,close,0.8036235227752326,close,0.8175692672051701,close,1.3231025027904588,close
60d,LINK/USDT:USDT,2026-03-18T20:30:00+00:00,15m_fast,SHORT,9.15,9.7775007,7.8949986,0.6275006999999988,0.0145816570403826,0.0102071599282678,-0.13227076878161306,close,-0.06374494881041443,close,0.18167310410968623,close,0.23426268687827842,close,0.7298796638792611,close
60d,LINK/USDT:USDT,2026-03-19T04:30:00+00:00,15m_fast,SHORT,9.19,9.80521744,7.95956512,0.6152174400000003,0.0149378080049226,0.0104564656034458,0.19180210495983382,close,0.26169609236044983,close,0.09427561091246014,close,0.09590105247991547,close,0.8484804982121442,close
60d,LINK/USDT:USDT,2026-03-19T12:30:00+00:00,15m_fast,SHORT,9.029,9.62736606,7.83226788,0.59836606,0.015089425359453,0.0105625977516171,0.16043690713340272,close,-0.011698524478476725,close,-0.09358819582781974,close,-0.1353686403938076,close,0.040109226783349196,close
60d,LINK/USDT:USDT,2026-03-20T07:30:00+00:00,15m_fast,SHORT,9.072,9.63234577,7.95130847,0.5603457700000014,0.0161900035401355,0.0113330024780948,-0.04818453434564333,close,0.12849209158837585,close,-0.10707674299031533,close,0.32836867850362966,close,-0.23378422219552028,close
60d,LINK/USDT:USDT,2026-03-20T15:00:00+00:00,1h_continuation,SHORT,8.996,9.53728793,7.91342414,0.5412879299999993,0.0166196205409568,0.0116337343786697,0.005542336774441133,close,-0.24755770925836185,close,-0.1274737458121395,close,0.42306504044899224,close,-0.13486352817806319,close
60d,LINK/USDT:USDT,2026-03-20T15:00:00+00:00,aligned_trend,SHORT,8.996,9.53728793,7.91342414,0.5412879299999993,0.0166196205409568,0.0116337343786697,0.005542336774441133,close,-0.24755770925836185,close,-0.1274737458121395,close,0.42306504044899224,close,-0.13486352817806319,close
60d,LINK/USDT:USDT,2026-03-20T21:00:00+00:00,aligned_trend,SHORT,9.023,9.5443197,7.98036061,0.5213197000000012,0.0173079973766577,0.0121155981636603,-0.2033301254489321,close,-0.14962028099072605,close,-0.14194744606812226,close,0.63492708984525,close,-0.46804293027867394,close
60d,LINK/USDT:USDT,2026-03-21T10:30:00+00:00,15m_fast,SHORT,9.104,9.57999394,8.15201212,0.4759939400000004,0.0191262939187839,0.0133884057431487,-0.008403468329872713,close,0.07983294913376092,close,0.6449661943175125,close,0.955894522522702,close,-0.6659748651421905,close
60d,LINK/USDT:USDT,2026-03-21T15:00:00+00:00,15m_fast,SHORT,9.065,9.5230658,8.1488684,0.4580657999999999,0.0197897332653954,0.0138528132857768,0.021830924727407698,close,-0.015281647309185,close,0.6505615568767633,close,-0.3471117031657913,close,-0.5588716730216494,close
60d,LINK/USDT:USDT,2026-03-21T15:00:00+00:00,aligned_trend,SHORT,9.065,9.5230658,8.1488684,0.4580657999999999,0.0197897332653954,0.0138528132857768,0.021830924727407698,close,-0.015281647309185,close,0.6505615568767633,close,-0.3471117031657913,close,-0.5588716730216494,close
60d,LINK/USDT:USDT,2026-03-21T17:00:00+00:00,aligned_trend,SHORT,9.061,9.5060611,8.1708778,0.4450611000000002,0.0203590023931545,0.0142513016752081,-0.08088777024098392,close,0.4718453264057429,close,0.6336208668877147,close,0.011234412533471875,close,-0.5662143916868955,close
60d,LINK/USDT:USDT,2026-03-21T19:00:00+00:00,aligned_trend,SHORT,9.055,9.5000611,8.1648778,0.4450611000000002,0.0203455210981143,0.01424186476868,-0.03819700261379719,close,0.37073561360451196,close,0.6583365744613473,close,-0.260638370776506,close,-0.7190024021420882,close
60d,LINK/USDT:USDT,2026-03-21T23:30:00+00:00,15m_fast,SHORT,9.057,9.48462817,8.20174367,0.4276281700000002,0.02117961499122,0.014825730493854,0.2993254630535684,close,0.39520315043791526,close,0.7927447810559353,close,-0.11926248918540641,close,-1.0,sl_first
60d,LINK/USDT:USDT,2026-03-22T08:00:00+00:00,15m_fast,SHORT,8.837,9.32758786,7.85582429,0.4905878599999997,0.0180130833241572,0.01260915832691,0.17733826515804896,close,0.09172668887485302,close,0.3954439475938096,close,-0.8214634581459083,close,-1.0,sl_first
60d,LINK/USDT:USDT,2026-03-22T19:00:00+00:00,15m_fast,SHORT,8.762,9.22647116,7.83305767,0.4644711599999986,0.018864465126317,0.0132051255884219,0.09042542060092588,close,0.05597764132438251,close,-1.0,sl_first,-1.0,sl_first,-1.0,sl_first
60d,LINK/USDT:USDT,2026-03-23T07:00:00+00:00,15m_fast,SHORT,8.631,9.09457513,7.70384975,0.4635751300000006,0.0186183413247384,0.0130328389273168,-0.04530010054680671,close,-1.0,sl_first,-1.0,sl_first,-1.0,sl_first,-1.0,sl_first
60d,LINK/USDT:USDT,2026-03-23T12:00:00+00:00,4h_flip,LONG,8.972,8.38623879,10.14352241,0.5857612099999994,0.0153168216789227,0.0107217751752459,0.12291698181926562,close,0.2560770454568006,close,0.45923150151919484,close,0.7528665136429932,close,-0.6265351712176358,close
60d,LINK/USDT:USDT,2026-03-24T07:00:00+00:00,15m_fast,LONG,9.132,8.53789489,10.32021021,0.5941051099999992,0.0153710174282123,0.0107597121997486,0.16663717974080433,close,-0.02861446520801594,close,0.29456067125899815,close,-0.06564494959486168,close,-1.0,sl_first
60d,LINK/USDT:USDT,2026-03-25T00:00:00+00:00,1h_continuation,LONG,9.246,8.66141129,10.41517741,0.5845887100000002,0.0158162479737249,0.0110713735816074,-0.01026362619969213,close,0.06500296593138147,close,0.21553615019352562,close,-0.5816054846491985,close,-1.0,sl_first
60d,LINK/USDT:USDT,2026-03-25T05:00:00+00:00,15m_fast,LONG,9.266,8.69316763,10.41166474,0.5728323700000004,0.0161757618550781,0.0113230332985546,0.1658425832325093,close,0.27931382439159297,close,-0.07681130170768885,close,-0.6703531785398232,close,-1.0,sl_first
60d,LINK/USDT:USDT,2026-03-25T17:00:00+00:00,15m_fast,LONG,9.421,8.85860688,10.54578624,0.5623931199999994,0.0167516274025543,0.011726139181788,-0.19203648863983058,close,-0.09424012868436069,close,-1.0,sl_first,-1.0,sl_first,-1.0,sl_first
60d,LINK/USDT:USDT,2026-03-25T23:00:00+00:00,15m_fast,LONG,9.375,8.8154921,10.49401579,0.5595078999999998,0.0167557955839408,0.0117290569087585,-0.1983886197138605,close,-0.50401433116494,close,-1.0,sl_first,-1.0,sl_first,-1.0,sl_first
60d,LINK/USDT:USDT,2026-03-26T12:00:00+00:00,4h_flip,SHORT,8.939,9.48740796,7.84218409,0.5484079600000005,0.0162999092865099,0.0114099365005569,0.021881520465166924,close,0.20240406430278757,close,0.6382110135673438,close,0.7366778556605917,close,0.20605098438031325,close
60d,LINK/USDT:USDT,2026-03-27T03:30:00+00:00,15m_fast,SHORT,8.919,9.45378873,7.84942254,0.5347887299999989,0.0166776139803844,0.011674329786269,0.014959178365634054,close,0.6002370319209988,close,0.7442191236902103,close,0.6843824102276808,close,0.43194627530763474,close
60d,LINK/USDT:USDT,2026-03-27T18:00:00+00:00,15m_fast,SHORT,8.539,9.08218383,7.45263234,0.5431838300000003,0.0157202765038127,0.0110041935526688,0.014727978923818691,close,0.02025097102025152,close,-0.11230083929412979,close,0.20435070756800477,close,-0.4142244072324457,close
60d,LINK/USDT:USDT,2026-03-28T09:00:00+00:00,15m_fast,SHORT,8.555,9.03887542,7.58724915,0.4838754200000004,0.0176801706521897,0.0123761194565328,0.08886584898236663,close,-0.1591318691079615,close,0.07439931542709807,close,-0.4856621979268946,close,-1.0,sl_first
60d,LINK/USDT:USDT,2026-03-28T10:00:00+00:00,aligned_trend,SHORT,8.534,9.01787542,7.56624915,0.4838754199999986,0.017636771051524,0.0123457397360668,-0.1839316409169924,close,-0.13639874494967968,close,0.06819937247484352,close,-0.44846254021334536,close,-1.0,sl_first
60d,LINK/USDT:USDT,2026-03-29T00:00:00+00:00,1h_continuation,SHORT,8.428,8.91445819,7.45508361,0.4864581899999987,0.0173252299442219,0.0121276609609553,-0.22406858850500652,close,-0.17062103528362557,close,0.039057827354083974,close,-1.0,sl_first,-1.0,sl_first
60d,LINK/USDT:USDT,2026-03-29T10:00:00+00:00,aligned_trend,SHORT,8.501,8.96858385,7.5658323,0.4675838500000004,0.0181806963606634,0.0127264874524643,0.1582603847416881,close,0.15612173089382483,close,-0.5346634619651637,close,-0.05132769234865765,close,-1.0,sl_first
60d,LINK/USDT:USDT,2026-03-29T10:30:00+00:00,15m_fast,SHORT,8.466,8.93358385,7.5308323,0.4675838500000004,0.0181058434759882,0.0126740904331918,0.07271423082725995,close,0.09410076930586604,close,-0.6330415389667562,close,-0.20958807709034577,close,-1.0,sl_first
60d,LINK/USDT:USDT,2026-03-29T13:30:00+00:00,15m_fast,SHORT,8.447,8.90132786,7.53834428,0.4543278600000011,0.0185923002828837,0.0130146101980186,0.09684636112783972,close,-0.03741791225394189,close,-1.0,sl_first,-1.0,sl_first,-1.0,sl_first
60d,LINK/USDT:USDT,2026-03-29T22:30:00+00:00,15m_fast,SHORT,8.426,8.85885413,7.56029175,0.432854129999999,0.0194661420927184,0.0136262994649029,-0.288780887917138,close,-0.5382875750775465,close,-1.0,sl_first,-1.0,sl_first,-1.0,sl_first
60d,LINK/USDT:USDT,2026-03-30T00:00:00+00:00,aligned_trend,SHORT,8.409,8.87565026,7.47569948,0.4666502599999997,0.0180199192431608,0.0126139434702125,-0.4778739435396417,close,-0.7071677191393835,close,-1.0,sl_first,-1.0,sl_first,-1.0,sl_first
60d,LINK/USDT:USDT,2026-03-30T08:00:00+00:00,4h_flip,LONG,8.739,8.25662809,9.70374382,0.4823719100000012,0.0181167265730709,0.0126817086011496,0.2612092399824839,close,0.18035876094028677,close,-0.06633885459872643,close,0.6571692783686297,close,-0.037315605711784994,close
60d,LINK/USDT:USDT,2026-03-31T02:00:00+00:00,1h_continuation,LONG,8.788,8.28437247,9.79525505,0.503627530000001,0.0174494035304225,0.0122145824712957,-0.06552461498679273,close,-0.5222113255008108,close,-0.06155342619971652,close,-0.10126531407049978,close,-0.28989678145672554,close
60d,LINK/USDT:USDT,2026-03-31T14:00:00+00:00,1h_continuation,LONG,8.742,8.22197096,9.78205807,0.5200290400000007,0.0168105996542039,0.0117674197579427,0.042305329717737365,close,0.042305329717737365,close,0.3980546932532819,close,-0.4922802003518878,close,-0.09614847663122937,close
60d,LINK/USDT:USDT,2026-04-01T04:30:00+00:00,15m_fast,LONG,8.822,8.30590998,9.85418005,0.51609002,0.0170939170650887,0.0119657419455621,0.5057257259111521,close,0.41078104939909804,close,-0.5774186449100489,close,-0.3352128374813371,close,-0.5716057055317596,close
60d,LINK/USDT:USDT,2026-04-01T17:00:00+00:00,15m_fast,LONG,9.047,8.49793558,10.14512885,0.5490644200000006,0.0164771193879217,0.0115339835715452,-0.14205983334341915,close,-0.09106399573296092,close,-1.0,sl_first,-1.0,sl_first,-1.0,sl_first
60d,LINK/USDT:USDT,2026-04-02T04:00:00+00:00,4h_flip,SHORT,8.56,9.16224473,7.35551054,0.6022447299999989,0.0142134909175544,0.009949443642288,0.0,close,0.13449681826190732,close,-0.14113863644767674,close,-0.132836363715462,close,-0.6625213640308648,close
60d,LINK/USDT:USDT,2026-04-04T04:00:00+00:00,adaptive_trend_route,SHORT,8.64,8.995218419839333,7.929563160321337,0.355218419839332,0.0243230629872964,0.0170261440911075,-0.039412370581265614,close,-0.047857878562966104,close,-0.01689101596340098,close,-1.0,sl_first,-1.0,sl_first
60d,LINK/USDT:USDT,2026-04-05T04:00:00+00:00,adaptive_trend_route,SHORT,8.646,8.938437222339633,8.061125555320736,0.2924372223396325,0.0295653198003592,0.0206957238602514,0.4069249428918341,close,0.3556318828634504,close,-1.0,sl_first,-1.0,sl_first,-1.0,sl_first
60d,LINK/USDT:USDT,2026-04-06T04:00:00+00:00,adaptive_trend_route,LONG,8.927,8.582574712807808,9.615850574384382,0.3444252871921911,0.0259185383070282,0.0181429768149197,0.09290839316958706,close,0.3367929252397518,close,-0.4064742201169395,close,-1.0,sl_first,-1.0,sl_first
60d,LINK/USDT:USDT,2026-04-07T08:00:00+00:00,4h_flip,SHORT,8.76,9.1942579,7.89148421,0.4342579000000004,0.0201723445906222,0.0141206412134355,0.19343344127993883,close,0.338508522239895,close,-1.0,sl_first,-1.0,sl_first,-1.0,sl_first
60d,LINK/USDT:USDT,2026-04-08T00:00:00+00:00,4h_flip,LONG,9.285,8.71042309,10.43415383,0.5745769099999993,0.016159716546911,0.0113118015828377,-0.18970480383557375,close,-0.05917397550834533,close,-0.7553383932535677,close,-1.0,sl_first,-1.0,sl_first
60d,LINK/USDT:USDT,2026-04-09T04:00:00+00:00,4h_flip,SHORT,8.755,9.31699342,7.63101317,0.5619934199999985,0.0155784742106055,0.0109049319474238,0.0071175210556759655,close,-0.005338140791752233,close,-0.27580394090735044,close,-0.5160202765363336,close,0.05338140791755394,close
60d,LINK/USDT:USDT,2026-04-09T14:00:00+00:00,15m_fast,SHORT,8.735,9.24509126,7.71481748,0.5100912600000012,0.0171243867224856,0.0119870707057399,-0.531277481602018,close,-0.5802883193881826,close,-0.5665652848080539,close,-0.48618751083874784,close,-1.0,sl_first
60d,LINK/USDT:USDT,2026-04-10T08:00:00+00:00,1h_continuation,SHORT,8.895,9.41799866,7.84900269,0.5229986600000007,0.0170076917596691,0.0119053842317683,-0.16634841856000093,close,-0.3040160752993143,close,-0.21223763747310653,close,0.1988532819567818,close,-1.0,sl_first
60d,LINK/USDT:USDT,2026-04-10T20:00:00+00:00,4h_flip,LONG,9.153,8.63781303,10.18337394,0.5151869700000002,0.017766365480866,0.0124364558366062,-0.141696130241804,close,-0.20963263104266883,close,0.20769158816264174,close,-0.7667119376097598,close,-0.2698049603234357,close
60d,LINK/USDT:USDT,2026-04-11T17:00:00+00:00,1h_continuation,LONG,9.089,8.64756063,9.97187873,0.4414393700000012,0.0205894639619478,0.0144126247733635,0.2174704082238968,close,-0.06795950256997027,close,-0.8381671983629371,close,-0.45759398397111567,close,0.42814486619079656,close
60d,LINK/USDT:USDT,2026-04-12T04:00:00+00:00,4h_flip,SHORT,8.788,9.31011891,7.74376218,0.5221189099999997,0.0168314148974225,0.0117819904281957,-0.0057458175571540124,close,0.013406907633358228,close,0.02298327022861605,close,-1.0,sl_first,-1.0,sl_first
60d,LINK/USDT:USDT,2026-04-12T13:00:00+00:00,15m_fast,SHORT,8.754,9.23010763,7.80178474,0.4761076299999995,0.0183865988453073,0.0128706191917151,0.07351278953458523,close,-0.14072448282334865,close,0.002100365415272691,close,-1.0,sl_first,-1.0,sl_first
60d,LINK/USDT:USDT,2026-04-14T07:30:00+00:00,15m_fast,LONG,9.219,8.67540596,10.30618807,0.5435940399999986,0.0169593470892359,0.0118715429624651,-0.09565962128650222,close,-0.28513925575784416,close,-0.3789592689426839,close,0.16924394535304466,close,0.3182522015877888,close
60d,LINK/USDT:USDT,2026-04-14T14:00:00+00:00,15m_fast,LONG,9.235,8.72346229,10.25807543,0.5115377099999989,0.0180534099822279,0.0126373869875595,-0.29323351351750565,close,-0.38706823784310845,close,-0.18375966847097083,close,0.019548900901166812,close,0.2463161513547095,close
60d,LINK/USDT:USDT,2026-04-15T13:00:00+00:00,1h_continuation,LONG,9.159,8.66640447,10.14419106,0.4925955300000009,0.0185933477715479,0.0130153434400835,0.08323258637770935,close,0.24157750680360326,close,0.3369904716756124,close,0.9155584501548317,close,0.12586391110775869,close
60d,LINK/USDT:USDT,2026-04-16T03:00:00+00:00,15m_fast,LONG,9.277,8.78230817,10.26638366,0.4946918299999989,0.0187530891706863,0.0131271624194804,0.02425752614511641,close,-0.0646867363869747,close,0.3173693003985944,close,0.6670819689906761,close,-0.1475666173827831,close
60d,LINK/USDT:USDT,2026-04-16T12:30:00+00:00,15m_fast,LONG,9.314,8.84669827,10.24860346,0.4673017300000008,0.0199314477179444,0.0139520134025611,0.16263581990163054,close,0.5414060846725298,close,0.47292784471394894,close,0.15193609490810062,close,-0.164775764900335,close
60d,LINK/USDT:USDT,2026-04-16T13:00:00+00:00,aligned_trend,LONG,9.325,8.85769827,10.25960346,0.4673017299999991,0.0199549871129302,0.0139684909790511,0.027819284983173348,close,0.44510855973077734,close,0.609884324631113,close,0.09843746994046275,close,-0.24181378485373844,close
60d,LINK/USDT:USDT,2026-04-16T16:00:00+00:00,15m_fast,LONG,9.453,8.94579125,10.4674175,0.5072087500000002,0.0186372967737642,0.0130461077416349,0.3726276409860831,close,0.2819351992646038,close,0.5796429970894634,close,-0.1458965366823814,close,-0.26616260070434455,close
60d,LINK/USDT:USDT,2026-04-17T07:30:00+00:00,15m_fast,LONG,9.43,8.86809707,10.55380585,0.5619029300000005,0.0167822581028363,0.0117475806719854,0.19754301690507392,close,0.6086460520859007,close,0.3167806937757037,close,-0.5677137152497119,close,-0.024915335465503508,close
60d,LINK/USDT:USDT,2026-04-17T10:00:00+00:00,aligned_trend,LONG,9.554,9.003733,10.654534,0.5502669999999998,0.0173624803958805,0.0121537362771163,0.4197962080226507,close,0.3216620295238487,close,-0.14901856735003327,close,-0.7868907275922415,close,-1.0,sl_first
60d,LINK/USDT:USDT,2026-04-18T20:00:00+00:00,4h_flip,SHORT,9.276,9.81994523,8.18810955,0.5439452300000003,0.0170531875056611,0.0119372312539628,-0.0018384203865515012,close,0.10295154164693959,close,0.18200361826869987,close,-0.07721365623520551,close,-0.014707363092421807,close
60d,LINK/USDT:USDT,2026-04-19T18:00:00+00:00,1h_continuation,SHORT,9.131,9.63862257,8.11575487,0.5076225700000006,0.0179877738690775,0.0125914417083542,0.076828735176215,close,-0.05909902705862611,close,-0.29352516772451426,close,-0.4136931894103898,close,-0.3309545515283118,close
60d,LINK/USDT:USDT,2026-04-20T05:30:00+00:00,15m_fast,SHORT,9.101,9.61242229,8.07815541,0.5114222899999987,0.0177954699627973,0.0124568289739581,-0.2346397533826684,close,-0.28938902917195897,close,-0.48296682571266203,close,-0.8349264557866664,close,-0.30503167939746856,close
60d,LINK/USDT:USDT,2026-04-21T12:00:00+00:00,adaptive_trend_route,LONG,9.409,9.000203724683244,10.226592550633512,0.4087962753167566,0.023016354522089,0.0161114481654623,0.009784824964220017,close,-0.3571461111940719,close,0.2739750989981909,close,-0.3693771423993502,close,-0.16634202439176202,close
60d,LINK/USDT:USDT,2026-04-22T00:00:00+00:00,adaptive_trend_route,LONG,9.392,8.98023599968261,10.215528000634777,0.4117640003173886,0.0228091819410162,0.0159664273587113,0.26957189048688474,close,0.2525718613570821,close,-0.2622861637169644,close,-0.11657162831865228,close,-0.18457174483786287,close
60d,LINK/USDT:USDT,2026-04-23T08:00:00+00:00,adaptive_trend_route,SHORT,9.232,9.595613288780376,8.504773422439246,0.3636132887803764,0.0253896111194554,0.0177727277836187,-0.07150453738148135,close,-0.3107697201579827,close,-0.1485094237923093,close,-0.4537787949209454,close,,insufficient
60d,LINK/USDT:USDT,2026-04-24T20:00:00+00:00,adaptive_trend_route,LONG,9.403,9.067560642003365,10.073878715993278,0.3354393579966377,0.0280318924295528,0.0196223247006869,-0.09539727297093378,close,0.05067980126580692,close,-0.3070599723751921,close,0.22060619374528373,close,,insufficient
60d,LINK/USDT:USDT,2026-04-26T00:00:00+00:00,adaptive_trend_route,LONG,9.342,9.06472222935288,9.89655554129424,0.2772777706471192,0.0336918461880206,0.0235842923316144,-0.0937687862222789,close,0.2704868833334963,close,0.4940893735558532,close,,insufficient,,insufficient
60d,LINK/USDT:USDT,2026-04-26T08:00:00+00:00,adaptive_trend_route,LONG,9.417,9.150138044697126,9.950723910605744,0.2668619553028737,0.0352879075224949,0.0247015352657464,0.17612102087260123,close,0.26230790342727617,close,-0.4309344127733813,close,,insufficient,,insufficient
60d,SOL/USDT:USDT,2026-02-27T12:00:00+00:00,4h_flip,SHORT,83.53,90.65889451,69.27221097,7.128894509999995,0.0117171042274267,0.0082019729591986,0.12484404121165782,close,0.2819511492532952,close,0.6761216613934733,close,-0.22443872577376592,close,-0.2033975952324765,close
60d,SOL/USDT:USDT,2026-02-28T06:00:00+00:00,15m_fast,SHORT,81.5,87.9269949,68.64601019,6.426994899999997,0.0126808876104756,0.0088766213273329,0.49167613311782743,close,0.11669528475897815,close,-1.0,sl_first,-1.0,sl_first,-1.0,sl_first
60d,SOL/USDT:USDT,2026-03-01T00:00:00+00:00,4h_flip,LONG,84.29,76.94834915,98.97330171,7.341650850000008,0.0114810690023484,0.0080367483016438,0.5026117525052276,close,0.31191894667668507,close,-0.1007947687950876,close,0.3132810381468896,close,0.7750300465460015,close
60d,SOL/USDT:USDT,2026-03-04T00:00:00+00:00,adaptive_trend_route,LONG,86.92,80.09072687349988,100.57854625300024,6.8292731265001265,0.0127275624198888,0.0089092936939222,-0.17717844602008326,close,0.06735709518118732,close,0.5710710243622469,close,0.2664998113690481,close,-0.6808923752011428,close
60d,SOL/USDT:USDT,2026-03-04T08:00:00+00:00,adaptive_trend_route,LONG,87.38,80.51470837561979,101.1105832487604,6.865291624380205,0.0127277914443858,0.00890945401107,0.34230155521065214,close,0.8011312994291829,close,0.397652444989395,close,0.18353189768741357,close,-0.6758634962457107,close
60d,SOL/USDT:USDT,2026-03-05T07:00:00+00:00,15m_fast,LONG,90.81,81.88602865,108.6579427,8.923971350000002,0.0101759627455549,0.0071231739218884,0.19834218764048314,close,0.016808659969531552,close,-0.3126410754333053,close,-0.7631131626167761,close,-1.0,sl_first
60d,SOL/USDT:USDT,2026-03-05T09:30:00+00:00,15m_fast,LONG,91.29,82.65631232,108.55737537,8.633687680000008,0.0105736972871365,0.0074015881009955,-0.011582536189218328,close,-0.3405265639629912,close,-0.4656179548065383,close,-0.7864542072478582,close,-1.0,sl_first
60d,SOL/USDT:USDT,2026-03-06T16:00:00+00:00,4h_flip,SHORT,84.57,92.21413797,69.28172407,7.644137970000003,0.0110633795899421,0.0077443657129595,-0.07456694296165448,close,-0.00915734387248473,close,0.11512089439693815,close,0.33751353130011563,close,-0.183146877449676,close
60d,SOL/USDT:USDT,2026-03-07T04:30:00+00:00,15m_fast,SHORT,84.23,91.14938087,70.39123825,6.919380869999998,0.0121730544368776,0.0085211381058143,-0.0173425920981266,close,-0.05202777629438392,close,0.2659197455046298,close,0.080932096457931,close,-0.11850771267054035,close
60d,SOL/USDT:USDT,2026-03-07T14:00:00+00:00,15m_fast,SHORT,84.24,90.51492534,71.69014931,6.27492534000001,0.0134248609243213,0.0093974026470249,0.10836782322576471,close,0.1625517348386482,close,0.35219542548373817,close,-0.13864706795061296,close,-0.4733124043831244,close
60d,SOL/USDT:USDT,2026-03-08T14:00:00+00:00,1h_continuation,SHORT,82.03,87.58758147,70.91483707,5.557581470000002,0.0147600175441062,0.0103320122808743,0.07197375371989023,close,-0.03058884533095322,close,-0.5541979036431466,close,-1.0,sl_first,-1.0,sl_first
60d,SOL/USDT:USDT,2026-03-08T22:30:00+00:00,15m_fast,SHORT,81.27,86.72597586,70.35804829,5.4559758600000094,0.0148955937645955,0.0104269156352168,-0.10997116105275574,close,-0.44721605494786654,close,-1.0,sl_first,-1.0,sl_first,-1.0,sl_first
60d,SOL/USDT:USDT,2026-03-09T16:00:00+00:00,4h_flip,LONG,85.01,79.02109056,96.98781889,5.9889094400000005,0.0141945709568117,0.0099361996697682,0.15194753053403937,close,-0.0166975308279179,close,0.5510185173212432,close,0.06011111098049921,close,0.6428549368747833,close
60d,SOL/USDT:USDT,2026-03-10T15:00:00+00:00,15m_fast,LONG,88.07,83.25282173,97.70435654,4.817178269999999,0.0182824871872553,0.0127977410310787,-0.39026996607289677,close,-0.5376591553876601,close,-0.3279928438272222,close,-0.539735059462517,close,-0.22627354415928422,close
60d,SOL/USDT:USDT,2026-03-11T00:00:00+00:00,adaptive_trend_route,LONG,85.83,80.6142235189506,96.2615529620988,5.215776481049403,0.0164558432118109,0.0115190902482676,-0.05176602198752056,close,-0.0843594432389232,close,0.13229094507922073,close,0.18597422714035416,close,0.3757829744279341,close
60d,SOL/USDT:USDT,2026-03-11T16:00:00+00:00,adaptive_trend_route,LONG,85.37,80.35307561757466,95.40384876485068,5.016924382425344,0.0170164015824231,0.0119114811076962,0.3747315798870268,close,0.22922410471812696,close,0.23121735780263344,close,0.8072674992247134,close,0.5521311044080134,close
60d,SOL/USDT:USDT,2026-03-15T00:00:00+00:00,1h_continuation,LONG,87.99,82.78138232,98.40723536,5.208617679999989,0.016893157725487,0.0118252104078409,-0.03839790368334138,close,0.03455811331501052,close,0.8236350340077206,close,1.5647145750962514,close,0.5183716997251387,close
60d,SOL/USDT:USDT,2026-03-15T00:00:00+00:00,aligned_trend,LONG,87.99,82.78138232,98.40723536,5.208617679999989,0.016893157725487,0.0118252104078409,-0.03839790368334138,close,0.03455811331501052,close,0.8236350340077206,close,1.5647145750962514,close,0.5183716997251387,close
60d,SOL/USDT:USDT,2026-03-15T03:00:00+00:00,aligned_trend,LONG,88.24,83.03138232,98.65723536,5.208617679999989,0.0169411551050911,0.0118588085735638,0.013439266289171668,close,0.03455811331501052,close,0.6162863541176657,close,1.3151282011545187,close,0.3033434390984138,close
60d,SOL/USDT:USDT,2026-03-15T05:00:00+00:00,aligned_trend,LONG,88.27,83.20199787,98.40600426,5.068002129999996,0.017417119751684,0.0121919838261788,0.03157062603681481,close,-0.009865820636503401,close,1.051696479851322,close,1.0793207776335332,close,0.20718223336658265,close
60d,SOL/USDT:USDT,2026-03-15T21:00:00+00:00,15m_fast,LONG,88.7,84.1259348,97.84813041,4.574065200000007,0.0193919404559427,0.0135743583191599,0.7192726505079087,close,1.0712571390543326,close,1.5347398196247806,close,1.3423507824068601,close,0.1464780169727359,close
60d,SOL/USDT:USDT,2026-03-15T21:00:00+00:00,1h_continuation,LONG,88.7,84.1259348,97.84813041,4.574065200000007,0.0193919404559427,0.0135743583191599,0.7192726505079087,close,1.0712571390543326,close,1.5347398196247806,close,1.3423507824068601,close,0.1464780169727359,close
60d,SOL/USDT:USDT,2026-03-15T21:00:00+00:00,aligned_trend,LONG,88.7,84.1259348,97.84813041,4.574065200000007,0.0193919404559427,0.0135743583191599,0.7192726505079087,close,1.0712571390543326,close,1.5347398196247806,close,1.3423507824068601,close,0.1464780169727359,close
60d,SOL/USDT:USDT,2026-03-16T11:00:00+00:00,15m_fast,LONG,93.87,88.36122768,104.88754464,5.508772320000006,0.017040094334485,0.0119280660341395,-0.05264330837329032,close,0.08531846529464089,close,-0.06353502734707471,close,-0.014522291965044983,close,-1.0,sl_first
60d,SOL/USDT:USDT,2026-03-16T18:30:00+00:00,15m_fast,LONG,94.72,89.09014019,105.97971962,5.629859809999999,0.0168245752463949,0.0117772026724764,0.30551382415328726,close,0.047958565419410695,close,0.03374862010995577,close,-1.0,sl_first,-1.0,sl_first
60d,SOL/USDT:USDT,2026-03-18T12:00:00+00:00,4h_flip,SHORT,91.95,97.75515322,80.33969355,5.805153219999994,0.0158393752094626,0.0110875626466238,0.454768358379351,close,0.39619970616382794,close,0.40825795809055443,close,0.4943883289957345,close,0.7613924788017923,close
60d,SOL/USDT:USDT,2026-03-19T04:30:00+00:00,15m_fast,SHORT,89.89,95.90032412,77.86935177,6.010324119999993,0.0149559321935536,0.0104691525354875,0.12644908740795263,close,0.1497423403515228,close,0.04991411345050681,close,-0.10981104959111546,close,0.6172712030046057,close
60d,SOL/USDT:USDT,2026-03-19T05:00:00+00:00,aligned_trend,SHORT,89.86,95.87032412,77.83935177,6.010324120000007,0.0149509407822085,0.010465658547546,0.08984540421091394,close,0.29615707313967604,close,0.10648344202774872,close,-0.061560739922292926,close,0.6588662975466936,close
60d,SOL/USDT:USDT,2026-03-19T08:00:00+00:00,aligned_trend,SHORT,89.37,95.40530097,77.29939807,6.035300969999994,0.0148078779242719,0.0103655145469903,-0.0347952821315544,close,0.2965883572165926,close,0.009941509180444787,close,-0.12095502836207196,close,0.10438584639466791,close
60d,SOL/USDT:USDT,2026-03-19T12:30:00+00:00,15m_fast,SHORT,88.99,94.89849375,77.17301249,5.908493750000005,0.0150613682209615,0.010542957754673,0.264026681927181,close,0.04061948952725806,close,-0.037234532066653815,close,-0.18109522414236395,close,-0.08800889397572939,close
60d,SOL/USDT:USDT,2026-03-19T13:00:00+00:00,aligned_trend,SHORT,88.08,93.98849375,76.26301249,5.908493750000005,0.014907352656504,0.0104351468595528,0.07616154286361096,close,-0.14555317080601105,close,-0.1692478730302455,close,-0.34526566098170186,close,-0.3740377993968439,close
60d,SOL/USDT:USDT,2026-03-22T00:00:00+00:00,1h_continuation,SHORT,87.5,92.29729511,77.90540979,4.797295109999993,0.0182394449358776,0.0127676114551143,-0.2313803871865621,close,-0.03126761989007716,close,0.2814085790106826,close,-0.8129581171419765,close,-1.0,sl_first
60d,SOL/USDT:USDT,2026-03-22T12:00:00+00:00,1h_continuation,SHORT,86.79,91.67393125,77.0221375,4.883931249999989,0.0177705204183617,0.0124393642928532,-0.15151728435980677,close,-0.0081901234789069,close,-1.0,sl_first,-1.0,sl_first,-1.0,sl_first
60d,SOL/USDT:USDT,2026-03-22T19:00:00+00:00,15m_fast,SHORT,86.95,91.68436473,77.48127054,4.734364729999996,0.0183657164073204,0.0128560014851242,0.05491761087870502,close,0.06336647409081164,close,-1.0,sl_first,-1.0,sl_first,-1.0,sl_first
60d,SOL/USDT:USDT,2026-03-23T07:00:00+00:00,15m_fast,SHORT,85.67,90.50325048,76.00349904,4.833250480000004,0.0177251314316323,0.0124075920021426,-0.07034603346276462,close,-1.0,sl_first,-1.0,sl_first,-1.0,sl_first,-1.0,sl_first
60d,SOL/USDT:USDT,2026-03-23T07:00:00+00:00,aligned_trend,SHORT,85.67,90.50325048,76.00349904,4.833250480000004,0.0177251314316323,0.0124075920021426,-0.07034603346276462,close,-1.0,sl_first,-1.0,sl_first,-1.0,sl_first,-1.0,sl_first
60d,SOL/USDT:USDT,2026-03-23T16:00:00+00:00,4h_flip,LONG,89.91,83.40794778,102.91410445,6.502052219999996,0.0138279418494119,0.0096795592945883,0.2199305621694942,close,0.2291584179248579,close,-0.03691142302145261,close,0.27837364862012803,close,-1.0,sl_first
60d,SOL/USDT:USDT,2026-03-24T07:30:00+00:00,15m_fast,LONG,91.14,84.88884886,103.64230229,6.251151140000005,0.0145797146731601,0.0102058002712121,0.04639145551038557,close,-0.20636199175309097,close,0.1599705362427054,close,-0.3519351797339524,close,-1.0,sl_first
60d,SOL/USDT:USDT,2026-03-25T00:00:00+00:00,1h_continuation,LONG,90.75,84.46086509,103.32826981,6.289134910000001,0.0144296475268329,0.010100753268783,0.14469398621948093,close,0.16218446807018738,close,0.14310394241487268,close,-0.6805387483729459,close,-1.0,sl_first
60d,SOL/USDT:USDT,2026-03-25T11:30:00+00:00,15m_fast,LONG,92.97,87.00033776,104.90932448,5.969662240000005,0.0155737454251682,0.0109016217976178,-0.21944290101076155,close,-0.20771694446820058,close,-0.907924063723913,close,-1.0,sl_first,-1.0,sl_first
60d,SOL/USDT:USDT,2026-03-26T04:00:00+00:00,adaptive_trend_route,LONG,91.01,86.39071359139412,100.24857281721178,4.619286408605888,0.0197021773385701,0.0137915241369991,-0.42647279812090066,close,-0.7576927885396716,close,-1.0,sl_first,-1.0,sl_first,-1.0,sl_first
60d,SOL/USDT:USDT,2026-03-27T04:30:00+00:00,15m_fast,SHORT,86.0,91.38782406,75.22435187,5.38782406,0.0159619169153047,0.0111733418407133,0.05568110551850447,close,0.5382506866788828,close,0.6236283818072559,close,0.6032119764504709,close,0.5363946498282649,close
60d,SOL/USDT:USDT,2026-03-28T09:30:00+00:00,15m_fast,SHORT,83.1,88.09454481,73.11091037,4.994544810000008,0.0166381528570167,0.0116467069999117,0.07207864053581269,close,-0.030032766889923138,close,0.1521660189089363,close,-0.226246843904081,close,-0.036039320267907765,close
60d,SOL/USDT:USDT,2026-03-28T11:00:00+00:00,aligned_trend,SHORT,82.97,87.96454481,72.98091037,4.994544810000008,0.0166121244590455,0.0116284871213318,-0.04004368918656324,close,-0.06807427161715722,close,0.18019660133953314,close,-0.18219878579885945,close,-0.07408082499514185,close
60d,SOL/USDT:USDT,2026-03-29T00:00:00+00:00,1h_continuation,SHORT,82.0,86.80802099,72.38395802,4.808020990000003,0.017054834030581,0.0119383838214067,-0.19342677620049373,close,-0.07903459672708193,close,0.1372706153680906,close,-0.10607274823898072,close,0.6364364894338784,close
60d,SOL/USDT:USDT,2026-03-29T06:30:00+00:00,15m_fast,SHORT,82.34,87.10459092,72.81081816,4.764590920000003,0.0172816515378827,0.0120971560765178,0.056668033947395016,close,0.10284198753415934,close,-0.24975911258295327,close,-0.16580646969792562,close,0.7282891770276044,close
60d,SOL/USDT:USDT,2026-03-29T13:30:00+00:00,15m_fast,SHORT,82.01,86.46584625,73.09830749,4.455846249999993,0.018405033611741,0.0128835235282187,0.1840278936913518,close,0.022442426059922662,close,-0.5633048941040087,close,0.23564547362917043,close,-1.0,sl_first
60d,SOL/USDT:USDT,2026-03-29T14:00:00+00:00,aligned_trend,SHORT,81.86,86.31584625,72.94830749,4.455846250000008,0.018371369972651,0.0128599589808557,0.08079273381571432,close,-0.05386182254380848,close,-0.471290947258333,close,0.013465455635952917,close,-1.0,sl_first
60d,SOL/USDT:USDT,2026-03-29T22:30:00+00:00,15m_fast,SHORT,81.7,86.03519396,73.02961207,4.335193959999998,0.0188457542508663,0.0131920279756064,-0.22375008106903693,close,-0.4221264416044719,close,-0.2698841184028597,close,-0.2076031680021975,close,-1.0,sl_first
60d,SOL/USDT:USDT,2026-03-29T23:00:00+00:00,aligned_trend,SHORT,80.85,85.18519396,72.17961207,4.335193960000012,0.0186496845921975,0.0130547792145382,-0.5628352554726306,close,-0.5951290816063061,close,-0.44058005653800214,close,-0.4313532490712363,close,-1.0,sl_first
60d,SOL/USDT:USDT,2026-03-30T08:00:00+00:00,4h_flip,LONG,83.98,79.08685454,93.76629092,4.8931454599999995,0.0171627842839562,0.0120139489987693,0.047004529474991286,close,0.09605273414455145,close,-0.19006179309453983,close,-0.03678615350217012,close,-1.0,sl_first
60d,SOL/USDT:USDT,2026-03-31T12:00:00+00:00,4h_flip,SHORT,80.78,86.23178406,69.87643188,5.451784059999994,0.0148171679419012,0.0103720175593308,-0.009171309694169584,close,-0.3466755064396301,close,-0.4640682705250075,close,-1.0,sl_first,-1.0,sl_first
60d,SOL/USDT:USDT,2026-04-01T14:00:00+00:00,1h_continuation,SHORT,82.64,87.80223151,72.31553699,5.162231509999998,0.016008580754256,0.0112060065279792,-0.33706353475805184,close,0.15884603362161254,close,0.9588876419841165,close,0.5947040527053016,close,0.5404639436637756,close
60d,SOL/USDT:USDT,2026-04-01T21:00:00+00:00,1h_continuation,SHORT,82.54,88.08427104,71.45145791,5.544271039999998,0.014887439557789,0.0104212076904523,0.17675903521484482,close,0.6799811864897592,close,0.6132456323780315,close,0.4310756062892628,close,0.043287926991392035,close
60d,SOL/USDT:USDT,2026-04-01T21:00:00+00:00,aligned_trend,SHORT,82.54,88.08427104,71.45145791,5.544271039999998,0.014887439557789,0.0104212076904523,0.17675903521484482,close,0.6799811864897592,close,0.6132456323780315,close,0.4310756062892628,close,0.043287926991392035,close
60d,SOL/USDT:USDT,2026-04-05T07:00:00+00:00,1h_continuation,SHORT,79.55,82.67568854,73.29862292,3.1256885399999987,0.0254503924437717,0.0178152747106402,-0.07678308216851612,close,0.0959788527106406,close,-1.0,sl_first,-1.0,sl_first,-1.0,sl_first
60d,SOL/USDT:USDT,2026-04-05T12:30:00+00:00,15m_fast,SHORT,79.53,82.55776206,73.47447588,3.0277620600000006,0.0262669253474957,0.018386847743247,-0.006605538877779589,close,-0.09908308316671262,close,-1.0,sl_first,-1.0,sl_first,-1.0,sl_first
60d,SOL/USDT:USDT,2026-04-06T00:00:00+00:00,4h_flip,LONG,81.85,78.44694124,88.65611752,3.4030587599999933,0.0240518914812978,0.0168363240369085,0.06464772297966412,close,-0.023508262901695665,close,-0.5553827110525721,close,-1.0,sl_first,-1.0,sl_first
60d,SOL/USDT:USDT,2026-04-07T08:00:00+00:00,adaptive_trend_route,SHORT,79.81,83.22553426628447,72.97893146743107,3.415534266284467,0.0233667689379735,0.0163567382565814,0.18737917704928023,close,0.28985216449810774,close,-1.0,sl_first,-1.0,sl_first,-1.0,sl_first
60d,SOL/USDT:USDT,2026-04-09T16:00:00+00:00,1h_continuation,LONG,83.69,78.93364407,93.20271186,4.756355929999998,0.0175954031261911,0.0123167821883338,0.09040534525346319,close,-0.0840979955846138,close,0.10722494437038595,close,0.19763028962384616,close,0.07989309580538385,close
60d,SOL/USDT:USDT,2026-04-10T14:00:00+00:00,1h_continuation,LONG,84.22,79.5844567,93.49108661,4.635543299999995,0.0181683126549589,0.0127178188584712,0.12943466626662617,close,0.2092527104643807,close,-0.03451591100443324,close,-0.509109687315401,close,0.21140995490215894,close
60d,SOL/USDT:USDT,2026-04-10T16:00:00+00:00,aligned_trend,LONG,84.2,79.41128122,93.77743756,4.788718779999996,0.0175829911649144,0.0123080938154401,0.2526771889494824,close,0.1211179913972728,close,0.08979437293245959,close,-0.5533839262116803,close,-0.06055899569863789,close
60d,SOL/USDT:USDT,2026-04-10T19:30:00+00:00,15m_fast,LONG,85.18,80.39128122,94.75743756,4.788718780000011,0.0177876388055512,0.0124513471638858,-0.07308844308456296,close,-0.0856178904704882,close,0.12529447385924655,close,-0.6306488517582157,close,-0.3132361846481193,close
60d,SOL/USDT:USDT,2026-04-11T09:30:00+00:00,15m_fast,LONG,84.61,80.32653173,93.17693654,4.28346827,0.0197526851296134,0.0138268795907294,-0.13773885151249257,close,0.04669113610593007,close,-0.576635530908228,close,-0.6233266670141581,close,-0.21477922608727568,close
60d,SOL/USDT:USDT,2026-04-11T13:00:00+00:00,15m_fast,LONG,84.18,79.98606518,92.56786965,4.19393482000001,0.0200718426997393,0.0140502898898175,0.17882967480166947,close,0.2861274796826685,close,-0.5269514417489213,close,-0.4005784715557413,close,0.07868505691273417,close
60d,SOL/USDT:USDT,2026-04-11T16:00:00+00:00,aligned_trend,LONG,84.63,80.50848909,92.87302182,4.121510909999998,0.0205337318881439,0.0143736123217007,0.32997607666165324,close,0.0630836617147291,close,-0.747298761851391,close,-0.48768523094847077,close,0.20623504791353542,close
60d,SOL/USDT:USDT,2026-04-12T04:00:00+00:00,4h_flip,SHORT,82.27,86.88760549,73.03478902,4.6176054900000025,0.0178165935089443,0.012471615456261,0.008662498363408698,close,0.02598749509022917,close,0.08879060822495609,close,-0.8142748461605808,close,-1.0,sl_first
60d,SOL/USDT:USDT,2026-04-12T13:00:00+00:00,15m_fast,SHORT,81.97,86.13992514,73.63014972,4.169925140000004,0.0196574272314154,0.0137601990619908,0.035971868789952795,close,-0.16067434726178348,close,-0.12710060305782866,close,-1.0,sl_first,-1.0,sl_first
60d,SOL/USDT:USDT,2026-04-13T00:00:00+00:00,1h_continuation,SHORT,81.49,85.57194079,73.32611841,4.081940790000004,0.0199635428812772,0.0139744800168941,-0.0906431570262939,close,-0.15433834845017655,close,-1.0,sl_first,-1.0,sl_first,-1.0,sl_first
60d,SOL/USDT:USDT,2026-04-13T09:00:00+00:00,15m_fast,SHORT,81.82,85.78427548,73.89144904,3.964275480000012,0.0206393325622264,0.0144475327935584,-0.17153197436218653,close,-0.3783793552107018,close,-1.0,sl_first,-1.0,sl_first,-1.0,sl_first
60d,SOL/USDT:USDT,2026-04-14T00:00:00+00:00,4h_flip,LONG,86.5,82.0087726,95.48245481,4.4912274,0.0192597684989185,0.013481837949243,-0.10464845311551112,close,-0.14027345843142913,close,-0.6323438443575589,close,-0.36738286732041353,close,0.39410162130735044,close
60d,SOL/USDT:USDT,2026-04-14T09:00:00+00:00,15m_fast,LONG,86.09,81.83756413,94.59487175,4.252435869999999,0.0202448673258886,0.014171407128122,-0.039977087297027654,close,-0.2586752707454725,close,-0.7078296044944249,close,-0.2586752707454725,close,0.17636950278100258,close
60d,SOL/USDT:USDT,2026-04-14T14:00:00+00:00,15m_fast,LONG,87.28,83.12559526,95.58880948,4.154404740000004,0.0210090266746614,0.014706318672263,-0.5006734129616838,close,-0.847293468089003,close,-1.0,sl_first,-1.0,sl_first,-1.0,sl_first
60d,SOL/USDT:USDT,2026-04-15T08:00:00+00:00,4h_flip,SHORT,82.88,87.15370134,74.33259732,4.273701340000002,0.0193930257185449,0.0135751180029814,-0.15443287855019144,close,-0.2480285625200009,close,-0.5311555065286825,close,-1.0,sl_first,-1.0,sl_first
60d,SOL/USDT:USDT,2026-04-16T16:00:00+00:00,4h_flip,LONG,86.57,82.15200924,95.40598153,4.417990759999995,0.0195948802753947,0.0137164161927762,0.7922153282185688,close,0.5568142021193386,close,0.7559997703571493,close,0.02942514076240617,close,-0.18560473403977742,close
60d,SOL/USDT:USDT,2026-04-17T07:30:00+00:00,15m_fast,LONG,88.1,82.97354019,98.35291961,5.12645981,0.0171853488109175,0.0120297441676422,-0.031210622131064087,close,0.32966219625937376,close,0.0643719081453235,close,-0.6983376701825734,close,-1.0,sl_first
60d,SOL/USDT:USDT,2026-04-17T10:00:00+00:00,aligned_trend,LONG,88.65,83.64543018,98.65913964,5.00456982,0.0177138102151605,0.0123996671506123,0.287737018723419,close,0.20980824281915944,close,-0.21780093778370013,close,-0.8192512338652932,close,-1.0,sl_first
60d,SOL/USDT:USDT,2026-04-17T13:00:00+00:00,15m_fast,LONG,88.82,83.69718517,99.06562967,5.122814829999996,0.0173381242436982,0.0121366869705887,0.3064721353592257,close,0.025376673628472683,close,-0.386506259879784,close,-0.601231959813,close,-1.0,sl_first
60d,SOL/USDT:USDT,2026-04-17T13:00:00+00:00,aligned_trend,LONG,88.82,83.69718517,99.06562967,5.122814829999996,0.0173381242436982,0.0121366869705887,0.3064721353592257,close,0.025376673628472683,close,-0.386506259879784,close,-0.601231959813,close,-1.0,sl_first
60d,SOL/USDT:USDT,2026-04-19T04:00:00+00:00,4h_flip,SHORT,85.55,89.88044004,76.88911993,4.330440039999999,0.0197554981040679,0.0138288486728475,0.16857409253032957,close,0.002309234144248977,close,0.23554188271360899,close,0.0946785999142934,close,-0.06927702432753167,close
60d,SOL/USDT:USDT,2026-04-19T21:00:00+00:00,1h_continuation,SHORT,84.9,89.30706471,76.08587058,4.40706471,0.0192645231206509,0.0134851661844556,0.22010114755042906,close,0.0839561078285153,close,-0.22917748353188824,close,-0.10664694778216652,close,-0.2859045834160195,close
60d,SOL/USDT:USDT,2026-04-20T05:30:00+00:00,15m_fast,SHORT,83.86,88.44609151,74.68781698,4.586091510000003,0.0182857232170668,0.0128000062519467,-0.22459211678486557,close,-0.28346577846633425,close,-0.39031057188826246,close,-0.9049099851040703,close,-1.0,sl_first
60d,SOL/USDT:USDT,2026-04-21T20:00:00+00:00,adaptive_trend_route,SHORT,84.53,88.06747537497897,77.45504925004207,3.5374753749789676,0.0238955727007718,0.0167269008905402,-0.41555059588471027,close,-0.7576024469190621,close,-1.0,sl_first,-1.0,sl_first,-1.0,sl_first
60d,SOL/USDT:USDT,2026-04-22T04:00:00+00:00,adaptive_trend_route,LONG,87.21,83.53878398790079,94.55243202419842,3.671216012099208,0.0237550718106977,0.0166285502674884,0.22608312811465892,close,0.2941804558600371,close,-0.4058600733624525,close,-0.43037511135078954,close,-0.1688813728085352,close
60d,SOL/USDT:USDT,2026-04-23T20:00:00+00:00,adaptive_trend_route,SHORT,85.24,88.63908803182346,78.44182393635306,3.3990880318234673,0.0250773146214375,0.0175541202350062,-0.24712510889262815,close,-0.11473665770014847,close,-0.30890638611578725,close,-0.11179469211809608,close,,insufficient
60d,SOL/USDT:USDT,2026-04-25T04:00:00+00:00,adaptive_trend_route,LONG,86.42,83.52121088290085,92.2175782341983,2.898789117099156,0.0298124480633076,0.0208687136443153,-0.03794687904378412,close,-0.04139659532049355,close,-0.16558638128196929,close,0.43811396714187206,close,,insufficient
60d,SOL/USDT:USDT,2026-04-26T08:00:00+00:00,adaptive_trend_route,LONG,86.59,84.19950375016744,91.37099249966516,2.390496249832566,0.0362226044094672,0.025355823086627,-0.05438201378024127,close,-0.03764908646324258,close,-0.5772859924363684,close,,insufficient,,insufficient
60d,SUI/USDT:USDT,2026-02-27T05:00:00+00:00,1h_continuation,LONG,0.9498,0.86450859,1.12038283,0.0852914099999999,0.0111359397153828,0.0077951578007679,0.09848588503813085,close,-0.4408415806468671,close,-0.6870562932421923,close,-1.0,sl_first,-1.0,sl_first
60d,SUI/USDT:USDT,2026-02-27T05:00:00+00:00,aligned_trend,LONG,0.9498,0.86450859,1.12038283,0.0852914099999999,0.0111359397153828,0.0077951578007679,0.09848588503813085,close,-0.4408415806468671,close,-0.6870562932421923,close,-1.0,sl_first,-1.0,sl_first
60d,SUI/USDT:USDT,2026-02-27T08:00:00+00:00,aligned_trend,LONG,0.9512,0.8683794,1.1168412,0.0828206,0.0114850653098383,0.0080395457168868,-0.4201853162135997,close,-0.45640818830097896,close,-1.0,sl_first,-1.0,sl_first,-1.0,sl_first
60d,SUI/USDT:USDT,2026-02-27T12:00:00+00:00,4h_flip,SHORT,0.9164,1.00356913,0.74206174,0.08716913,0.0105128960217911,0.0073590272152538,0.03441585341049065,close,0.26385487614709496,close,0.9659382857211027,close,0.16060731591562302,close,0.15716573057457434,close
60d,SUI/USDT:USDT,2026-02-28T04:00:00+00:00,15m_fast,SHORT,0.8922,0.97186551,0.73286899,0.07966551,0.0111993257810061,0.0078395280467042,0.5347357972101098,close,0.753149010155084,close,-0.4870363599002888,close,-0.21715796459471587,close,-0.2836861271584147,close
60d,SUI/USDT:USDT,2026-03-01T00:00:00+00:00,4h_flip,LONG,0.9035,0.81158974,1.08732052,0.09191026,0.0098302409328403,0.0068811686529882,0.29920489834323266,close,0.22304365149222813,close,-0.17625888556946737,close,0.2088994199341836,close,0.4917840510950575,close
60d,SUI/USDT:USDT,2026-03-04T12:00:00+00:00,adaptive_trend_route,LONG,0.9332,0.8556580800039537,1.0882838399920929,0.0775419199960463,0.0120347806715075,0.0084243464700552,0.5713038831416448,close,0.6099926336929977,close,0.45523763148758595,close,0.08382562619459734,close,-0.6396540091157012,close
60d,SUI/USDT:USDT,2026-03-05T13:00:00+00:00,1h_continuation,LONG,0.9801,0.88724652,1.16580696,0.0928534799999999,0.0105553394444667,0.0073887376111266,-0.3683222212026953,close,-0.21431614625536854,close,-0.4749418115508429,close,-0.849725826107972,close,-1.0,sl_first
60d,SUI/USDT:USDT,2026-03-06T16:00:00+00:00,4h_flip,SHORT,0.8993,0.99457663,0.70874674,0.0952766299999999,0.0094388309074323,0.0066071816352026,-0.04513173902141559,close,-0.01889235586943016,close,0.016793205217270346,close,0.1647833261944713,close,-1.0,sl_first
60d,SUI/USDT:USDT,2026-03-07T12:00:00+00:00,adaptive_trend_route,SHORT,0.9058,0.97025286389011,0.7768942722197802,0.0644528638901099,0.0140536811761283,0.0098375768232898,0.1256732363950536,close,0.237382779857325,close,0.09774585052948748,close,0.02482434299161625,close,-1.0,sl_first
60d,SUI/USDT:USDT,2026-03-08T00:00:00+00:00,adaptive_trend_route,SHORT,0.8946,0.9533046982385464,0.777190603522907,0.0587046982385465,0.0152389847293787,0.0106672893105651,0.2435920876705973,close,0.03577226462295475,close,0.2589230582232925,close,-1.0,sl_first,-1.0,sl_first
60d,SUI/USDT:USDT,2026-03-09T12:00:00+00:00,adaptive_trend_route,SHORT,0.9042,0.964139157812921,0.7843216843741581,0.059939157812921,0.0150852970410785,0.010559707928755,-0.44545170426542535,close,-1.0,sl_first,-1.0,sl_first,-1.0,sl_first,-1.0,sl_first
60d,SUI/USDT:USDT,2026-03-09T20:00:00+00:00,adaptive_trend_route,LONG,0.9718,0.9041649608653896,1.1070700782692209,0.0676350391346104,0.0143682921224585,0.0100578044857209,-0.4391215024048353,close,-0.4509496910218009,close,-0.16263759348327275,close,0.29422619184701176,close,0.3459745170462341,close
60d,SUI/USDT:USDT,2026-03-10T15:00:00+00:00,15m_fast,LONG,1.0031,0.92251988,1.16426025,0.0805801200000001,0.0124484798483794,0.0087139358938656,-0.44676031755723494,close,-0.6341514507548522,close,-0.3561672531636838,close,-0.45296532196775136,close,-0.16629411820186,close
60d,SUI/USDT:USDT,2026-03-11T14:00:00+00:00,1h_continuation,LONG,0.971,0.89122085,1.1305583,0.07977915,0.0121710998425027,0.0085197698897518,0.10153028704868373,close,0.24693168578507108,close,0.09400952504507835,close,0.9162795041060234,close,0.4763149268950587,close
60d,SUI/USDT:USDT,2026-03-11T14:00:00+00:00,aligned_trend,LONG,0.971,0.89122085,1.1305583,0.07977915,0.0121710998425027,0.0085197698897518,0.10153028704868373,close,0.24693168578507108,close,0.09400952504507835,close,0.9162795041060234,close,0.4763149268950587,close
60d,SUI/USDT:USDT,2026-03-12T08:00:00+00:00,15m_fast,LONG,0.9793,0.90134942,1.13520115,0.0779505799999999,0.0125630880488637,0.0087941616342046,-0.03207160228955256,close,-0.12956927324979509,close,0.6196233562341702,close,0.08723475822758518,close,0.8903076795579983,close
60d,SUI/USDT:USDT,2026-03-12T08:00:00+00:00,aligned_trend,LONG,0.9793,0.90134942,1.13520115,0.0779505799999999,0.0125630880488637,0.0087941616342046,-0.03207160228955256,close,-0.12956927324979509,close,0.6196233562341702,close,0.08723475822758518,close,0.8903076795579983,close
60d,SUI/USDT:USDT,2026-03-12T13:00:00+00:00,aligned_trend,LONG,0.9875,0.91177447,1.13895107,0.07572553,0.0130405161905106,0.0091283613333574,-0.13865865316492423,close,-0.20600714184502977,close,0.7091399690434634,close,-0.03697564084397989,close,0.9098648764822109,close
60d,SUI/USDT:USDT,2026-03-12T23:30:00+00:00,15m_fast,LONG,0.9884,0.91180553,1.14158893,0.0765944699999999,0.0129043258606006,0.0090330281024204,0.37208952552318736,close,0.58620419985934,close,0.06397328684433774,close,0.14753023292673872,close,0.7285121236559264,close
60d,SUI/USDT:USDT,2026-03-13T00:00:00+00:00,aligned_trend,LONG,0.9902,0.91371942,1.14316115,0.07648058,0.0129470775456985,0.0090629542819889,0.45109490539951413,close,0.4890130278823735,close,0.0653760732463065,close,0.13467471088739097,close,0.6433005607436572,close
60d,SUI/USDT:USDT,2026-03-15T00:00:00+00:00,1h_continuation,LONG,1.0005,0.93221315,1.13707369,0.0682868499999999,0.0146514299605268,0.0102560009723687,0.16254959776296793,close,0.024894983441175533,close,0.3324212494792218,close,1.0587690016452675,close,-0.1903734027854546,close
60d,SUI/USDT:USDT,2026-03-15T00:00:00+00:00,aligned_trend,LONG,1.0005,0.93221315,1.13707369,0.0682868499999999,0.0146514299605268,0.0102560009723687,0.16254959776296793,close,0.024894983441175533,close,0.3324212494792218,close,1.0587690016452675,close,-0.1903734027854546,close
60d,SUI/USDT:USDT,2026-03-15T15:00:00+00:00,15m_fast,LONG,1.0038,0.93917893,1.13304213,0.06462107,0.0155336332252003,0.0108735432576402,-0.04797196951396971,close,0.3899656876619327,close,0.6793449876332912,close,0.33580378659777765,close,-1.0,sl_first
60d,SUI/USDT:USDT,2026-03-15T18:00:00+00:00,aligned_trend,LONG,1.009,0.9459733,1.13505341,0.0630266999999998,0.0160090882118213,0.0112063617482749,0.0967843786839548,close,0.2268879697017335,close,0.7298494130265457,close,0.3363653816557138,close,-1.0,sl_first
60d,SUI/USDT:USDT,2026-03-15T22:00:00+00:00,aligned_trend,LONG,1.0151,0.95291092,1.13947816,0.0621890799999999,0.0163228013664135,0.0114259609564894,0.13185594641374693,close,0.7895276791359548,close,0.8522396536498087,close,0.3730558483901056,close,-1.0,sl_first
60d,SUI/USDT:USDT,2026-03-16T17:00:00+00:00,15m_fast,LONG,1.0564,0.98467802,1.19984396,0.0717219799999999,0.014729096993697,0.0103103678955879,0.08783918123844296,close,0.04461672697825822,close,-0.4475615425006402,close,-1.0,sl_first,-1.0,sl_first
60d,SUI/USDT:USDT,2026-03-17T16:00:00+00:00,4h_flip,SHORT,1.0209,1.09486992,0.87296017,0.0739699200000001,0.0138015560919897,0.0096610892643928,-0.10274446694007565,close,-0.10409636782086595,close,0.586724982263058,close,0.984183841215453,close,0.8057329249511125,close
60d,SUI/USDT:USDT,2026-03-18T12:00:00+00:00,1h_continuation,SHORT,1.0022,1.07780813,0.85098373,0.07560813,0.0132551882978722,0.0092786318085105,0.3266844451780509,close,0.3266844451780509,close,0.5528505995320867,close,0.4152992541939602,close,1.0197316082278447,close
60d,SUI/USDT:USDT,2026-03-19T05:30:00+00:00,15m_fast,SHORT,0.9762,1.05064247,0.82731506,0.0744424700000001,0.01311348212922,0.009179437490454,0.1947812854678242,close,0.3841892940951573,close,0.014776511311352089,close,0.10074894075921906,close,1.066595452837605,close
60d,SUI/USDT:USDT,2026-03-20T19:00:00+00:00,1h_continuation,SHORT,0.9554,1.02171434,0.82277132,0.0663143399999999,0.014407140295749,0.0100849982070243,-0.18246430560871174,close,-0.1915121224157543,close,-0.08143035126339142,close,0.6092196650075994,close,0.09047816807043566,close
60d,SUI/USDT:USDT,2026-03-20T19:00:00+00:00,aligned_trend,SHORT,0.9554,1.02171434,0.82277132,0.0663143399999999,0.014407140295749,0.0100849982070243,-0.18246430560871174,close,-0.1915121224157543,close,-0.08143035126339142,close,0.6092196650075994,close,0.09047816807043566,close
60d,SUI/USDT:USDT,2026-03-21T08:00:00+00:00,15m_fast,SHORT,0.9629,1.02260564,0.84348872,0.0597056400000001,0.0161274546257271,0.0112892182380089,0.0401972074999942,close,-0.051921393020826614,close,0.5694604395832616,close,1.0685757660415307,close,-0.0669953458333249,close
60d,SUI/USDT:USDT,2026-03-22T08:00:00+00:00,15m_fast,SHORT,0.9289,0.98826926,0.81016147,0.05936926,0.0156461441493459,0.0109523009045421,0.1768592028938874,close,0.06400618771397715,close,0.5019432615464625,close,-0.4783620344939467,close,0.08253429468381288,close
60d,SUI/USDT:USDT,2026-03-23T06:30:00+00:00,15m_fast,SHORT,0.9098,0.96641112,0.79657777,0.0566111199999999,0.0160710475256451,0.0112497332679516,0.15014717956472295,close,-0.793130395583059,close,-1.0,sl_first,-1.0,sl_first,-1.0,sl_first
60d,SUI/USDT:USDT,2026-03-23T12:00:00+00:00,4h_flip,LONG,0.9404,0.87012664,1.08094672,0.07027336,0.0133820269871826,0.0093674188910278,0.16080062202803416,close,0.21345215313455926,close,0.18926090911264207,close,0.37709880387105393,close,-0.7214682775948092,close
60d,SUI/USDT:USDT,2026-03-25T00:00:00+00:00,1h_continuation,LONG,0.9522,0.88461195,1.0873761,0.06758805,0.0140882892759888,0.0098618024931922,0.01183641191009227,close,0.10208905272455569,close,0.23524868671310853,close,-0.4039175564319431,close,-1.0,sl_first
60d,SUI/USDT:USDT,2026-03-25T04:30:00+00:00,15m_fast,LONG,0.9528,0.88671824,1.08496352,0.0660817599999999,0.0144185021706443,0.010092951519451,0.1619206268113933,close,0.12408870465919788,close,-0.018159322633053063,close,-0.4161511436741395,close,-1.0,sl_first
60d,SUI/USDT:USDT,2026-03-25T19:30:00+00:00,15m_fast,LONG,0.9666,0.90268035,1.0944393,0.06391965,0.0151221103369621,0.0105854772358734,0.0359826751241593,close,-0.26282997481995035,close,-0.8322949202631746,close,-1.0,sl_first,-1.0,sl_first
60d,SUI/USDT:USDT,2026-03-26T00:00:00+00:00,adaptive_trend_route,LONG,0.9681,0.916548889199676,1.0712022216006478,0.0515511108003239,0.0187794207529261,0.0131455945270483,-0.2967928287571225,close,-0.5547892093106995,close,-1.0,sl_first,-1.0,sl_first,-1.0,sl_first
60d,SUI/USDT:USDT,2026-03-26T12:00:00+00:00,adaptive_trend_route,SHORT,0.924,0.9750516728966152,0.8218966542067698,0.051051672896615,0.0180993089466665,0.0126695162626665,0.19587996695526627,close,0.19000356794660894,close,0.5798047021875891,close,0.8031078645165918,close,2.0,tp_first
60d,SUI/USDT:USDT,2026-03-27T04:30:00+00:00,15m_fast,SHORT,0.9253,0.97395803,0.82798394,0.04865803,0.0190163884563349,0.0133114719194344,0.14180598762424243,close,0.737802167494246,close,0.990586754128764,close,1.1570546526441785,close,2.0,tp_first
60d,SUI/USDT:USDT,2026-03-29T00:00:00+00:00,1h_continuation,SHORT,0.859,0.91858432,0.73983137,0.05958432,0.0144165444868717,0.0100915811408101,-0.1762208581049522,close,-0.0855929882224047,close,0.2114650297259404,close,-0.07720151878883653,close,0.01174805720699731,close
60d,SUI/USDT:USDT,2026-03-29T13:00:00+00:00,15m_fast,SHORT,0.8564,0.91120716,0.74678568,0.0548071599999999,0.0156256956207911,0.0109379869345538,0.19340538717934067,close,0.2463181817850093,close,-0.5765670032893515,close,-0.04196531985966748,close,-1.0,sl_first
60d,SUI/USDT:USDT,2026-03-29T23:00:00+00:00,15m_fast,SHORT,0.8407,0.89475158,0.73259684,0.0540515799999999,0.0155536618911047,0.0108875633237733,-0.5291242180154588,close,-0.5883269277234839,close,-0.46992150830743573,close,-0.6012775204721127,close,-1.0,sl_first
60d,SUI/USDT:USDT,2026-03-30T08:00:00+00:00,4h_flip,LONG,0.882,0.82393232,0.99813537,0.0580676799999999,0.015189172358875,0.0106324206512125,0.058552365102238706,close,-0.013777027082880257,close,-0.18082348046279742,close,0.2669298997307966,close,-0.07749577734120025,close
60d,SUI/USDT:USDT,2026-03-31T02:00:00+00:00,1h_continuation,LONG,0.8797,0.82261036,0.99387928,0.05708964,0.0154091004952912,0.0107863703467038,-0.09633972118233818,close,-0.4273980357907335,close,-0.08582993341699152,close,-0.18917617977622617,close,-0.17165986683398304,close
60d,SUI/USDT:USDT,2026-03-31T17:00:00+00:00,1h_continuation,LONG,0.8748,0.81693961,0.99052079,0.0578603899999999,0.0151191514609562,0.0105834060226693,0.10024128769266916,close,0.12616575864766874,close,0.5219460152273439,close,-0.23332023859500586,close,-0.11752426832933618,close
60d,SUI/USDT:USDT,2026-04-01T05:00:00+00:00,15m_fast,LONG,0.8815,0.82422209,0.99605582,0.0572779099999999,0.0153898771795269,0.0107729140256688,0.2828315488466694,close,0.22347184106403423,close,-0.4434519346114414,close,-0.25315169495534984,close,-0.5080492636690123,close
60d,SUI/USDT:USDT,2026-04-01T13:00:00+00:00,15m_fast,LONG,0.8943,0.83592619,1.01104762,0.0583738099999999,0.0153202266564406,0.0107241586595084,0.18330138121873596,close,-0.07366317189164075,close,-0.7828853384762797,close,-0.3734551505204126,close,-0.8137210848495253,close
60d,SUI/USDT:USDT,2026-04-01T16:00:00+00:00,15m_fast,LONG,0.9009,0.84303146,1.01663708,0.05786854,0.0155680443985626,0.0108976310789938,-0.10022717006511703,close,-0.3335145486649565,close,-1.0,sl_first,-1.0,sl_first,-1.0,sl_first
60d,SUI/USDT:USDT,2026-04-02T04:00:00+00:00,4h_flip,SHORT,0.8583,0.92058997,0.73372006,0.06228997,0.0137791044047701,0.009645373083339,-0.07866434997480358,close,0.13324777648793176,close,-0.10274527343647898,close,-0.1781988336163912,close,-0.4398782018999221,close
60d,SUI/USDT:USDT,2026-04-02T18:00:00+00:00,15m_fast,SHORT,0.8526,0.90409237,0.74961527,0.0514923699999999,0.0165577929312634,0.0115904550518843,-0.19226149427575462,close,-0.13788450599574284,close,-0.4369579415358044,close,-0.33208803556721195,close,-1.0,sl_first
60d,SUI/USDT:USDT,2026-04-04T04:00:00+00:00,adaptive_trend_route,SHORT,0.8694,0.910078671962246,0.788042656075508,0.0406786719622459,0.0213723791378168,0.0149606653964717,-0.04179094149331655,close,-0.04916581352154792,close,0.1327476965081783,close,-0.4228259962853143,close,-1.0,sl_first
60d,SUI/USDT:USDT,2026-04-05T22:30:00+00:00,15m_fast,SHORT,0.8454,0.88664509,0.76290981,0.0412450899999999,0.020496985216907,0.0143478896518349,-1.0,sl_first,-1.0,sl_first,-1.0,sl_first,-1.0,sl_first,-1.0,sl_first
60d,SUI/USDT:USDT,2026-04-06T04:00:00+00:00,4h_flip,LONG,0.8866,0.83878714,0.98222572,0.04781286,0.0185431283550073,0.0129801898485051,-0.018823387682728284,close,0.37646775365455876,close,-0.29908271540334735,close,1.5079625021385448,close,0.8533269082836699,close
60d,SUI/USDT:USDT,2026-04-07T10:00:00+00:00,1h_continuation,LONG,0.8831,0.83052759,0.98824482,0.05257241,0.016797784237017,0.0117584489659119,-0.3195592517063615,close,-0.1464646570320828,close,1.2230749931380362,close,0.5820543513222993,close,0.924439263864829,close
60d,SUI/USDT:USDT,2026-04-07T20:00:00+00:00,1h_continuation,LONG,0.8909,0.83576458,1.00117084,0.05513542,0.0161583969071061,0.0113108778349743,1.2423955417406816,close,1.2296995289053747,close,0.5604382808728025,close,0.8941620468294249,close,0.908671775784059,close
60d,SUI/USDT:USDT,2026-04-08T13:30:00+00:00,15m_fast,LONG,0.9499,0.8819333,1.0858334,0.0679666999999999,0.0139759617577431,0.0097831732304202,-0.30897483620655486,close,-0.32368792364496224,close,-0.598822658743179,close,-0.19127013669929585,close,-0.6620889347283302,close
60d,SUI/USDT:USDT,2026-04-09T04:00:00+00:00,4h_flip,SHORT,0.9084,0.97513621,0.77492758,0.0667362099999999,0.0136118008499433,0.0095282605949603,0.0,close,0.02847030120529793,close,-0.304182691825023,close,-0.41956233355175654,close,0.11088433101010642,close
60d,SUI/USDT:USDT,2026-04-10T08:00:00+00:00,15m_fast,SHORT,0.9274,0.99356608,0.79506783,0.06616608,0.0140162451818212,0.0098113716272748,-0.10126034366853891,close,-0.2659973206815327,close,-0.08010146588705226,close,0.23123630718337826,close,-0.30680372783154125,close
60d,SUI/USDT:USDT,2026-04-10T08:00:00+00:00,1h_continuation,SHORT,0.9274,0.99356608,0.79506783,0.06616608,0.0140162451818212,0.0098113716272748,-0.10126034366853891,close,-0.2659973206815327,close,-0.08010146588705226,close,0.23123630718337826,close,-0.30680372783154125,close
60d,SUI/USDT:USDT,2026-04-10T20:00:00+00:00,4h_flip,LONG,0.9585,0.89405103,1.08739795,0.06444897,0.0148722314724346,0.0104105620307042,-0.2296390462097383,close,-0.34290695413751393,close,0.05585814637534063,close,-0.8130463527966391,close,-0.41117802192959746,close
60d,SUI/USDT:USDT,2026-04-11T17:00:00+00:00,1h_continuation,LONG,0.946,0.89178734,1.05442531,0.0542126599999999,0.0174497986263725,0.0122148590384607,0.11989819352158838,close,-0.10145231759518827,close,-0.8060847779835936,close,-0.4925048872348266,close,0.3467824674162838,close
60d,SUI/USDT:USDT,2026-04-11T17:00:00+00:00,aligned_trend,LONG,0.946,0.89178734,1.05442531,0.0542126599999999,0.0174497986263725,0.0122148590384607,0.11989819352158838,close,-0.10145231759518827,close,-0.8060847779835936,close,-0.4925048872348266,close,0.3467824674162838,close
60d,SUI/USDT:USDT,2026-04-12T04:00:00+00:00,4h_flip,SHORT,0.9119,0.97392679,0.78784643,0.06202679,0.0147017119538186,0.010291198367673,-0.003224413193073154,close,0.02257089235151566,close,0.0935079825991322,close,-0.5949042341220614,close,-1.0,sl_first
60d,SUI/USDT:USDT,2026-04-12T14:00:00+00:00,15m_fast,SHORT,0.9009,0.95803585,0.7866283,0.0571358499999999,0.0157676835121906,0.0110373784585334,-0.15401888656596402,close,-0.14526781346562603,close,-0.3220394900924727,close,-1.0,sl_first,-1.0,sl_first
60d,SUI/USDT:USDT,2026-04-12T22:30:00+00:00,15m_fast,SHORT,0.902,0.95723908,0.79152185,0.0552390799999999,0.0163290192378294,0.0114303134664806,-0.11586000346131711,close,-0.1194806285694829,close,-1.0,sl_first,-1.0,sl_first,-1.0,sl_first
60d,SUI/USDT:USDT,2026-04-13T05:00:00+00:00,15m_fast,SHORT,0.9022,0.95533982,0.79592037,0.0531398199999999,0.0169778520138005,0.0118844964096604,0.03387290359658778,close,-0.1223188185432311,close,-1.0,sl_first,-1.0,sl_first,-1.0,sl_first
60d,SUI/USDT:USDT,2026-04-13T07:30:00+00:00,15m_fast,SHORT,0.9023,0.95543982,0.79602037,0.05313982,0.0169797338417781,0.0118858136892447,-0.0037636559551759486,close,-0.2465194650640518,close,-1.0,sl_first,-1.0,sl_first,-1.0,sl_first
60d,SUI/USDT:USDT,2026-04-13T20:00:00+00:00,4h_flip,LONG,0.9353,0.88109254,1.04371492,0.0542074599999999,0.0172540827406412,0.0120778579184488,0.4445882540890138,close,0.24904321287143838,close,-0.0737905815915376,close,0.5940141818118773,close,1.123461604731158,close
60d,SUI/USDT:USDT,2026-04-14T09:00:00+00:00,15m_fast,LONG,0.9491,0.89334829,1.06060341,0.05575171,0.0170236930849295,0.0119165851594507,-0.0968580156554852,close,-0.15963635913589053,close,-0.19371603131096843,close,0.40716239914434804,close,0.3407967217507751,close
60d,SUI/USDT:USDT,2026-04-14T14:00:00+00:00,15m_fast,LONG,0.9599,0.90560199,1.06849603,0.05429801,0.0176783642715451,0.0123748549900815,-0.33518723798533306,close,-0.5119892975819912,close,-0.24678620818700295,close,0.14917673778468116,close,-0.003683376241596662,close
60d,SUI/USDT:USDT,2026-04-15T13:00:00+00:00,1h_continuation,LONG,0.9501,0.89621979,1.05786042,0.0538802099999999,0.0176335615618424,0.0123434930932897,0.018559690097718674,close,0.2728274444364651,close,0.49183178758954593,close,1.1080134988338055,close,0.011135814058632029,close
60d,SUI/USDT:USDT,2026-04-15T13:00:00+00:00,aligned_trend,LONG,0.9501,0.89621979,1.05786042,0.0538802099999999,0.0176335615618424,0.0123434930932897,0.018559690097718674,close,0.2728274444364651,close,0.49183178758954593,close,1.1080134988338055,close,0.011135814058632029,close
60d,SUI/USDT:USDT,2026-04-15T17:00:00+00:00,aligned_trend,LONG,0.9511,0.89821838,1.05686325,0.0528816199999999,0.0179854550598109,0.0125898185418676,0.2590692191351186,close,0.14749926344919168,close,0.4330427093572412,close,1.5657614119991077,close,-0.2590692191351165,close
60d,SUI/USDT:USDT,2026-04-16T02:30:00+00:00,15m_fast,LONG,0.9656,0.91012911,1.07654178,0.05547089,0.017407328420366,0.0121851298942562,0.16945825098533598,close,0.014421978807263106,close,0.30646704965433247,close,0.5660626681850603,close,-0.6111313519577573,close
60d,SUI/USDT:USDT,2026-04-16T07:00:00+00:00,15m_fast,LONG,0.9818,0.92504132,1.09531737,0.05675868,0.0172977948042484,0.0121084563629738,-0.2589912238973853,close,-0.2766096745026496,close,0.0017618450605262311,close,0.31713211089475685,close,-1.0,sl_first
60d,SUI/USDT:USDT,2026-04-16T13:00:00+00:00,15m_fast,LONG,0.9766,0.91779379,1.09421242,0.0588062099999999,0.0166070896253984,0.0116249627377788,-0.044213017638784255,close,0.24487209769172325,close,0.5645662252336966,close,-0.1445425576652547,close,-1.0,sl_first
60d,SUI/USDT:USDT,2026-04-16T13:00:00+00:00,aligned_trend,LONG,0.9766,0.91779379,1.09421242,0.0588062099999999,0.0166070896253984,0.0116249627377788,-0.044213017638784255,close,0.24487209769172325,close,0.5645662252336966,close,-0.1445425576652547,close,-1.0,sl_first
60d,SUI/USDT:USDT,2026-04-16T16:00:00+00:00,15m_fast,LONG,0.985,0.92115852,1.11268296,0.06384148,0.0154288403088399,0.0108001882161879,0.28351473054822846,close,0.23339057929108195,close,0.6187199920803838,close,-0.2960457683625133,close,-1.0,sl_first
60d,SUI/USDT:USDT,2026-04-17T08:00:00+00:00,15m_fast,LONG,0.9924,0.92430551,1.12858899,0.0680944899999999,0.0145738664024064,0.0102017064816845,0.10867252254918253,close,0.4714037802471252,close,0.17916280744594765,close,-0.7063713965696783,close,-1.0,sl_first
60d,SUI/USDT:USDT,2026-04-17T08:00:00+00:00,aligned_trend,LONG,0.9924,0.92430551,1.12858899,0.0680944899999999,0.0145738664024064,0.0102017064816845,0.10867252254918253,close,0.4714037802471252,close,0.17916280744594765,close,-0.7063713965696783,close,-1.0,sl_first
60d,SUI/USDT:USDT,2026-04-17T12:00:00+00:00,15m_fast,LONG,0.9998,0.93166226,1.13607549,0.06813774,0.0146732192761309,0.0102712534932916,0.3625010163236988,close,0.20106331674634417,close,-0.5679671794221538,close,-0.6751031073234898,close,-1.0,sl_first
60d,SUI/USDT:USDT,2026-04-18T12:00:00+00:00,4h_flip,SHORT,0.9611,1.03537708,0.81254584,0.07427708,0.0129393885704715,0.00905757199933,-0.06731551644194958,close,0.08751017137453372,close,0.09828065400524595,close,0.2611842037947638,close,-0.11982161926667041,close
60d,SUI/USDT:USDT,2026-04-19T18:00:00+00:00,1h_continuation,SHORT,0.9381,1.00259292,0.80911417,0.06449292,0.0145457826998684,0.0101820478899079,0.08528067887141814,close,0.0620223119064853,close,-0.11784239262232103,close,0.0031011155953256423,close,-0.04496617613220029,close
60d,SUI/USDT:USDT,2026-04-20T05:30:00+00:00,15m_fast,SHORT,0.9301,0.99639936,0.79750129,0.0662993599999999,0.0140287930381228,0.009820155126686,-0.1659141204379654,close,-0.2051301852687562,close,-0.2564127315859465,close,-0.6530983104512633,close,-0.14932270839416736,close
60d,SUI/USDT:USDT,2026-04-21T20:00:00+00:00,adaptive_trend_route,SHORT,0.9291,0.9775209180736188,0.8322581638527625,0.0484209180736188,0.019187988104385,0.0134315916730695,-0.41097940294614216,close,-0.6691322942439726,close,-0.5906538152894321,close,-0.09293504086721739,close,-0.1858700817344371,close
60d,SUI/USDT:USDT,2026-04-22T12:00:00+00:00,adaptive_trend_route,LONG,0.9705,0.9228711060209124,1.065757787958175,0.0476288939790875,0.0203762867226376,0.0142634007058463,-0.010497829326450282,close,-0.2687444307570978,close,-0.6844584720844833,close,-1.0,sl_first,-1.0,sl_first
60d,SUI/USDT:USDT,2026-04-23T04:00:00+00:00,adaptive_trend_route,SHORT,0.9323,0.9786850242330468,0.8395299515339067,0.0463850242330466,0.0200991594898378,0.0140694116428865,-0.1379755665933303,close,-0.12072862076916342,close,-0.22636616394218292,close,-0.39236801749978534,close,0.1767811946977052,close
60d,SUI/USDT:USDT,2026-04-25T16:00:00+00:00,adaptive_trend_route,SHORT,0.9404,0.9765771173198484,0.8680457653603032,0.0361771173198484,0.0259943320438097,0.0181960324306668,0.21837007990865323,close,0.06357609921391069,close,-0.16308651537481705,close,,insufficient,,insufficient
60d,SUI/USDT:USDT,2026-04-27T04:00:00+00:00,adaptive_trend_route,LONG,0.9563,0.9231655524935972,1.0225688950128056,0.0331344475064028,0.0288612025239052,0.0202028417667336,-0.9717983072987041,close,,insufficient,,insufficient,,insufficient,,insufficient
60d,XRP/USDT:USDT,2026-02-27T12:00:00+00:00,4h_flip,SHORT,1.3817,1.48189516,1.18130968,0.1001951600000001,0.0137900872656922,0.0096530610859845,0.2574974679415632,close,0.3163825478196732,close,0.8932567201848854,close,0.06287728868340513,close,0.17765329183565373,close
60d,XRP/USDT:USDT,2026-02-28T05:00:00+00:00,15m_fast,SHORT,1.353,1.44438434,1.17023132,0.09138434,0.014805600171758,0.0103639201202306,0.7375443101082736,close,0.6379648854497392,close,-0.6565676351112243,close,-0.1433506003326184,close,-0.5504225341015759,close
60d,XRP/USDT:USDT,2026-03-01T00:00:00+00:00,4h_flip,LONG,1.3752,1.26583303,1.59393394,0.1093669699999999,0.0125741803032487,0.0088019262122741,0.39225736984392984,close,0.20024327271753117,close,-0.21395856536941738,close,0.1289237509277254,close,0.3995721925916034,close
60d,XRP/USDT:USDT,2026-03-02T12:00:00+00:00,adaptive_trend_route,SHORT,1.3508,1.4417326401923785,1.168934719615243,0.0909326401923784,0.0148549519418134,0.0103984663592694,-0.5377606973309738,close,-0.541059842713372,close,-0.010997151274660843,close,-0.5234644006739148,close,-1.0,sl_first
60d,XRP/USDT:USDT,2026-03-03T16:00:00+00:00,adaptive_trend_route,SHORT,1.3639,1.452953587996338,1.1857928240073237,0.0890535879963381,0.0153154974514455,0.0107208482160118,0.019089629494431118,close,0.04491677528101689,close,-1.0,sl_first,-1.0,sl_first,-1.0,sl_first
60d,XRP/USDT:USDT,2026-03-04T12:00:00+00:00,adaptive_trend_route,LONG,1.3984,1.3099108890679398,1.5753782218641206,0.0884891109320602,0.015803074358761,0.0110621520511327,0.7221227485160374,close,0.6486673828610418,close,0.418130542959208,close,-0.04859354958715348,close,-0.6091144936621996,close
60d,XRP/USDT:USDT,2026-03-07T12:00:00+00:00,adaptive_trend_route,SHORT,1.3689,1.4354769201317257,1.2357461597365489,0.0665769201317256,0.0205611794191074,0.0143928255933752,0.19225881844150366,close,0.2898902496813329,close,0.18174466430798503,close,0.2928942937194811,close,-1.0,sl_first
60d,XRP/USDT:USDT,2026-03-09T07:30:00+00:00,15m_fast,SHORT,1.3368,1.39725289,1.21589423,0.06045289,0.0221130867358036,0.0154791607150625,-0.11413846385176799,close,-0.45324549413601384,close,-0.792352524420256,close,-1.0,sl_first,-1.0,sl_first
60d,XRP/USDT:USDT,2026-03-10T08:00:00+00:00,adaptive_trend_route,LONG,1.3867,1.3262808788447376,1.5075382423105252,0.0604191211552624,0.022951343440374,0.0160659404082618,0.05627357589764798,close,0.7232809608021525,close,-0.14730436043796966,close,-0.18702688460101638,close,0.08275525867301368,close
60d,XRP/USDT:USDT,2026-03-11T19:00:00+00:00,1h_continuation,LONG,1.4033,1.32290743,1.56408515,0.0803925699999998,0.0174555932221099,0.0122189152554769,-0.17290155047910594,close,-0.3968028388693149,close,-0.398046734915927,close,-0.08458493116963339,close,0.6393625679587086,close
60d,XRP/USDT:USDT,2026-03-12T11:00:00+00:00,1h_continuation,LONG,1.3892,1.3159558,1.5356884,0.0732441999999999,0.0189666895126167,0.0132766826588316,-0.28807741773409945,close,-0.24438795153746032,close,0.6034607518411025,close,-0.006826479093224386,close,1.632893799099452,close
60d,XRP/USDT:USDT,2026-03-12T11:00:00+00:00,aligned_trend,LONG,1.3892,1.3159558,1.5356884,0.0732441999999999,0.0189666895126167,0.0132766826588316,-0.28807741773409945,close,-0.24438795153746032,close,0.6034607518411025,close,-0.006826479093224386,close,1.632893799099452,close
60d,XRP/USDT:USDT,2026-03-13T01:00:00+00:00,1h_continuation,LONG,1.406,1.33553106,1.54693789,0.0704689399999998,0.0199520526348204,0.0139664368443743,0.06811511568075454,close,0.28239391709312056,close,-0.17880217866197476,close,-0.019866908740217317,close,2.0,tp_first
60d,XRP/USDT:USDT,2026-03-13T01:00:00+00:00,aligned_trend,LONG,1.406,1.33553106,1.54693789,0.0704689399999998,0.0199520526348204,0.0139664368443743,0.06811511568075454,close,0.28239391709312056,close,-0.17880217866197476,close,-0.019866908740217317,close,2.0,tp_first
60d,XRP/USDT:USDT,2026-03-13T13:30:00+00:00,15m_fast,LONG,1.4372,1.36351528,1.58456944,0.0736847199999999,0.0195047222816345,0.0136533055971441,-0.48042524963113314,close,-0.5292820546783645,close,-0.5971387283550796,close,-0.18864155282126394,close,2.0,tp_first
60d,XRP/USDT:USDT,2026-03-15T00:00:00+00:00,1h_continuation,LONG,1.4055,1.34303924,1.53042152,0.06246076,0.0225021277358776,0.0157514894151143,0.09606031050534777,close,0.02401507762633783,close,0.6836292097630571,close,2.0,tp_first,2.0,tp_first
60d,XRP/USDT:USDT,2026-03-15T00:00:00+00:00,aligned_trend,LONG,1.4055,1.34303924,1.53042152,0.06246076,0.0225021277358776,0.0157514894151143,0.09606031050534777,close,0.02401507762633783,close,0.6836292097630571,close,2.0,tp_first,2.0,tp_first
60d,XRP/USDT:USDT,2026-03-15T09:30:00+00:00,15m_fast,LONG,1.416,1.35497108,1.53805784,0.0610289199999998,0.0232021146695698,0.0162414802686988,0.11961542167221881,close,-0.04260275292435036,close,0.8504164910668619,close,2.0,tp_first,2.0,tp_first
60d,XRP/USDT:USDT,2026-03-15T18:00:00+00:00,aligned_trend,LONG,1.4185,1.35950159,1.53649681,0.05899841,0.0240430208203915,0.0168301145742741,0.14068175735583338,close,0.47628402189143765,close,1.6830962054740108,close,2.0,tp_first,2.0,tp_first
60d,XRP/USDT:USDT,2026-03-15T21:00:00+00:00,15m_fast,LONG,1.4172,1.35911577,1.53336847,0.0580842299999999,0.0243990494493944,0.0170793346145761,0.4975532945861549,close,1.069137010166101,close,2.0,tp_first,2.0,tp_first,2.0,tp_first
60d,XRP/USDT:USDT,2026-03-15T21:00:00+00:00,aligned_trend,LONG,1.4172,1.35911577,1.53336847,0.0580842299999999,0.0243990494493944,0.0170793346145761,0.4975532945861549,close,1.069137010166101,close,2.0,tp_first,2.0,tp_first,2.0,tp_first
60d,XRP/USDT:USDT,2026-03-16T03:30:00+00:00,15m_fast,LONG,1.4529,1.38717893,1.58434215,0.0657210700000001,0.0221070655118669,0.0154749458583068,0.4503882849138001,close,0.20389199384611106,close,2.0,tp_first,2.0,tp_first,2.0,tp_first
60d,XRP/USDT:USDT,2026-03-16T14:00:00+00:00,15m_fast,LONG,1.4819,1.41156363,1.62257274,0.0703363699999999,0.0210687585953042,0.0147481310167129,0.5104045033885043,close,0.6426262828178363,close,0.298565308388817,close,-0.2303218093285169,close,-0.6184567102339822,close
60d,XRP/USDT:USDT,2026-03-18T12:00:00+00:00,4h_flip,SHORT,1.489,1.58420861,1.29858279,0.0952086099999998,0.0156393418620438,0.0109475393034306,0.5157096611325409,close,0.4253816960461904,close,0.32560080438103445,close,0.4253816960461904,close,1.0198657453354312,close
60d,XRP/USDT:USDT,2026-03-19T07:30:00+00:00,15m_fast,SHORT,1.4576,1.55423766,1.26432468,0.09663766,0.0150831466738743,0.010558202671712,-0.061052802810001985,close,0.309403187121874,close,0.0900270143130528,close,0.09209660084898484,close,0.3228554996054345,close
60d,XRP/USDT:USDT,2026-03-19T08:00:00+00:00,aligned_trend,SHORT,1.4606,1.55704211,1.26771577,0.0964421100000001,0.0151448366279003,0.0106013856395302,0.0269591778943859,close,0.3058829799555384,close,0.07050861910839477,close,0.17938222214341695,close,0.5174088372807251,close
60d,XRP/USDT:USDT,2026-03-19T13:00:00+00:00,aligned_trend,SHORT,1.4366,1.53022482,1.24935036,0.0936248199999998,0.0153442217565812,0.0107409552296068,0.10787737696051132,close,-0.1281711409431819,close,-0.05340464205965794,close,-0.07903887024829384,close,0.03417897091818279,close
60d,XRP/USDT:USDT,2026-03-19T15:30:00+00:00,15m_fast,SHORT,1.4277,1.52132482,1.24045036,0.09362482,0.015249161493715,0.0106744130456005,-0.20293763982670546,close,-0.21682284676221525,close,-0.10146881991335273,close,-0.10146881991335273,close,-0.10253691275454578,close
60d,XRP/USDT:USDT,2026-03-20T05:00:00+00:00,15m_fast,SHORT,1.4526,1.53978306,1.27823387,0.08718306,0.0166614936433751,0.0116630455503626,-0.07455576805861336,close,0.12617129979149502,close,0.10323106346576842,close,0.4140712656793624,close,0.41521827749564866,close
60d,XRP/USDT:USDT,2026-03-20T09:30:00+00:00,15m_fast,SHORT,1.4467,1.53191999,1.27626002,0.0852199899999999,0.0169760639493152,0.0118832447645206,0.025815539288378285,close,0.15606666933427363,close,0.09974185634145444,close,0.6031448724647841,close,0.39192682374170823,close
60d,XRP/USDT:USDT,2026-03-21T08:00:00+00:00,15m_fast,SHORT,1.4433,1.516775,1.29635,0.0734749999999999,0.0196434161279346,0.0137503912895542,0.021776114324600856,close,0.08166042871725095,close,0.5512078938414431,close,0.9717591017352872,close,0.20823409322899097,close
60d,XRP/USDT:USDT,2026-03-21T13:30:00+00:00,15m_fast,SHORT,1.4388,1.49724494,1.32191012,0.05844494,0.0246180422120375,0.0172326295484262,0.02908720583852143,close,0.001711012108148096,close,0.6587396616370892,close,0.2634958646548372,close,0.4328860633615177,close
60d,XRP/USDT:USDT,2026-03-22T16:00:00+00:00,15m_fast,SHORT,1.3919,1.45961559,1.25646882,0.0677155900000001,0.0205550893080898,0.0143885625156629,0.1137108899147125,close,0.11518765471879955,close,-1.0,sl_first,-1.0,sl_first,-1.0,sl_first
60d,XRP/USDT:USDT,2026-03-23T06:30:00+00:00,15m_fast,SHORT,1.3817,1.44712054,1.25085892,0.06542054,0.0211202781267167,0.0147841946887017,0.13145718454784905,close,-1.0,sl_first,-1.0,sl_first,-1.0,sl_first,-1.0,sl_first
60d,XRP/USDT:USDT,2026-03-23T16:00:00+00:00,4h_flip,LONG,1.4308,1.34154427,1.60931146,0.08925573,0.0160303433740332,0.0112212403618232,0.034731663726237864,close,0.008963009993867193,close,-0.34507588476392675,close,-0.27113105231451246,close,-1.0,sl_first
60d,XRP/USDT:USDT,2026-03-24T22:00:00+00:00,1h_continuation,LONG,1.4122,1.33103118,1.57453765,0.0811688199999998,0.017398306394007,0.0121788144758049,0.0492800067809291,close,0.059136008137116565,close,0.009856001356187461,close,-0.5728800788283002,close,-1.0,sl_first
60d,XRP/USDT:USDT,2026-03-26T04:00:00+00:00,adaptive_trend_route,SHORT,1.401,1.461813119811609,1.2793737603767816,0.060813119811609,0.0230377919162856,0.0161264543413999,0.2647455031064953,close,0.5015365120961551,close,0.6182876345841145,close,1.225064595120118,close,0.7120174089758556,close
60d,XRP/USDT:USDT,2026-03-26T12:00:00+00:00,4h_flip,SHORT,1.3705,1.43063861,1.25022278,0.0601386099999998,0.0227890202317613,0.0159523141622329,0.17792230315932125,close,0.4556141221089111,close,0.5986170947416336,close,0.5171386568462462,close,0.4306717431613421,close
60d,XRP/USDT:USDT,2026-03-27T10:00:00+00:00,1h_continuation,SHORT,1.3456,1.41613387,1.20453226,0.07053387,0.019077359572075,0.0133541517004525,0.0779767223888302,close,0.3218311996775442,close,0.12901603158879396,close,0.15170016901100042,close,0.28213395918868206,close
60d,XRP/USDT:USDT,2026-03-27T18:00:00+00:00,15m_fast,SHORT,1.3229,1.39497972,1.17874057,0.07207972,0.0183532899406379,0.0128473029584465,-0.06520558070980195,close,-0.001387352781059485,close,-0.3079923173952396,close,0.00277470556211897,close,-0.24139938390437812,close
60d,XRP/USDT:USDT,2026-03-29T00:00:00+00:00,1h_continuation,SHORT,1.3327,1.39273847,1.21262305,0.06003847,0.0221974344116363,0.0155382040881454,-0.08494553575399415,close,-0.009993592441645065,close,0.09327352945536503,close,0.1532350841052428,close,0.3447789392367917,close
60d,XRP/USDT:USDT,2026-03-29T00:00:00+00:00,aligned_trend,SHORT,1.3327,1.39273847,1.21262305,0.06003847,0.0221974344116363,0.0155382040881454,-0.08494553575399415,close,-0.009993592441645065,close,0.09327352945536503,close,0.1532350841052428,close,0.3447789392367917,close
60d,XRP/USDT:USDT,2026-03-29T06:00:00+00:00,aligned_trend,SHORT,1.3327,1.3910643,1.21597141,0.0583643,0.0228341640352064,0.0159839148246445,-0.03769427543892379,close,0.11650957862940045,close,-0.3204013412308541,close,0.19189812950725185,close,0.3700892497639835,close
60d,XRP/USDT:USDT,2026-03-29T10:30:00+00:00,15m_fast,SHORT,1.331,1.38843113,1.21613773,0.0574311300000001,0.0231755843912525,0.0162229090738768,0.13407362870972636,close,0.1671567318978407,close,-0.2768533372057976,close,0.3465019754965642,close,0.7870296126856606,close
60d,XRP/USDT:USDT,2026-03-29T13:30:00+00:00,15m_fast,SHORT,1.3282,1.38367177,1.21725647,0.05547177,0.0239437104675044,0.0167605973272531,0.15683653144653853,close,0.04506796880647484,close,-0.4398633755512034,close,0.14602021893298153,close,0.3857818129834344,close
60d,XRP/USDT:USDT,2026-03-29T14:00:00+00:00,aligned_trend,SHORT,1.3259,1.38137177,1.21495647,0.05547177,0.0239022479362024,0.0167315735553417,0.057687000072290676,close,-0.0162244687703295,close,-0.34972743793824973,close,0.003605437504517667,close,0.5029585318802706,close
60d,XRP/USDT:USDT,2026-03-29T22:30:00+00:00,15m_fast,SHORT,1.319,1.37318382,1.21063236,0.0541838199999999,0.0243430603453208,0.0170401422417245,-0.4041796979245847,close,-0.5942733458069229,close,-0.20670377245458366,close,-0.3137467974757069,close,0.2196227582329936,close
60d,XRP/USDT:USDT,2026-03-30T04:00:00+00:00,4h_flip,LONG,1.3513,1.29025069,1.47339863,0.06104931,0.0221345663038615,0.0154941964127031,0.10483328968009567,close,-0.02784634257127615,close,-0.42752325947664294,close,-0.06224476574755759,close,-1.0,sl_first
60d,XRP/USDT:USDT,2026-03-31T12:00:00+00:00,4h_flip,SHORT,1.314,1.3758299,1.1903402,0.0618298999999999,0.0212518538765225,0.0148762977135657,-0.009704042865990966,close,-0.49005416473259766,close,-0.640466829155472,close,0.24098373117213773,close,0.033964150030971973,close
60d,XRP/USDT:USDT,2026-04-01T08:00:00+00:00,4h_flip,LONG,1.356,1.28920665,1.4895867,0.0667933500000002,0.0203014222224217,0.0142109955556952,-0.035931720747651864,close,0.013474395280366957,close,-0.588381927242757,close,-1.0,sl_first,-1.0,sl_first
60d,XRP/USDT:USDT,2026-04-01T17:00:00+00:00,15m_fast,LONG,1.3581,1.29512614,1.48404772,0.06297386,0.0215660910733437,0.0150962637513406,-0.16355992788118712,close,-0.030171248832452268,close,-1.0,sl_first,-1.0,sl_first,-1.0,sl_first
60d,XRP/USDT:USDT,2026-04-01T22:00:00+00:00,15m_fast,LONG,1.3544,1.30167023,1.45985954,0.05272977,0.0256856800247753,0.0179799760173427,-0.5101482521164068,close,-0.7604812234151604,close,-1.0,sl_first,-1.0,sl_first,-1.0,sl_first
60d,XRP/USDT:USDT,2026-04-02T04:00:00+00:00,4h_flip,SHORT,1.312,1.38042958,1.17514084,0.0684295799999998,0.0191729950702605,0.0134210965491824,-0.06868374758401177,close,0.1885149667731436,close,-0.13152206984172524,close,-0.0482247589419644,close,-0.4632499571091907,close
60d,XRP/USDT:USDT,2026-04-04T04:00:00+00:00,adaptive_trend_route,SHORT,1.3153,1.3607749616552014,1.2243500766895972,0.0454749616552014,0.0289236087755899,0.0202465261429129,0.002199012299520016,close,0.0879604919808104,close,0.06157234438656533,close,-0.4947777673920622,close,-1.0,sl_first
60d,XRP/USDT:USDT,2026-04-06T00:00:00+00:00,4h_flip,LONG,1.3259,1.28381519,1.41006963,0.0420848099999999,0.0315054291560304,0.0220538004092212,0.2827623553486412,close,0.42295545589964306,close,-0.13544079205775317,close,1.2379763624927838,close,0.3492946742542017,close
60d,XRP/USDT:USDT,2026-04-06T08:00:00+00:00,adaptive_trend_route,LONG,1.3437,1.3016383499477595,1.4278233001044804,0.0420616500522403,0.0319459649902257,0.022362175493158,0.1307604431392752,close,0.14502521875447244,close,-0.7560331076052516,close,-1.0,sl_first,-1.0,sl_first
60d,XRP/USDT:USDT,2026-04-09T04:00:00+00:00,4h_flip,SHORT,1.3304,1.39816481,1.19487038,0.0677648099999999,0.0196326087242036,0.0137428261069425,-0.010329845239733189,close,0.023611074833679135,close,-0.1505206020647,close,-0.28628428235835257,close,0.08263876191787534,close
60d,XRP/USDT:USDT,2026-04-11T07:00:00+00:00,1h_continuation,SHORT,1.3455,1.40120962,1.23408076,0.05570962,0.0241520225770701,0.0169064158039491,-0.01256515481527508,close,0.07180088465869994,close,0.30156371556653816,close,0.20642754339375935,close,-0.18309225587968445,close
60d,XRP/USDT:USDT,2026-04-12T02:00:00+00:00,1h_continuation,SHORT,1.3286,1.38216507,1.22146986,0.0535650700000001,0.0248034773407371,0.0173624341385159,-0.018668882538562685,close,-0.018668882538562685,close,-0.0560066476156922,close,-1.0,sl_first,-1.0,sl_first
60d,XRP/USDT:USDT,2026-04-12T13:30:00+00:00,15m_fast,SHORT,1.3295,1.37232898,1.24384205,0.0428289800000001,0.0310420654426044,0.021729445809823,0.032688147137752116,close,-0.14009205916181033,close,-0.037357882443150456,close,-1.0,sl_first,-1.0,sl_first
60d,XRP/USDT:USDT,2026-04-12T16:00:00+00:00,adaptive_trend_route,SHORT,1.3231,1.3656733362188282,1.2379533275623436,0.0425733362188283,0.0310781375741667,0.0217546963019166,-0.16677105039421578,close,-0.018791104269773658,close,-0.2513310196081842,close,-1.0,sl_first,-1.0,sl_first
60d,XRP/USDT:USDT,2026-04-14T13:30:00+00:00,15m_fast,LONG,1.3728,1.3191054,1.48018919,0.0536946,0.0255668167748711,0.0178967717424098,-0.05028438613938691,close,-0.27190816208706176,close,-0.11546784965340989,close,1.0373482622088641,close,2.0,tp_first
60d,XRP/USDT:USDT,2026-04-15T15:00:00+00:00,1h_continuation,LONG,1.3759,1.3228038,1.4820924,0.0530961999999999,0.0259133421977467,0.0181393395384227,0.19210414304602266,close,0.3333571894033864,close,0.6346970216324356,close,2.0,tp_first,2.0,tp_first
60d,XRP/USDT:USDT,2026-04-15T15:00:00+00:00,aligned_trend,LONG,1.3759,1.3228038,1.4820924,0.0530961999999999,0.0259133421977467,0.0181393395384227,0.19210414304602266,close,0.3333571894033864,close,0.6346970216324356,close,2.0,tp_first,2.0,tp_first
60d,XRP/USDT:USDT,2026-04-15T22:30:00+00:00,15m_fast,LONG,1.3949,1.33662828,1.51144345,0.05827172,0.0239378552752518,0.0167564986926763,0.10983029160628795,close,0.1956352069237029,close,0.9730277396994627,close,1.4724123468468044,close,0.16131324079673767,close
60d,XRP/USDT:USDT,2026-04-16T12:30:00+00:00,15m_fast,LONG,1.4164,1.35654712,1.53610575,0.05985288,0.0236646924926586,0.016565284744861,0.2706636673122495,close,0.6482561908466217,close,0.5145951205689674,close,0.268992903933779,close,0.1486979406838887,close
60d,XRP/USDT:USDT,2026-04-16T15:30:00+00:00,15m_fast,LONG,1.4155,1.35564712,1.53520575,0.05985288,0.0236496556222524,0.0165547589355767,0.6114993965202672,close,0.5830964190862651,close,1.2798047479085384,close,0.3742509967774312,close,0.22054076595813102,close
60d,XRP/USDT:USDT,2026-04-17T08:00:00+00:00,15m_fast,LONG,1.4366,1.36564518,1.57850964,0.07095482,0.0202466865534997,0.0141726805874498,0.13952540503942928,close,0.6877615925176042,close,0.5172305419138539,close,-0.2452264694632455,close,0.033824340615619314,close
60d,XRP/USDT:USDT,2026-04-17T09:00:00+00:00,aligned_trend,LONG,1.446,1.37504518,1.58790964,0.0709548199999998,0.020379165220911,0.0142654156546377,0.17053105060375087,close,0.7173578905562736,close,0.09301693669295417,close,-0.30864710811753304,close,-0.2029460436937196,close
60d,XRP/USDT:USDT,2026-04-17T13:00:00+00:00,15m_fast,LONG,1.4581,1.38649195,1.6013161,0.07160805,0.02036223581008,0.014253565067056,0.5418385223449032,close,0.319796447466453,close,-0.3197964474664499,close,-0.3784490710192485,close,-0.4231367842023347,close
60d,XRP/USDT:USDT,2026-04-17T13:00:00+00:00,aligned_trend,LONG,1.4581,1.38649195,1.6013161,0.07160805,0.02036223581008,0.014253565067056,0.5418385223449032,close,0.319796447466453,close,-0.3197964474664499,close,-0.3784490710192485,close,-0.4231367842023347,close
60d,XRP/USDT:USDT,2026-04-19T08:00:00+00:00,4h_flip,SHORT,1.4192,1.49052993,1.27654014,0.0713299299999998,0.0198962763597272,0.0139273934518091,-0.13598779642711087,close,-0.15982070920299665,close,0.0672929301907338,close,-0.27197559285422174,close,0.050469697643051904,close
60d,XRP/USDT:USDT,2026-04-19T16:00:00+00:00,15m_fast,SHORT,1.4306,1.50152479,1.28875043,0.0709247899999998,0.0201706624721765,0.0141194637305235,0.19598225105777634,close,0.5230893175714759,close,-0.018329275278782788,close,-0.015509386774354665,close,0.02537899653985622,close
60d,XRP/USDT:USDT,2026-04-20T05:30:00+00:00,15m_fast,SHORT,1.3995,1.47016004,1.25817991,0.0706600399999999,0.0198061025722601,0.013864271800582,-0.2193601928331783,close,-0.3453154003309369,close,-0.44155083976742954,close,-0.8349839598166097,close,-0.35946767083630476,close
60d,XRP/USDT:USDT,2026-04-21T18:00:00+00:00,1h_continuation,SHORT,1.4236,1.48703705,1.2967259,0.0634370500000001,0.0224411444100883,0.0157088010870618,0.028374585514301512,close,-0.07881829309528277,close,-0.3925150996144978,close,-0.17340024480961996,close,0.025221853790490623,close
60d,XRP/USDT:USDT,2026-04-22T08:00:00+00:00,4h_flip,LONG,1.4537,1.40011152,1.56087695,0.0535884799999999,0.0271270989585821,0.0189889692710075,-0.0037321454163278815,close,0.0391875268714469,close,-0.6251343572349907,close,-0.40493777767162076,close,-0.44972352266755944,close
60d,XRP/USDT:USDT,2026-04-23T12:00:00+00:00,adaptive_trend_route,SHORT,1.4156,1.4623194743010517,1.3221610513978963,0.0467194743010517,0.0302999984734017,0.0212099989313812,-0.32748656162973294,close,-0.28253742571977003,close,-0.47303614457627824,close,-0.30608221119641477,close,,insufficient
60d,XRP/USDT:USDT,2026-04-24T08:00:00+00:00,adaptive_trend_route,LONG,1.432,1.3874129073420665,1.521174185315867,0.0445870926579334,0.032116918027962,0.0224818426195734,0.12783968768113513,close,0.3386630322780951,close,0.011214007691331311,close,-0.08298365691582482,close,,insufficient
60d,XRP/USDT:USDT,2026-04-27T04:00:00+00:00,adaptive_trend_route,LONG,1.4419,1.4079750689465178,1.5097498621069645,0.0339249310534821,0.0425026655979599,0.0297518659185719,-0.8430378223882762,close,,insufficient,,insufficient,,insufficient,,insufficient
