window,symbol,checkpoint,path,route,regime,direction,confidence,entry_price,atr_4h,sl_price,tp_price,one_R_dist,live_allowed,suppressed_flag,run_length,one_r_before_sl,two_r_before_sl,sl_first,unresolved,mfe_4h,mae_4h,mfe_8h,mae_8h,mfe_24h,mae_24h,mfe_48h,mae_48h,time_to_sl_min,time_to_1r_min,time_to_tp_min,fee_drag_R_taker_taker,fee_drag_R_maker_taker,truncated_4h,truncated_8h,truncated_24h,truncated_48h,forward_bars
14d,ADA/USDT:USDT,2026-04-15T00:00:00+00:00,adaptive_trend_route,adaptive_trend,ranging,SHORT,84.15,0.2393,0.0048973848601742654,0.25154346215043566,0.2148130756991287,0.012243462150435647,False,ALLOW_ADAPTIVE_TREND_ROUTE,40,,,,True,0.0005000000000000004,0.001799999999999996,0.0013000000000000234,0.0024999999999999745,0.0013000000000000234,0.011199999999999988,0.0013000000000000234,0.022199999999999998,,,,0.019545125150036525,0.013681587605025566,False,False,False,False,192
14d,ADA/USDT:USDT,2026-04-16T16:00:00+00:00,15m_fast,supertrend_trend,trending,LONG,49.62,0.2533,0.00512841408211713,0.23791476,0.28407048,0.015385240000000022,False,ALLOW_15M_FAST,1,,,,True,0.007399999999999962,0.0027000000000000357,0.008199999999999985,0.0027000000000000357,0.014600000000000002,0.0027000000000000357,0.014600000000000002,0.0039000000000000146,,,,0.016463831568438298,0.011524682097906809,False,False,False,False,192
14d,ADA/USDT:USDT,2026-04-17T13:00:00+00:00,1h_continuation,supertrend_trend,trending,LONG,65.4,0.2603,0.005425050108941803,0.24402485,0.2928503,0.016275149999999988,False,(allowed),6,,,,True,0.007600000000000051,0.0006999999999999784,0.007600000000000051,0.0012999999999999678,0.007600000000000051,0.010899999999999965,0.007600000000000051,0.016199999999999964,,,,0.01599370819931,0.011195595739517,False,False,False,False,192
14d,ADA/USDT:USDT,2026-04-18T20:00:00+00:00,4h_flip,supertrend_trend,trending,SHORT,69.92,0.2486,0.005323890494705113,0.26457167,0.21665666,0.015971669999999993,False,(allowed),8,,,,True,0.0007999999999999952,0.0020999999999999908,0.001899999999999985,0.0020999999999999908,0.004499999999999976,0.0023000000000000242,0.00789999999999999,0.0023000000000000242,,,,0.01556505988415739,0.010895541918910174,False,False,False,False,192
14d,ADA/USDT:USDT,2026-04-19T18:00:00+00:00,1h_continuation,supertrend_trend,trending,SHORT,60.05,0.2449,0.004893001006742995,0.259579,0.21554199,0.014678999999999998,False,(allowed),4,,,,True,0.0015000000000000013,0.0023999999999999855,0.004200000000000009,0.0023999999999999855,0.004200000000000009,0.004299999999999998,0.004200000000000009,0.007400000000000018,,,,0.01668369779957763,0.011678588459704342,False,False,False,False,192
14d,ADA/USDT:USDT,2026-04-21T04:00:00+00:00,adaptive_trend_route,adaptive_trend,ranging,SHORT,66.66,0.2469,0.004754311321925056,0.25878577830481264,0.22312844339037474,0.011885778304812633,False,ALLOW_ADAPTIVE_TREND_ROUTE,8,,,,True,0.00020000000000000573,0.0032999999999999696,0.00020000000000000573,0.005400000000000016,0.0031000000000000194,0.008599999999999997,0.0031000000000000194,0.010599999999999998,,,,0.02077272465195052,0.014540907256365362,False,False,False,False,192
14d,ADA/USDT:USDT,2026-04-21T16:00:00+00:00,adaptive_trend_route,adaptive_trend,ranging,SHORT,61.31,0.2487,0.0044700881830427655,0.2598752204576069,0.22634955908478618,0.01117522045760691,False,ALLOW_ADAPTIVE_TREND_ROUTE,16,,,,True,0.0049000000000000155,0.0005999999999999894,0.0049000000000000155,0.0012999999999999956,0.0049000000000000155,0.008800000000000002,0.0049000000000000155,0.008800000000000002,,,,0.022254594523968548,0.015578216166777983,False,False,False,False,192
14d,ADA/USDT:USDT,2026-04-22T04:00:00+00:00,adaptive_trend_route,adaptive_trend,ranging,LONG,69.2,0.2542,0.004782027601364781,0.24224493099658803,0.2781101380068239,0.01195506900341195,False,ALLOW_ADAPTIVE_TREND_ROUTE,40,,,,True,0.003300000000000025,0.0010000000000000009,0.003300000000000025,0.0010000000000000009,0.003300000000000025,0.009199999999999986,0.003300000000000025,0.009799999999999975,,,,0.021262947117030598,0.01488406298192142,False,False,False,False,192
14d,ADA/USDT:USDT,2026-04-23T08:00:00+00:00,adaptive_trend_route,adaptive_trend,ranging,SHORT,84.77,0.2467,0.004275789678129922,0.2573894741953248,0.2253210516093504,0.010689474195324816,False,ALLOW_ADAPTIVE_TREND_ROUTE,32,,,,True,0.0020999999999999908,0.0012000000000000066,0.0020999999999999908,0.00410000000000002,0.0022999999999999965,0.005100000000000021,0.0022999999999999965,0.006200000000000011,,,,0.023078777823131613,0.016155144476192127,False,False,False,False,192
14d,ADA/USDT:USDT,2026-04-24T16:00:00+00:00,adaptive_trend_route,adaptive_trend,ranging,LONG,60.41,0.252,0.004098194133976068,0.24175451466505982,0.2724909706698804,0.010245485334940185,False,ALLOW_ADAPTIVE_TREND_ROUTE,48,,,,True,0.00040000000000001146,0.0015000000000000013,0.0009000000000000119,0.0022000000000000075,0.0018000000000000238,0.002599999999999991,0.0023000000000000242,0.0040999999999999925,,,,0.024596199375797673,0.017217339563058372,False,False,False,False,192
14d,ADA/USDT:USDT,2026-04-26T12:00:00+00:00,adaptive_trend_route,adaptive_trend,ranging,LONG,63.32,0.2534,0.003406088459610202,0.2448847788509745,0.270430442298051,0.008515221149025504,False,ALLOW_ADAPTIVE_TREND_ROUTE,40,,,,True,0.00040000000000001146,0.0020999999999999908,0.00040000000000001146,0.0027000000000000357,0.00269999999999998,0.007400000000000018,0.00269999999999998,0.007400000000000018,,,,0.02975847550700425,0.020830932854902975,False,False,True,True,80
14d,AVAX/USDT:USDT,2026-04-13T11:00:00+00:00,1h_continuation,supertrend_trend,trending,SHORT,60.37,8.986,0.1845872095395654,9.53976163,7.87847674,0.5537616299999986,False,(allowed),2,False,False,True,False,0.025000000000000355,0.3330000000000002,0.025000000000000355,0.4009999999999998,0.025000000000000355,0.7299999999999986,0.025000000000000355,0.7299999999999986,690.0,,,0.016227198695583197,0.011359039086908235,False,False,False,False,192
14d,AVAX/USDT:USDT,2026-04-13T20:00:00+00:00,4h_flip,supertrend_trend,trending,LONG,65.82,9.404,0.1941006192997176,8.82169814,10.56860372,0.5823018599999994,False,(allowed),8,,,,True,0.3119999999999994,0.1609999999999996,0.3119999999999994,0.1609999999999996,0.3119999999999994,0.1980000000000004,0.3119999999999994,0.1980000000000004,,,,0.016149699401612785,0.011304789581128946,False,False,False,False,192
14d,AVAX/USDT:USDT,2026-04-14T14:00:00+00:00,15m_fast,supertrend_trend,trending,LONG,53.55,9.491,0.20060726748800597,8.8891782,10.6946436,0.6018217999999997,False,ALLOW_15M_FAST,1,,,,True,0.040000000000000924,0.21899999999999942,0.040000000000000924,0.28500000000000014,0.040000000000000924,0.28500000000000014,0.12700000000000067,0.28500000000000014,,,,0.015770448993373126,0.01103931429536119,False,False,False,False,192
14d,AVAX/USDT:USDT,2026-04-14T16:30:00+00:00,15m_fast,supertrend_trend,trending,LONG,53.64,9.451,0.20477817695314843,8.83666547,10.67966906,0.6143345300000007,False,ALLOW_15M_FAST,1,,,,True,0.02099999999999902,0.245000000000001,0.02099999999999902,0.245000000000001,0.02099999999999902,0.245000000000001,0.19599999999999973,0.245000000000001,,,,0.015384126300046963,0.010768888410032873,False,False,False,False,192
14d,AVAX/USDT:USDT,2026-04-15T19:00:00+00:00,1h_continuation,supertrend_trend,trending,LONG,65.58,9.47,0.19259704336642397,8.89220887,10.62558226,0.5777911300000014,False,(allowed),8,,,,True,0.09699999999999953,0.04600000000000115,0.09699999999999953,0.13400000000000034,0.3780000000000001,0.21300000000000097,0.5359999999999996,0.21300000000000097,,,,0.016390005848653265,0.011473004094057285,False,False,False,False,192
14d,AVAX/USDT:USDT,2026-04-16T03:00:00+00:00,15m_fast,supertrend_trend,trending,LONG,54.13,9.44,0.1929535731067635,8.86113928,10.59772144,0.5788607199999998,False,ALLOW_15M_FAST,1,,,,True,0.12300000000000111,0.02999999999999936,0.17800000000000082,0.10200000000000031,0.4429999999999996,0.18299999999999983,0.5660000000000007,0.18299999999999983,,,,0.01630789527401342,0.01141552669180939,False,False,False,False,192
14d,AVAX/USDT:USDT,2026-04-16T04:00:00+00:00,aligned_trend,supertrend_trend,trending,LONG,45.22,9.48,0.1916711750277089,8.90498647,10.63002705,0.5750135299999997,False,ALLOW_ALIGNED_TREND,4,,,,True,0.1379999999999999,0.025000000000000355,0.1379999999999999,0.14200000000000124,0.4029999999999987,0.22300000000000075,0.5259999999999998,0.22300000000000075,,,,0.01648656858561225,0.011540598009928574,False,False,False,False,192
14d,AVAX/USDT:USDT,2026-04-16T12:30:00+00:00,15m_fast,supertrend_trend,trending,LONG,54.32,9.511,0.18865014581470824,8.94504956,10.64290087,0.5659504399999999,False,ALLOW_15M_FAST,1,,,,True,0.136000000000001,0.25399999999999956,0.3719999999999999,0.25399999999999956,0.3719999999999999,0.25399999999999956,0.495000000000001,0.25399999999999956,,,,0.016805358433858626,0.011763750903701038,False,False,False,False,192
14d,AVAX/USDT:USDT,2026-04-16T13:00:00+00:00,aligned_trend,supertrend_trend,trending,LONG,45.36,9.504,0.18865014581470824,8.93804956,10.63590087,0.5659504399999999,False,ALLOW_ALIGNED_TREND,2,,,,True,0.14300000000000068,0.2469999999999999,0.37899999999999956,0.2469999999999999,0.37899999999999956,0.2469999999999999,0.5020000000000007,0.2469999999999999,,,,0.01679298985967747,0.011755092901774226,False,False,False,False,192
14d,AVAX/USDT:USDT,2026-04-16T15:30:00+00:00,15m_fast,supertrend_trend,trending,LONG,54.32,9.466,0.18865014581470824,8.90004956,10.59790087,0.5659504399999999,False,ALLOW_15M_FAST,1,,,,True,0.38200000000000145,0.06199999999999939,0.4169999999999998,0.06199999999999939,0.5400000000000009,0.06199999999999939,0.5400000000000009,0.1399999999999988,,,,0.016725846171265456,0.011708092319885819,False,False,False,False,192
14d,AVAX/USDT:USDT,2026-04-16T16:00:00+00:00,aligned_trend,supertrend_trend,trending,LONG,45.43,9.582,0.20060370682794335,8.98018888,10.78562224,0.6018111200000007,False,ALLOW_ALIGNED_TREND,2,,,,True,0.2839999999999989,0.17800000000000082,0.3009999999999984,0.17800000000000082,0.4239999999999995,0.17800000000000082,0.4239999999999995,0.2560000000000002,,,,0.01592193909610708,0.011145357367274957,False,False,False,False,192
14d,AVAX/USDT:USDT,2026-04-16T19:00:00+00:00,15m_fast,supertrend_trend,trending,LONG,54.39,9.774,0.20060370682794335,9.17218888,10.97762224,0.6018111199999989,False,ALLOW_15M_FAST,1,,,,True,0.10899999999999999,0.13399999999999856,0.10899999999999999,0.22399999999999842,0.2320000000000011,0.3329999999999984,0.2320000000000011,0.48299999999999876,,,,0.01624097607235974,0.011368683250651818,False,False,False,False,192
14d,AVAX/USDT:USDT,2026-04-16T19:00:00+00:00,aligned_trend,supertrend_trend,trending,LONG,45.43,9.774,0.20060370682794335,9.17218888,10.97762224,0.6018111199999989,False,ALLOW_ALIGNED_TREND,2,,,,True,0.10899999999999999,0.13399999999999856,0.10899999999999999,0.22399999999999842,0.2320000000000011,0.3329999999999984,0.2320000000000011,0.48299999999999876,,,,0.01624097607235974,0.011368683250651818,False,False,False,False,192
14d,AVAX/USDT:USDT,2026-04-17T13:00:00+00:00,15m_fast,supertrend_trend,trending,LONG,55.52,9.728,0.21778281393033302,9.07465156,11.03469688,0.6533484400000003,False,ALLOW_15M_FAST,1,,,,True,0.27800000000000047,0.019000000000000128,0.27800000000000047,0.019000000000000128,0.27800000000000047,0.38700000000000045,0.27800000000000047,0.6069999999999993,,,,0.014889451637781513,0.010422616146447058,False,False,False,False,192
14d,AVAX/USDT:USDT,2026-04-17T13:00:00+00:00,1h_continuation,supertrend_trend,trending,LONG,68.92,9.728,0.21778281393033302,9.07465156,11.03469688,0.6533484400000003,False,(allowed),8,,,,True,0.27800000000000047,0.019000000000000128,0.27800000000000047,0.019000000000000128,0.27800000000000047,0.38700000000000045,0.27800000000000047,0.6069999999999993,,,,0.014889451637781513,0.010422616146447058,False,False,False,False,192
14d,AVAX/USDT:USDT,2026-04-17T13:00:00+00:00,aligned_trend,supertrend_trend,trending,LONG,46.69,9.728,0.21778281393033302,9.07465156,11.03469688,0.6533484400000003,False,ALLOW_ALIGNED_TREND,8,,,,True,0.27800000000000047,0.019000000000000128,0.27800000000000047,0.019000000000000128,0.27800000000000047,0.38700000000000045,0.27800000000000047,0.6069999999999993,,,,0.014889451637781513,0.010422616146447058,False,False,False,False,192
14d,AVAX/USDT:USDT,2026-04-19T00:00:00+00:00,4h_flip,supertrend_trend,trending,SHORT,84.34,9.328,0.20184505555076296,9.93353517,8.11692967,0.6055351700000013,False,(allowed),8,,,,True,0.125,0.004000000000001336,0.20699999999999896,0.004000000000001336,0.3669999999999991,0.0259999999999998,0.3669999999999991,0.10400000000000098,,,,0.015404555279588433,0.010783188695711902,False,False,False,False,192
14d,AVAX/USDT:USDT,2026-04-19T18:00:00+00:00,1h_continuation,supertrend_trend,trending,SHORT,62.48,9.144,0.18921359932281714,9.7116408,8.0087184,0.5676407999999995,False,(allowed),6,,,,True,0.04299999999999926,0.08300000000000018,0.18299999999999983,0.08300000000000018,0.18299999999999983,0.17900000000000027,0.18299999999999983,0.3879999999999999,,,,0.01610877865016047,0.011276145055112327,False,False,False,False,192
14d,AVAX/USDT:USDT,2026-04-21T20:00:00+00:00,adaptive_trend_route,adaptive_trend,ranging,SHORT,77.93,9.201,0.1845255595698674,9.662313898924669,8.278372202150663,0.46131389892466856,False,ALLOW_ADAPTIVE_TREND_ROUTE,8,False,False,True,False,0.009999999999999787,0.19699999999999918,0.009999999999999787,0.40499999999999936,0.009999999999999787,0.47199999999999953,0.05900000000000105,0.47199999999999953,570.0,,,0.019945204385663873,0.013961643069964712,False,False,False,False,192
14d,AVAX/USDT:USDT,2026-04-22T04:00:00+00:00,adaptive_trend_route,adaptive_trend,ranging,LONG,81.83,9.557,0.19026438554748762,9.081339036131281,10.508321927737438,0.4756609638687195,False,ALLOW_ADAPTIVE_TREND_ROUTE,40,,,,True,0.11599999999999966,0.028999999999999915,0.11599999999999966,0.028999999999999915,0.11599999999999966,0.34999999999999964,0.11599999999999966,0.4150000000000009,,,,0.020092041865848162,0.014064429306093711,False,False,False,False,192
14d,AVAX/USDT:USDT,2026-04-23T12:00:00+00:00,adaptive_trend_route,adaptive_trend,ranging,SHORT,73.49,9.268,0.16091484507002204,9.670287112675055,8.46342577464989,0.40228711267505446,False,ALLOW_ADAPTIVE_TREND_ROUTE,8,,,,True,0.02800000000000047,0.17799999999999905,0.12600000000000122,0.17799999999999905,0.12600000000000122,0.19699999999999918,0.12600000000000122,0.22999999999999865,,,,0.023038272189162032,0.016126790532413424,False,False,False,False,192
14d,AVAX/USDT:USDT,2026-04-23T20:00:00+00:00,adaptive_trend_route,adaptive_trend,ranging,SHORT,69.11,9.266,0.17126841233078435,9.694171030826961,8.409657938346077,0.4281710308269613,False,ALLOW_ADAPTIVE_TREND_ROUTE,8,,,,True,0.0039999999999995595,0.13400000000000034,0.0039999999999995595,0.17099999999999937,0.0039999999999995595,0.21000000000000085,0.0039999999999995595,0.23199999999999932,,,,0.021640884910181395,0.015148619437126977,False,False,False,False,192
14d,AVAX/USDT:USDT,2026-04-24T12:00:00+00:00,adaptive_trend_route,adaptive_trend,ranging,LONG,70.19,9.436,0.1625276740050899,9.029680814987275,10.24863837002545,0.406319185012725,False,ALLOW_ADAPTIVE_TREND_ROUTE,56,,,,True,0.02800000000000047,0.09800000000000075,0.040000000000000924,0.09800000000000075,0.06199999999999939,0.09800000000000075,0.08799999999999919,0.15799999999999947,,,,0.023223121988946906,0.016256185392262833,False,False,False,False,192
14d,AVAX/USDT:USDT,2026-04-25T20:00:00+00:00,adaptive_trend_route,adaptive_trend,ranging,SHORT,63.93,9.3,0.13545428313883975,9.6386357078471,8.622728584305802,0.33863570784710006,False,ALLOW_ADAPTIVE_TREND_ROUTE,8,,,,True,0.019000000000000128,0.0649999999999995,0.019000000000000128,0.0649999999999995,0.019000000000000128,0.24099999999999966,0.09700000000000131,0.2599999999999998,,,,0.027463140432311153,0.019224198302617807,False,False,False,True,144
14d,AVAX/USDT:USDT,2026-04-26T12:00:00+00:00,adaptive_trend_route,adaptive_trend,ranging,LONG,62.73,9.478,0.12525853240130155,9.164853668996745,10.104292662006507,0.31314633100325473,False,ALLOW_ADAPTIVE_TREND_ROUTE,40,,,,True,0.019999999999999574,0.07499999999999929,0.06300000000000061,0.08399999999999963,0.08200000000000074,0.27500000000000036,0.08200000000000074,0.27500000000000036,,,,0.030266999998481505,0.021186899998937053,False,False,True,True,80
14d,DOGE/USDT:USDT,2026-04-14T00:00:00+00:00,4h_flip,supertrend_trend,trending,LONG,80.65,0.09409,0.001393226471016064,0.08991032,0.10244936,0.004179679999999991,False,(allowed),8,,,,True,0.00017000000000000348,0.0010899999999999938,0.00017000000000000348,0.001459999999999989,0.003950000000000009,0.0017599999999999977,0.003950000000000009,0.0017599999999999977,,,,0.02251129273054401,0.015757904911380807,False,False,False,False,192
14d,DOGE/USDT:USDT,2026-04-14T14:00:00+00:00,15m_fast,supertrend_trend,trending,LONG,52.31,0.09704,0.0014383522437399021,0.09272494,0.10567011,0.0043150599999999956,False,ALLOW_15M_FAST,1,False,False,True,False,0.0010000000000000009,0.002909999999999996,0.0010000000000000009,0.004710000000000006,0.0010000000000000009,0.004710000000000006,0.0010000000000000009,0.004710000000000006,315.0,,,0.02248867918406699,0.015742075428846893,False,False,False,False,192
14d,DOGE/USDT:USDT,2026-04-15T17:00:00+00:00,1h_continuation,supertrend_trend,trending,LONG,71.87,0.09441,0.0015604052676998705,0.08972878,0.10377243,0.00468122,False,(allowed),8,,,,True,0.002350000000000005,7.999999999999674e-05,0.002350000000000005,7.999999999999674e-05,0.004140000000000005,8.999999999999286e-05,0.007750000000000007,8.999999999999286e-05,,,,0.02016781950004486,0.0141174736500314,False,False,False,False,192
14d,DOGE/USDT:USDT,2026-04-15T17:00:00+00:00,aligned_trend,supertrend_trend,trending,LONG,48.9,0.09441,0.0015604052676998705,0.08972878,0.10377243,0.00468122,False,ALLOW_ALIGNED_TREND,8,,,,True,0.002350000000000005,7.999999999999674e-05,0.002350000000000005,7.999999999999674e-05,0.004140000000000005,8.999999999999286e-05,0.007750000000000007,8.999999999999286e-05,,,,0.02016781950004486,0.0141174736500314,False,False,False,False,192
14d,DOGE/USDT:USDT,2026-04-16T00:00:00+00:00,1h_continuation,supertrend_trend,trending,LONG,45.19,0.09485,0.0016942269910269292,0.08976732,0.10501536,0.005082680000000006,False,(allowed),2,,,,True,0.002579999999999999,0.00038000000000000533,0.0031199999999999978,0.00038000000000000533,0.0049899999999999944,0.0005300000000000027,0.007309999999999997,0.0005300000000000027,,,,0.018661414844137324,0.013062990390896126,False,False,False,False,192
14d,DOGE/USDT:USDT,2026-04-16T02:30:00+00:00,15m_fast,supertrend_trend,trending,LONG,66.48,0.09584,0.0016942269910269292,0.09075732,0.10600536,0.005082679999999992,False,ALLOW_15M_FAST,2,,,,True,0.002130000000000007,0.00023999999999999022,0.002130000000000007,0.0004699999999999982,0.0040000000000000036,0.0015199999999999936,0.006320000000000006,0.0015199999999999936,,,,0.018856193976406175,0.013199335783484322,False,False,False,False,192
14d,DOGE/USDT:USDT,2026-04-16T12:30:00+00:00,15m_fast,supertrend_trend,trending,LONG,62.96,0.09673,0.0017576737242296515,0.09145698,0.10727604,0.005273020000000003,False,ALLOW_15M_FAST,1,,,,True,0.0018200000000000022,0.0024099999999999955,0.0031100000000000017,0.0024099999999999955,0.0031100000000000017,0.0024099999999999955,0.005430000000000004,0.0024099999999999955,,,,0.01834432640118944,0.012841028480832609,False,False,False,False,192
14d,DOGE/USDT:USDT,2026-04-16T16:00:00+00:00,15m_fast,supertrend_trend,trending,LONG,63.0,0.09725,0.001874268458213248,0.09162719,0.10849561,0.005622810000000006,False,ALLOW_15M_FAST,1,,,,True,0.002589999999999995,0.0009200000000000041,0.002589999999999995,0.0009200000000000041,0.004269999999999996,0.0009200000000000041,0.004909999999999998,0.0018600000000000005,,,,0.017295622651307782,0.012106935855915447,False,False,False,False,192
14d,DOGE/USDT:USDT,2026-04-16T16:00:00+00:00,aligned_trend,supertrend_trend,trending,LONG,55.0,0.09725,0.001874268458213248,0.09162719,0.10849561,0.005622810000000006,False,ALLOW_ALIGNED_TREND,8,,,,True,0.002589999999999995,0.0009200000000000041,0.002589999999999995,0.0009200000000000041,0.004269999999999996,0.0009200000000000041,0.004909999999999998,0.0018600000000000005,,,,0.017295622651307782,0.012106935855915447,False,False,False,False,192
14d,DOGE/USDT:USDT,2026-04-17T07:30:00+00:00,15m_fast,supertrend_trend,trending,LONG,63.0,0.09809,0.0020051376831977065,0.09207459,0.11012083,0.006015409999999999,False,ALLOW_15M_FAST,1,,,,True,0.0013999999999999985,0.0004499999999999921,0.0034300000000000025,0.0004499999999999921,0.004070000000000004,0.0004499999999999921,0.004070000000000004,0.004699999999999996,,,,0.01630645292673318,0.011414517048713223,False,False,False,False,192
14d,DOGE/USDT:USDT,2026-04-17T09:00:00+00:00,aligned_trend,supertrend_trend,trending,LONG,55.0,0.0985,0.0019926278486835846,0.09252212,0.11045577,0.005977880000000005,False,ALLOW_ALIGNED_TREND,4,,,,True,0.0016999999999999932,0.0008599999999999997,0.0036599999999999966,0.0008599999999999997,0.0036599999999999966,0.0018400000000000083,0.0036599999999999966,0.005110000000000003,,,,0.016477413397391706,0.011534189378174194,False,False,False,False,192
14d,DOGE/USDT:USDT,2026-04-17T12:30:00+00:00,15m_fast,supertrend_trend,trending,LONG,70.0,0.09902,0.001982440145206185,0.09307268,0.11091464,0.005947319999999992,False,ALLOW_15M_FAST,2,,,,True,0.002579999999999999,0.00010999999999999899,0.003140000000000004,0.00010999999999999899,0.003140000000000004,0.0035499999999999976,0.003140000000000004,0.005639999999999992,,,,0.016649516084555754,0.011654661259189028,False,False,False,False,192
14d,DOGE/USDT:USDT,2026-04-17T13:00:00+00:00,aligned_trend,supertrend_trend,trending,LONG,55.0,0.10006,0.001982440145206185,0.09411268,0.11195464,0.005947319999999992,False,ALLOW_ALIGNED_TREND,6,,,,True,0.0021000000000000046,0.00019999999999999185,0.0021000000000000046,0.0007199999999999984,0.0021000000000000046,0.004589999999999997,0.0021000000000000046,0.0066799999999999915,,,,0.016824384764902535,0.011777069335431772,False,False,False,False,192
14d,DOGE/USDT:USDT,2026-04-18T12:00:00+00:00,4h_flip,supertrend_trend,trending,SHORT,85.0,0.09595,0.0020697142393425734,0.10215914,0.08353171,0.006209140000000002,False,(allowed),8,,,,True,0.0005599999999999911,0.0004100000000000076,0.0019199999999999912,0.0004100000000000076,0.002569999999999989,0.0004100000000000076,0.003489999999999993,0.0011099999999999999,,,,0.015453025700821688,0.01081711799057518,False,False,False,False,192
14d,DOGE/USDT:USDT,2026-04-19T22:00:00+00:00,1h_continuation,supertrend_trend,trending,SHORT,68.56,0.09378,0.0018864389841449548,0.09943932,0.08246137,0.0056593199999999955,False,(allowed),8,,,,True,0.0013200000000000017,0.0004600000000000021,0.0013200000000000017,0.0008500000000000035,0.0013200000000000017,0.0022699999999999942,0.0013200000000000017,0.0022699999999999942,,,,0.016570895443268816,0.011599626810288172,False,False,False,False,192
14d,DOGE/USDT:USDT,2026-04-20T05:30:00+00:00,15m_fast,supertrend_trend,trending,SHORT,59.44,0.09364,0.0018620825934719254,0.09922625,0.0824675,0.005586250000000001,False,ALLOW_15M_FAST,2,,,,True,7.000000000000062e-05,0.0017699999999999938,7.000000000000062e-05,0.0017699999999999938,7.000000000000062e-05,0.0024099999999999955,0.00014000000000000123,0.0037599999999999995,,,,0.01676258670843589,0.011733810695905122,False,False,False,False,192
14d,DOGE/USDT:USDT,2026-04-21T20:00:00+00:00,adaptive_trend_route,adaptive_trend,ranging,SHORT,74.19,0.0938,0.001546592980890431,0.09766648245222607,0.08606703509554783,0.0038664824522260804,False,ALLOW_ADAPTIVE_TREND_ROUTE,8,False,False,True,False,7.000000000000062e-05,0.0014200000000000046,7.000000000000062e-05,0.0031000000000000055,7.000000000000062e-05,0.0047800000000000065,7.000000000000062e-05,0.0047800000000000065,570.0,,,0.02425977646581476,0.01698184352607033,False,False,False,False,192
14d,DOGE/USDT:USDT,2026-04-23T16:00:00+00:00,adaptive_trend_route,adaptive_trend,ranging,LONG,67.93,0.09733,0.001533827667416861,0.09349543083145785,0.10499913833708431,0.0038345691685421485,False,ALLOW_ADAPTIVE_TREND_ROUTE,80,,,,True,7.999999999999674e-05,0.0022800000000000042,0.0003500000000000031,0.0022800000000000042,0.0017500000000000016,0.0022800000000000042,0.0021800000000000014,0.0022800000000000042,,,,0.02538225175294036,0.01776757622705825,False,False,False,False,192
14d,DOGE/USDT:USDT,2026-04-25T14:00:00+00:00,15m_fast,supertrend_trend,ranging,LONG,50.52,0.09823,0.00141861673383848,0.09468346,0.10532308,0.003546540000000001,False,ALLOW_15M_FAST,1,,,,True,0.0005099999999999966,0.0007199999999999984,0.0005099999999999966,0.000899999999999998,0.0009300000000000003,0.000899999999999998,0.002610000000000001,0.000899999999999998,,,,0.02769741776492017,0.01938819243544412,False,False,False,True,168
14d,DOGE/USDT:USDT,2026-04-25T23:00:00+00:00,15m_fast,supertrend_trend,trending,LONG,50.8,0.09799,0.0013662052449933833,0.09389138,0.10618723,0.004098619999999997,False,ALLOW_15M_FAST,1,,,,True,0.00021000000000000185,0.0004899999999999904,0.00068,0.0005799999999999972,0.0019000000000000128,0.0005799999999999972,0.0028500000000000053,0.0005799999999999972,,,,0.023908047098779604,0.016735632969145722,False,False,False,True,132
14d,DOGE/USDT:USDT,2026-04-26T05:30:00+00:00,15m_fast,supertrend_trend,trending,LONG,50.89,0.09841,0.0012860137061422535,0.09455196,0.10612608,0.003858039999999993,False,ALLOW_15M_FAST,1,,,,True,0.00017000000000000348,0.0002500000000000002,0.0007500000000000007,0.00032999999999999696,0.0024300000000000016,0.00032999999999999696,0.0024300000000000016,0.0008799999999999919,,,,0.02550777078516557,0.0178554395496159,False,False,False,True,106
14d,DOGE/USDT:USDT,2026-04-26T15:30:00+00:00,15m_fast,supertrend_trend,trending,LONG,57.47,0.09904,0.0012588587568267387,0.09526342,0.10659315,0.0037765800000000016,False,ALLOW_15M_FAST,2,,,,True,0.0006400000000000017,0.0006200000000000094,0.0008500000000000035,0.0006200000000000094,0.001799999999999996,0.0015099999999999975,0.001799999999999996,0.0015099999999999975,,,,0.026224785387837662,0.018357349771486363,False,False,True,True,66
14d,DOGE/USDT:USDT,2026-04-27T01:00:00+00:00,15m_fast,supertrend_trend,trending,LONG,59.37,0.0999,0.001246349376366016,0.09616095,0.1073781,0.0037390500000000076,False,ALLOW_15M_FAST,2,,,,True,0.0009399999999999964,0.0005600000000000049,0.0009399999999999964,0.002369999999999997,0.0009399999999999964,0.002369999999999997,0.0009399999999999964,0.002369999999999997,,,,0.026718016608496757,0.01870261162594773,False,True,True,True,28
14d,ETH/USDT:USDT,2026-04-13T07:30:00+00:00,15m_fast,supertrend_trend,trending,SHORT,60.04,2183.45,36.027756497298334,2291.53326949,1967.28346102,108.08326949000002,False,ALLOW_15M_FAST,2,False,False,True,False,5.269999999999982,11.170000000000073,8.9699999999998,51.960000000000036,8.9699999999998,212.4000000000001,8.9699999999998,232.95000000000027,870.0,,,0.02020155395282537,0.014141087766977761,False,False,False,False,192
14d,ETH/USDT:USDT,2026-04-13T20:00:00+00:00,4h_flip,supertrend_trend,trending,LONG,84.92,2261.2,38.018034238841516,2147.14589728,2489.30820543,114.05410271999972,False,(allowed),8,True,,,False,134.6500000000001,14.809999999999945,134.6500000000001,14.809999999999945,155.20000000000027,14.809999999999945,155.20000000000027,14.809999999999945,,195.0,,0.01982567874433413,0.01387797512103389,False,False,False,False,192
14d,ETH/USDT:USDT,2026-04-14T14:00:00+00:00,15m_fast,supertrend_trend,trending,LONG,49.38,2390.33,42.67746345000921,2262.29760965,2646.3947807,128.0323903499998,False,ALLOW_15M_FAST,1,,,,True,26.070000000000164,67.7199999999998,26.070000000000164,88.73000000000002,26.070000000000164,88.73000000000002,26.070000000000164,102.32999999999993,,,,0.018669728757430826,0.013068810130201577,False,False,False,False,192
14d,ETH/USDT:USDT,2026-04-15T19:00:00+00:00,1h_continuation,supertrend_trend,trending,LONG,72.3,2357.12,41.570599622319584,2232.40820113,2606.54359773,124.71179886999971,False,(allowed),6,,,,True,27.550000000000182,9.940000000000055,27.550000000000182,13.849999999999909,27.550000000000182,74.42000000000007,106.74000000000024,74.42000000000007,,,,0.018900537249543447,0.013230376074680413,False,False,False,False,192
14d,ETH/USDT:USDT,2026-04-16T12:30:00+00:00,15m_fast,supertrend_trend,trending,LONG,58.35,2339.64,38.504607298242355,2224.12617811,2570.66764379,115.51382188999969,False,ALLOW_15M_FAST,1,,,,True,12.360000000000127,56.940000000000055,24.0300000000002,56.940000000000055,37.320000000000164,56.940000000000055,124.22000000000025,56.940000000000055,,,,0.020254199555685793,0.014177939688980058,False,False,False,False,192
14d,ETH/USDT:USDT,2026-04-16T20:00:00+00:00,1h_continuation,supertrend_trend,trending,LONG,69.8,2358.39,41.586829762259995,2233.62951071,2607.91097857,124.7604892899999,False,(allowed),8,,,,True,5.2800000000002,24.940000000000055,5.2800000000002,36.039999999999964,105.47000000000025,44.309999999999945,105.47000000000025,44.309999999999945,,,,0.018903340419882717,0.013232338293917902,False,False,False,False,192
14d,ETH/USDT:USDT,2026-04-16T20:00:00+00:00,aligned_trend,supertrend_trend,trending,LONG,47.35,2358.39,41.586829762259995,2233.62951071,2607.91097857,124.7604892899999,False,ALLOW_ALIGNED_TREND,2,,,,True,5.2800000000002,24.940000000000055,5.2800000000002,36.039999999999964,105.47000000000025,44.309999999999945,105.47000000000025,44.309999999999945,,,,0.018903340419882717,0.013232338293917902,False,False,False,False,192
14d,ETH/USDT:USDT,2026-04-17T07:30:00+00:00,15m_fast,supertrend_trend,trending,LONG,54.19,2336.22,39.82670525419359,2216.73988424,2575.18023153,119.48011575999999,False,ALLOW_15M_FAST,1,True,,,False,40.74000000000024,7.379999999999654,120.10000000000036,7.379999999999654,127.64000000000033,7.379999999999654,127.64000000000033,44.929999999999836,,420.0,,0.01955321172179621,0.013687248205257345,False,False,False,False,192
14d,ETH/USDT:USDT,2026-04-17T13:00:00+00:00,15m_fast,supertrend_trend,trending,LONG,58.56,2370.72,39.33578157121797,2252.71265529,2606.73468943,118.00734470999987,False,ALLOW_15M_FAST,2,,,,True,93.14000000000033,5.379999999999654,93.14000000000033,5.379999999999654,93.14000000000033,29.199999999999818,93.14000000000033,79.42999999999984,,,,0.020089597014711125,0.014062717910297786,False,False,False,False,192
14d,ETH/USDT:USDT,2026-04-19T04:00:00+00:00,4h_flip,supertrend_trend,ranging,SHORT,66.4,2338.6,37.67585531824399,2432.7896383,2150.22072341,94.1896383000003,False,(allowed),8,,,,True,47.309999999999945,6.2800000000002,47.309999999999945,6.2800000000002,87.69000000000005,10.320000000000164,87.69000000000005,10.320000000000164,,,,0.024828633406058984,0.017380043384241286,False,False,False,False,192
14d,ETH/USDT:USDT,2026-04-19T16:00:00+00:00,15m_fast,supertrend_trend,trending,SHORT,50.01,2329.47,37.71237759992058,2442.6071328,2103.1957344,113.13713280000002,False,ALLOW_15M_FAST,1,,,,True,43.16999999999962,0.580000000000382,78.55999999999995,0.580000000000382,78.55999999999995,2.4100000000003092,78.55999999999995,17.370000000000346,,,,0.020589791718674342,0.014412854203072041,False,False,False,False,192
14d,ETH/USDT:USDT,2026-04-20T05:30:00+00:00,15m_fast,supertrend_trend,trending,SHORT,56.72,2265.01,38.55359460168567,2380.67078381,2033.68843239,115.66078380999988,False,ALLOW_15M_FAST,2,,,,True,2.950000000000273,66.86999999999989,2.950000000000273,66.86999999999989,2.950000000000273,81.82999999999993,2.950000000000273,131.40999999999985,,,,0.019583215030954775,0.013708250521668342,False,False,False,False,192
14d,ETH/USDT:USDT,2026-04-22T12:00:00+00:00,adaptive_trend_route,adaptive_trend,ranging,LONG,85.0,2397.59,40.12630286333019,2297.2742428416745,2598.221514316651,100.3157571583256,False,ALLOW_ADAPTIVE_TREND_ROUTE,16,,,,True,25.409999999999854,8.829999999999927,25.409999999999854,14.300000000000182,25.409999999999854,93.69000000000005,25.409999999999854,114.2800000000002,,,,0.023900432672964326,0.01673030287107503,False,False,False,False,192
14d,ETH/USDT:USDT,2026-04-23T00:00:00+00:00,adaptive_trend_route,adaptive_trend,ranging,LONG,71.39,2373.04,38.52336275172609,2276.731593120685,2565.6568137586305,96.30840687931504,False,ALLOW_ADAPTIVE_TREND_ROUTE,8,,,,True,8.809999999999945,43.039999999999964,8.809999999999945,43.039999999999964,8.809999999999945,89.73000000000002,8.809999999999945,89.73000000000002,,,,0.024640008872472353,0.017248006210730644,False,False,False,False,192
14d,ETH/USDT:USDT,2026-04-23T20:00:00+00:00,adaptive_trend_route,adaptive_trend,ranging,SHORT,69.46,2311.78,38.66877174721958,2408.451929368049,2118.4361412639023,96.67192936804895,False,ALLOW_ADAPTIVE_TREND_ROUTE,8,,,,True,0.36000000000012733,25.980000000000018,13.240000000000236,25.980000000000018,13.340000000000146,25.980000000000018,13.340000000000146,25.980000000000018,,,,0.02391366361582173,0.01673956453107521,False,False,False,False,192
14d,ETH/USDT:USDT,2026-04-24T22:30:00+00:00,15m_fast,supertrend_trend,ranging,SHORT,55.06,2311.85,34.13202306601966,2397.18005767,2141.18988467,85.33005767000031,False,ALLOW_15M_FAST,1,,,,True,6.650000000000091,8.150000000000091,6.650000000000091,8.150000000000091,12.86999999999989,10.36999999999989,12.86999999999989,68.13999999999987,,,,0.027093032199048683,0.01896512253933408,False,False,False,False,192
14d,ETH/USDT:USDT,2026-04-26T16:00:00+00:00,adaptive_trend_route,adaptive_trend,ranging,LONG,74.67,2347.0,24.466519936258546,2285.8337001593536,2469.332599681293,61.16629984064639,False,ALLOW_ADAPTIVE_TREND_ROUTE,24,,,,True,29.51000000000022,7.889999999999873,32.98999999999978,7.889999999999873,56.98999999999978,36.909999999999854,56.98999999999978,36.909999999999854,,,,0.03837080232275822,0.026859561625930752,False,False,True,True,64
14d,LINK/USDT:USDT,2026-04-14T07:30:00+00:00,15m_fast,supertrend_trend,trending,LONG,50.54,9.219,0.18119801204702174,8.67540596,10.30618807,0.5435940399999986,False,ALLOW_15M_FAST,1,,,,True,0.03300000000000125,0.05599999999999916,0.07399999999999984,0.15899999999999892,0.07399999999999984,0.2969999999999988,0.1509999999999998,0.2969999999999988,,,,0.016959347089235976,0.011871542962465183,False,False,False,False,192
14d,LINK/USDT:USDT,2026-04-14T14:00:00+00:00,15m_fast,supertrend_trend,trending,LONG,52.59,9.235,0.17051257161197284,8.72346229,10.25807543,0.5115377099999989,False,ALLOW_15M_FAST,1,,,,True,0.05799999999999983,0.21199999999999974,0.05799999999999983,0.31299999999999883,0.05799999999999983,0.31299999999999883,0.19700000000000095,0.31299999999999883,,,,0.018053409982227937,0.012637386987559555,False,False,False,False,192
14d,LINK/USDT:USDT,2026-04-15T13:00:00+00:00,1h_continuation,supertrend_trend,trending,LONG,63.47,9.159,0.16419851080728148,8.66640447,10.14419106,0.4925955300000009,False,(allowed),6,,,,True,0.08699999999999974,0.05900000000000105,0.21099999999999852,0.05900000000000105,0.21099999999999852,0.05900000000000105,0.5179999999999989,0.05900000000000105,,,,0.018593347771547954,0.013015343440083569,False,False,False,False,192
14d,LINK/USDT:USDT,2026-04-16T03:00:00+00:00,15m_fast,supertrend_trend,trending,LONG,53.34,9.277,0.16489727705670457,8.78230817,10.26638366,0.49469182999999894,False,ALLOW_15M_FAST,1,,,,True,0.08200000000000074,0.016000000000000014,0.08200000000000074,0.06999999999999851,0.40000000000000036,0.15499999999999936,0.588000000000001,0.15499999999999936,,,,0.01875308917068636,0.013127162419480453,False,False,False,False,192
14d,LINK/USDT:USDT,2026-04-16T12:30:00+00:00,15m_fast,supertrend_trend,trending,LONG,54.44,9.314,0.155767244057427,8.84669827,10.24860346,0.46730173000000086,False,ALLOW_15M_FAST,1,,,,True,0.1720000000000006,0.19200000000000017,0.36299999999999955,0.19200000000000017,0.36299999999999955,0.19200000000000017,0.5510000000000002,0.19200000000000017,,,,0.01993144771794443,0.0139520134025611,False,False,False,False,192
14d,LINK/USDT:USDT,2026-04-16T13:00:00+00:00,aligned_trend,supertrend_trend,trending,LONG,45.49,9.325,0.155767244057427,8.85769827,10.25960346,0.4673017299999991,False,ALLOW_ALIGNED_TREND,2,,,,True,0.16100000000000136,0.2029999999999994,0.3520000000000003,0.2029999999999994,0.3520000000000003,0.2029999999999994,0.5400000000000009,0.2029999999999994,,,,0.019954987112930266,0.013968490979051184,False,False,False,False,192
14d,LINK/USDT:USDT,2026-04-16T16:00:00+00:00,15m_fast,supertrend_trend,trending,LONG,46.04,9.453,0.16906958376761083,8.94579125,10.4674175,0.5072087500000002,False,ALLOW_15M_FAST,1,,,,True,0.19899999999999984,0.1529999999999987,0.2240000000000002,0.1529999999999987,0.4120000000000008,0.1529999999999987,0.4120000000000008,0.1529999999999987,,,,0.018637296773764245,0.013046107741634972,False,False,False,False,192
14d,LINK/USDT:USDT,2026-04-17T07:30:00+00:00,15m_fast,supertrend_trend,trending,LONG,57.55,9.43,0.18730097505008775,8.86809707,10.55380585,0.5619029300000005,False,ALLOW_15M_FAST,1,,,,True,0.1739999999999995,0.0030000000000001137,0.4350000000000005,0.0030000000000001137,0.4350000000000005,0.0030000000000001137,0.4350000000000005,0.3349999999999991,,,,0.01678225810283636,0.011747580671985452,False,False,False,False,192
14d,LINK/USDT:USDT,2026-04-17T10:00:00+00:00,aligned_trend,supertrend_trend,trending,LONG,49.03,9.554,0.18342233397508154,9.003733,10.654534,0.5502669999999998,False,ALLOW_ALIGNED_TREND,4,,,,True,0.24799999999999933,0.10400000000000098,0.31099999999999994,0.10400000000000098,0.31099999999999994,0.12400000000000055,0.31099999999999994,0.45899999999999963,,,,0.01736248039588055,0.012153736277116385,False,False,False,False,192
14d,LINK/USDT:USDT,2026-04-18T20:00:00+00:00,4h_flip,supertrend_trend,trending,SHORT,77.55,9.276,0.18131507526966104,9.81994523,8.18810955,0.5439452300000003,False,(allowed),8,,,,True,0.018000000000000682,0.06600000000000072,0.11899999999999977,0.06600000000000072,0.18099999999999916,0.09399999999999942,0.2829999999999995,0.09399999999999942,,,,0.017053187505661177,0.011937231253962824,False,False,False,False,192
14d,LINK/USDT:USDT,2026-04-19T18:00:00+00:00,1h_continuation,supertrend_trend,trending,SHORT,65.65,9.131,0.16920752186979054,9.63862257,8.11575487,0.5076225700000006,False,(allowed),6,,,,True,0.0519999999999996,0.0730000000000004,0.1379999999999999,0.0730000000000004,0.1379999999999999,0.22799999999999976,0.1379999999999999,0.35599999999999987,,,,0.01798777386907755,0.012591441708354287,False,False,False,False,192
14d,LINK/USDT:USDT,2026-04-20T05:30:00+00:00,15m_fast,supertrend_trend,trending,SHORT,57.11,9.101,0.1704740982317528,9.61242229,8.07815541,0.5114222899999987,False,ALLOW_15M_FAST,2,,,,True,0.008000000000000895,0.2579999999999991,0.008000000000000895,0.2579999999999991,0.008000000000000895,0.3009999999999984,0.008000000000000895,0.4549999999999983,,,,0.01779546996279733,0.012456828973958129,False,False,False,False,192
14d,LINK/USDT:USDT,2026-04-21T12:00:00+00:00,adaptive_trend_route,adaptive_trend,ranging,LONG,75.05,9.409,0.16351851012670243,9.000203724683244,10.226592550633512,0.40879627531675666,False,ALLOW_ADAPTIVE_TREND_ROUTE,16,,,,True,0.06599999999999895,0.08200000000000074,0.06599999999999895,0.17600000000000016,0.14699999999999847,0.17600000000000016,0.14699999999999847,0.27000000000000135,,,,0.02301635452208907,0.01611144816546235,False,False,False,False,192
14d,LINK/USDT:USDT,2026-04-22T00:00:00+00:00,adaptive_trend_route,adaptive_trend,ranging,LONG,69.53,9.392,0.16470560012695531,8.98023599968261,10.215528000634777,0.4117640003173886,False,ALLOW_ADAPTIVE_TREND_ROUTE,48,,,,True,0.1330000000000009,0.019999999999999574,0.1639999999999997,0.019999999999999574,0.1639999999999997,0.12399999999999878,0.1639999999999997,0.2530000000000001,,,,0.022809181941016277,0.015966427358711392,False,False,False,False,192
14d,LINK/USDT:USDT,2026-04-23T08:00:00+00:00,adaptive_trend_route,adaptive_trend,ranging,SHORT,76.53,9.232,0.1454453155121505,9.595613288780376,8.504773422439246,0.36361328878037646,False,ALLOW_ADAPTIVE_TREND_ROUTE,16,,,,True,0.07399999999999984,0.04100000000000037,0.07399999999999984,0.15300000000000047,0.08699999999999974,0.1590000000000007,0.08699999999999974,0.2110000000000003,,,,0.025389611119455414,0.01777272778361879,False,False,False,False,192
14d,LINK/USDT:USDT,2026-04-24T20:00:00+00:00,adaptive_trend_route,adaptive_trend,ranging,LONG,75.35,9.403,0.13417574319865538,9.067560642003363,10.073878715993278,0.3354393579966377,False,ALLOW_ADAPTIVE_TREND_ROUTE,48,,,,True,0.0389999999999997,0.0519999999999996,0.0389999999999997,0.06400000000000006,0.03999999999999915,0.12100000000000044,0.13199999999999967,0.12100000000000044,,,,0.0280318924295528,0.01962232470068696,False,False,False,False,192
14d,LINK/USDT:USDT,2026-04-26T00:00:00+00:00,adaptive_trend_route,adaptive_trend,ranging,LONG,60.65,9.342,0.11091110825884756,9.064722229352881,9.896555541294239,0.2772777706471192,False,ALLOW_ADAPTIVE_TREND_ROUTE,8,,,,True,0.0,0.04800000000000004,0.07699999999999996,0.04800000000000004,0.19299999999999962,0.04800000000000004,0.24599999999999866,0.05000000000000071,,,,0.033691846188020624,0.023584292331614434,False,False,False,True,128
14d,LINK/USDT:USDT,2026-04-26T08:00:00+00:00,adaptive_trend_route,adaptive_trend,ranging,LONG,63.9,9.417,0.10674478212114923,9.150138044697126,9.950723910605745,0.2668619553028737,False,ALLOW_ADAPTIVE_TREND_ROUTE,48,,,,True,0.06799999999999962,0.01699999999999946,0.08099999999999952,0.01699999999999946,0.17099999999999937,0.125,0.17099999999999937,0.125,,,,0.03528790752249499,0.024701535265746494,False,False,False,True,96
14d,SOL/USDT:USDT,2026-04-13T09:00:00+00:00,15m_fast,supertrend_trend,trending,SHORT,50.66,81.82,1.3214251599540763,85.78427548,73.89144904,3.964275480000012,False,ALLOW_15M_FAST,1,False,False,True,False,0.20999999999999375,0.9500000000000028,0.20999999999999375,2.1300000000000097,0.20999999999999375,4.980000000000004,0.20999999999999375,5.820000000000007,795.0,,,0.020639332562226415,0.014447532793558489,False,False,False,False,192
14d,SOL/USDT:USDT,2026-04-14T00:00:00+00:00,4h_flip,supertrend_trend,trending,LONG,73.85,86.5,1.4970758015787275,82.0087726,95.48245481,4.4912274,True,(allowed),8,,,,True,0.23000000000000398,0.8499999999999943,0.23000000000000398,1.0999999999999943,1.1400000000000006,3.239999999999995,1.1400000000000006,3.9000000000000057,,,,0.019259768498918584,0.013481837949243007,False,False,False,False,192
14d,SOL/USDT:USDT,2026-04-14T09:00:00+00:00,15m_fast,supertrend_trend,trending,LONG,54.1,86.09,1.4174786248306372,81.83756413,94.59487175,4.252435869999999,False,ALLOW_15M_FAST,1,,,,True,0.4299999999999926,0.5400000000000063,1.5499999999999972,1.3900000000000006,1.5499999999999972,3.490000000000009,1.5499999999999972,3.490000000000009,,,,0.020244867325888684,0.01417140712812208,False,False,False,False,192
14d,SOL/USDT:USDT,2026-04-14T14:00:00+00:00,15m_fast,supertrend_trend,trending,LONG,55.0,87.28,1.384801580199877,83.12559526,95.58880948,4.154404740000004,False,ALLOW_15M_FAST,1,False,False,True,False,0.35999999999999943,2.6200000000000045,0.35999999999999943,3.9200000000000017,0.35999999999999943,4.680000000000007,0.35999999999999943,4.680000000000007,750.0,,,0.021009026674661438,0.014706318672263007,False,False,False,False,192
14d,SOL/USDT:USDT,2026-04-15T08:00:00+00:00,4h_flip,supertrend_trend,trending,SHORT,73.21,82.88,1.424567113251088,87.15370134,74.33259732,4.273701340000002,True,(allowed),8,,,,True,0.19999999999998863,0.7700000000000102,0.19999999999998863,1.5900000000000034,0.19999999999998863,2.930000000000007,0.19999999999998863,7.700000000000003,,,,0.019393025718544933,0.013575118002981454,False,False,False,False,192
14d,SOL/USDT:USDT,2026-04-16T16:00:00+00:00,4h_flip,supertrend_trend,trending,LONG,90.08,86.57,1.472663587820506,82.15200924,95.40598153,4.417990759999995,True,(allowed),8,,,,True,3.5700000000000074,0.9899999999999949,4.010000000000005,0.9899999999999949,4.140000000000001,0.9899999999999949,4.140000000000001,0.9899999999999949,,,,0.019594880275394713,0.013716416192776297,False,False,False,False,192
14d,SOL/USDT:USDT,2026-04-17T07:30:00+00:00,15m_fast,supertrend_trend,trending,LONG,59.23,88.1,1.7088199352921465,82.97354019,98.35291961,5.12645981,False,ALLOW_15M_FAST,1,,,,True,1.3800000000000097,0.8399999999999892,2.6099999999999994,0.8399999999999892,2.6099999999999994,0.8399999999999892,2.6099999999999994,3.819999999999993,,,,0.017185348810917527,0.012029744167642268,False,False,False,False,192
14d,SOL/USDT:USDT,2026-04-17T10:00:00+00:00,aligned_trend,supertrend_trend,trending,LONG,51.11,88.65,1.668189939914136,83.64543018,98.65913964,5.00456982,False,ALLOW_ALIGNED_TREND,2,,,,True,1.8299999999999983,1.3900000000000006,2.059999999999988,1.3900000000000006,2.059999999999988,1.6099999999999994,2.059999999999988,4.3700000000000045,,,,0.01771381021516051,0.012399667150612357,False,False,False,False,192
14d,SOL/USDT:USDT,2026-04-17T13:00:00+00:00,15m_fast,supertrend_trend,trending,LONG,66.68,88.82,1.7076049442059833,83.69718517,99.06562967,5.122814829999996,False,ALLOW_15M_FAST,2,,,,True,1.8900000000000006,0.30999999999998806,1.8900000000000006,0.36999999999999034,1.8900000000000006,2.5999999999999943,1.8900000000000006,4.539999999999992,,,,0.017338124243698277,0.012136686970588794,False,False,False,False,192
14d,SOL/USDT:USDT,2026-04-17T13:00:00+00:00,aligned_trend,supertrend_trend,trending,LONG,51.68,88.82,1.7076049442059833,83.69718517,99.06562967,5.122814829999996,False,ALLOW_ALIGNED_TREND,6,,,,True,1.8900000000000006,0.30999999999998806,1.8900000000000006,0.36999999999999034,1.8900000000000006,2.5999999999999943,1.8900000000000006,4.539999999999992,,,,0.017338124243698277,0.012136686970588794,False,False,False,False,192
14d,SOL/USDT:USDT,2026-04-19T04:00:00+00:00,4h_flip,supertrend_trend,trending,SHORT,75.1,85.55,1.44348001195983,89.88044004,76.88911993,4.330440039999999,True,(allowed),8,,,,True,1.269999999999996,0.37000000000000455,1.269999999999996,0.37000000000000455,2.780000000000001,1.5300000000000011,2.780000000000001,1.5300000000000011,,,,0.01975549810406797,0.013828848672847577,False,False,False,False,192
14d,SOL/USDT:USDT,2026-04-19T21:00:00+00:00,1h_continuation,supertrend_trend,trending,SHORT,65.01,84.9,1.4690215696997275,89.30706471,76.08587058,4.40706471,True,(allowed),8,,,,True,2.1300000000000097,0.29999999999999716,2.1300000000000097,0.29999999999999716,2.1300000000000097,1.289999999999992,2.1300000000000097,1.9699999999999989,,,,0.019264523120650977,0.013485166184455685,False,False,False,False,192
14d,SOL/USDT:USDT,2026-04-20T05:30:00+00:00,15m_fast,supertrend_trend,trending,SHORT,58.51,83.86,1.5286971697921126,88.44609151,74.68781698,4.586091510000003,False,ALLOW_15M_FAST,2,,,,True,0.1599999999999966,1.8799999999999955,0.1599999999999966,1.8799999999999955,0.1599999999999966,2.3299999999999983,0.1599999999999966,4.320000000000007,,,,0.018285723217066802,0.012800006251946761,False,False,False,False,192
14d,SOL/USDT:USDT,2026-04-21T20:00:00+00:00,adaptive_trend_route,adaptive_trend,ranging,SHORT,72.8,84.53,1.4149901499915882,88.06747537497897,77.45504925004207,3.5374753749789676,False,ALLOW_ADAPTIVE_TREND_ROUTE,8,False,False,True,False,0.12999999999999545,1.5799999999999983,0.12999999999999545,3.3299999999999983,0.12999999999999545,4.760000000000005,0.12999999999999545,4.760000000000005,555.0,,,0.02389557270077183,0.01672690089054028,False,False,False,False,192
14d,SOL/USDT:USDT,2026-04-22T04:00:00+00:00,adaptive_trend_route,adaptive_trend,ranging,LONG,78.53,87.21,1.4684864048396855,83.53878398790079,94.55243202419842,3.671216012099208,False,ALLOW_ADAPTIVE_TREND_ROUTE,24,,,,True,1.1200000000000045,0.2799999999999869,1.6700000000000017,0.2799999999999869,2.0800000000000125,1.789999999999992,2.0800000000000125,2.789999999999992,,,,0.02375507181069772,0.016628550267488402,False,False,False,False,192
14d,SOL/USDT:USDT,2026-04-23T20:00:00+00:00,adaptive_trend_route,adaptive_trend,ranging,SHORT,67.72,85.24,1.3596352127293865,88.63908803182346,78.44182393635306,3.3990880318234673,False,ALLOW_ADAPTIVE_TREND_ROUTE,8,,,,True,0.01999999999999602,0.9699999999999989,0.01999999999999602,1.0799999999999983,0.44999999999998863,1.5100000000000051,0.44999999999998863,1.6800000000000068,,,,0.025077314621437544,0.01755412023500628,False,False,False,False,192
14d,SOL/USDT:USDT,2026-04-25T04:00:00+00:00,adaptive_trend_route,adaptive_trend,ranging,LONG,68.31,86.42,1.1595156468396597,83.52121088290085,92.2175782341983,2.898789117099156,False,ALLOW_ADAPTIVE_TREND_ROUTE,24,,,,True,0.20999999999999375,0.3500000000000085,0.3499999999999943,0.3500000000000085,0.3499999999999943,0.9399999999999977,1.6599999999999966,0.9399999999999977,,,,0.02981244806330764,0.020868713644315348,False,False,False,False,192
14d,SOL/USDT:USDT,2026-04-26T08:00:00+00:00,adaptive_trend_route,adaptive_trend,ranging,LONG,63.07,86.59,0.9561984999330285,84.19950375016744,91.37099249966515,2.390496249832566,False,ALLOW_ADAPTIVE_TREND_ROUTE,48,,,,True,0.14000000000000057,0.21000000000000796,0.14000000000000057,0.7600000000000051,1.4899999999999949,1.2999999999999972,1.4899999999999949,1.2999999999999972,,,,0.036222604409467236,0.025355823086627066,False,False,False,True,96
14d,SUI/USDT:USDT,2026-04-13T07:30:00+00:00,15m_fast,supertrend_trend,trending,SHORT,57.83,0.9023,0.017713272073408157,0.95543982,0.79602037,0.05313982000000006,False,ALLOW_15M_FAST,2,False,False,True,False,0.0050000000000000044,0.0032999999999999696,0.0050000000000000044,0.02080000000000004,0.0050000000000000044,0.05920000000000003,0.0050000000000000044,0.06040000000000001,885.0,,,0.01697973384177814,0.0118858136892447,False,False,False,False,192
14d,SUI/USDT:USDT,2026-04-13T20:00:00+00:00,4h_flip,supertrend_trend,trending,LONG,67.01,0.9353,0.018069152532502346,0.88109254,1.04371492,0.054207459999999985,True,(allowed),8,,,,True,0.025499999999999967,0.009199999999999986,0.0262,0.009199999999999986,0.02739999999999998,0.011800000000000033,0.03849999999999998,0.011800000000000033,,,,0.017254082740641236,0.012077857918448866,False,False,False,False,192
14d,SUI/USDT:USDT,2026-04-14T09:00:00+00:00,15m_fast,supertrend_trend,trending,LONG,53.19,0.9491,0.018583902373873053,0.89334829,1.06060341,0.05575171000000001,False,ALLOW_15M_FAST,1,,,,True,0.0039999999999998925,0.007600000000000051,0.013599999999999945,0.011900000000000022,0.013599999999999945,0.025600000000000067,0.04069999999999996,0.025600000000000067,,,,0.01702369308492959,0.011916585159450713,False,False,False,False,192
14d,SUI/USDT:USDT,2026-04-14T14:00:00+00:00,15m_fast,supertrend_trend,trending,LONG,53.7,0.9599,0.018099337918596397,0.90560199,1.06849603,0.05429801000000001,False,ALLOW_15M_FAST,1,,,,True,0.0028000000000000247,0.024599999999999955,0.0028000000000000247,0.03639999999999999,0.0028000000000000247,0.03639999999999999,0.034700000000000064,0.03639999999999999,,,,0.017678364271545125,0.012374854990081586,False,False,False,False,192
14d,SUI/USDT:USDT,2026-04-15T13:00:00+00:00,1h_continuation,supertrend_trend,trending,LONG,66.89,0.9501,0.017960069725348582,0.89621979,1.05786042,0.053880209999999984,True,(allowed),8,,,,True,0.0040000000000000036,0.009299999999999975,0.023700000000000054,0.009299999999999975,0.03970000000000007,0.009299999999999975,0.06340000000000012,0.009299999999999975,,,,0.01763356156184247,0.012343493093289727,False,False,False,False,192
14d,SUI/USDT:USDT,2026-04-15T13:00:00+00:00,aligned_trend,supertrend_trend,trending,LONG,45.17,0.9501,0.017960069725348582,0.89621979,1.05786042,0.053880209999999984,False,ALLOW_ALIGNED_TREND,6,,,,True,0.0040000000000000036,0.009299999999999975,0.023700000000000054,0.009299999999999975,0.03970000000000007,0.009299999999999975,0.06340000000000012,0.009299999999999975,,,,0.01763356156184247,0.012343493093289727,False,False,False,False,192
14d,SUI/USDT:USDT,2026-04-15T17:00:00+00:00,aligned_trend,supertrend_trend,trending,LONG,45.36,0.9511,0.017627207602109396,0.89821838,1.05686325,0.05288161999999996,False,ALLOW_ALIGNED_TREND,8,,,,True,0.022700000000000053,0.0024999999999999467,0.022700000000000053,0.0024999999999999467,0.043500000000000094,0.0024999999999999467,0.0917,0.0024999999999999467,,,,0.017985455059810963,0.012589818541867675,False,False,False,False,192
14d,SUI/USDT:USDT,2026-04-16T02:30:00+00:00,15m_fast,supertrend_trend,trending,LONG,61.8,0.9656,0.018490296350798407,0.91012911,1.07654178,0.05547089000000005,False,ALLOW_15M_FAST,2,,,,True,0.014800000000000035,0.0031999999999999806,0.0242,0.0031999999999999806,0.047900000000000054,0.014100000000000001,0.07719999999999994,0.014100000000000001,,,,0.017407328420366054,0.012185129894256238,False,False,False,False,192
14d,SUI/USDT:USDT,2026-04-16T07:00:00+00:00,15m_fast,supertrend_trend,trending,LONG,62.54,0.9818,0.018919560897169948,0.92504132,1.09531737,0.05675868000000006,False,ALLOW_15M_FAST,2,,,,True,0.008000000000000007,0.01849999999999996,0.012800000000000034,0.030299999999999994,0.03170000000000006,0.030299999999999994,0.06099999999999994,0.030299999999999994,,,,0.017297794804248427,0.012108456362973896,False,False,False,False,192
14d,SUI/USDT:USDT,2026-04-16T13:00:00+00:00,15m_fast,supertrend_trend,trending,LONG,58.04,0.9766,0.01960207036541694,0.91779379,1.09421242,0.05880620999999997,False,ALLOW_15M_FAST,1,,,,True,0.018000000000000016,0.02510000000000001,0.030099999999999905,0.02510000000000001,0.036900000000000044,0.02510000000000001,0.06619999999999993,0.02510000000000001,,,,0.016607089625398416,0.011624962737778891,False,False,False,False,192
14d,SUI/USDT:USDT,2026-04-16T13:00:00+00:00,aligned_trend,supertrend_trend,trending,LONG,49.49,0.9766,0.01960207036541694,0.91779379,1.09421242,0.05880620999999997,False,ALLOW_ALIGNED_TREND,2,,,,True,0.018000000000000016,0.02510000000000001,0.030099999999999905,0.02510000000000001,0.036900000000000044,0.02510000000000001,0.06619999999999993,0.02510000000000001,,,,0.016607089625398416,0.011624962737778891,False,False,False,False,192
14d,SUI/USDT:USDT,2026-04-16T16:00:00+00:00,15m_fast,supertrend_trend,trending,LONG,49.1,0.985,0.0212804939107443,0.92115852,1.11268296,0.06384148,False,ALLOW_15M_FAST,1,,,,True,0.019299999999999984,0.015199999999999991,0.02850000000000008,0.015199999999999991,0.05779999999999996,0.015199999999999991,0.05779999999999996,0.028200000000000003,,,,0.015428840308839956,0.010800188216187969,False,False,False,False,192
14d,SUI/USDT:USDT,2026-04-17T08:00:00+00:00,15m_fast,supertrend_trend,trending,LONG,59.17,0.9924,0.022698164477945853,0.92430551,1.12858899,0.0680944899999999,False,ALLOW_15M_FAST,1,,,,True,0.013000000000000123,0.009899999999999909,0.0504,0.009899999999999909,0.0504,0.009899999999999909,0.0504,0.056299999999999906,,,,0.014573866402406445,0.01020170648168451,False,False,False,False,192
14d,SUI/USDT:USDT,2026-04-17T08:00:00+00:00,aligned_trend,supertrend_trend,trending,LONG,50.74,0.9924,0.022698164477945853,0.92430551,1.12858899,0.0680944899999999,False,ALLOW_ALIGNED_TREND,6,,,,True,0.013000000000000123,0.009899999999999909,0.0504,0.009899999999999909,0.0504,0.009899999999999909,0.0504,0.056299999999999906,,,,0.014573866402406445,0.01020170648168451,False,False,False,False,192
14d,SUI/USDT:USDT,2026-04-17T12:00:00+00:00,15m_fast,supertrend_trend,trending,LONG,55.96,0.9998,0.022712581300949723,0.93166226,1.13607549,0.06813774000000006,False,ALLOW_15M_FAST,1,,,,True,0.04299999999999993,0.0040999999999999925,0.04299999999999993,0.0040999999999999925,0.04299999999999993,0.04300000000000004,0.04299999999999993,0.06369999999999998,,,,0.014673219276130956,0.010271253493291667,False,False,False,False,192
14d,SUI/USDT:USDT,2026-04-18T12:00:00+00:00,4h_flip,supertrend_trend,trending,SHORT,80.14,0.9611,0.02475902663014771,1.03537708,0.81254584,0.07427708,True,(allowed),8,,,,True,0.0024999999999999467,0.010300000000000087,0.01100000000000001,0.010300000000000087,0.02499999999999991,0.010300000000000087,0.04499999999999993,0.010300000000000087,,,,0.012939388570471538,0.009057571999330076,False,False,False,False,192
14d,SUI/USDT:USDT,2026-04-19T18:00:00+00:00,1h_continuation,supertrend_trend,trending,SHORT,64.81,0.9381,0.021497638723832525,1.00259292,0.80911417,0.06449292000000006,True,(allowed),6,,,,True,0.007600000000000051,0.008599999999999941,0.02200000000000002,0.008599999999999941,0.02200000000000002,0.015699999999999936,0.02200000000000002,0.02389999999999992,,,,0.014545782699868438,0.010182047889907906,False,False,False,False,192
14d,SUI/USDT:USDT,2026-04-20T05:30:00+00:00,15m_fast,supertrend_trend,trending,SHORT,57.33,0.9301,0.022099785814963573,0.99639936,0.79750129,0.06629935999999992,False,ALLOW_15M_FAST,2,,,,True,0.0028000000000000247,0.023699999999999943,0.0028000000000000247,0.023699999999999943,0.0028000000000000247,0.02529999999999999,0.0046000000000000485,0.04589999999999994,,,,0.01402879303812286,0.009820155126686,False,False,False,False,192
14d,SUI/USDT:USDT,2026-04-21T20:00:00+00:00,adaptive_trend_route,adaptive_trend,ranging,SHORT,75.44,0.9291,0.019368367229447507,0.9775209180736188,0.8322581638527625,0.04842091807361881,False,ALLOW_ADAPTIVE_TREND_ROUTE,8,,,,True,0.0012000000000000899,0.02089999999999992,0.0012000000000000899,0.03589999999999993,0.0012000000000000899,0.04719999999999991,0.006300000000000083,0.04719999999999991,,,,0.019187988104385035,0.013431591673069523,False,False,False,False,192
14d,SUI/USDT:USDT,2026-04-22T12:00:00+00:00,adaptive_trend_route,adaptive_trend,ranging,LONG,75.15,0.9705,0.019051557591635005,0.9228711060209125,1.065757787958175,0.04762889397908754,False,ALLOW_ADAPTIVE_TREND_ROUTE,24,,,,True,0.0049000000000000155,0.006800000000000028,0.0049000000000000155,0.018500000000000072,0.0049000000000000155,0.04310000000000003,0.0049000000000000155,0.047700000000000076,,,,0.020376286722637697,0.014263400705846389,False,False,False,False,192
14d,SUI/USDT:USDT,2026-04-23T04:00:00+00:00,adaptive_trend_route,adaptive_trend,ranging,SHORT,84.47,0.9323,0.018554009693218652,0.9786850242330467,0.8395299515339067,0.04638502423304669,False,ALLOW_ADAPTIVE_TREND_ROUTE,40,,,,True,0.0015000000000000568,0.012599999999999945,0.0022999999999999687,0.012599999999999945,0.009500000000000064,0.02169999999999994,0.009500000000000064,0.023299999999999987,,,,0.020099159489837874,0.01406941164288651,False,False,False,False,192
14d,SUI/USDT:USDT,2026-04-25T16:00:00+00:00,adaptive_trend_route,adaptive_trend,ranging,SHORT,66.83,0.9404,0.014470846927939372,0.9765771173198484,0.8680457653603032,0.036177117319848406,False,ALLOW_ADAPTIVE_TREND_ROUTE,32,,,,True,0.009299999999999975,0.0027000000000000357,0.009500000000000064,0.0027000000000000357,0.009500000000000064,0.009299999999999975,0.017199999999999993,0.02290000000000003,,,,0.025994332043809746,0.018196032430666823,False,False,False,True,160
14d,SUI/USDT:USDT,2026-04-27T04:00:00+00:00,adaptive_trend_route,adaptive_trend,ranging,LONG,68.18,0.9563,0.013253779002561123,0.9231655524935972,1.0225688950128056,0.03313444750640282,False,ALLOW_ADAPTIVE_TREND_ROUTE,8,,,,True,0.007000000000000006,0.03310000000000002,0.007000000000000006,0.03310000000000002,0.007000000000000006,0.03310000000000002,0.007000000000000006,0.03310000000000002,,,,0.02886120252390528,0.020202841766733697,False,True,True,True,16
14d,XRP/USDT:USDT,2026-04-13T07:30:00+00:00,adaptive_trend_route,adaptive_trend,ranging,SHORT,69.81,1.334,0.01618347225550518,1.374458680638763,1.2530826387224743,0.04045868063876301,False,ALLOW_ADAPTIVE_TREND_ROUTE,17,False,False,True,False,0.011900000000000022,0.0,0.011900000000000022,0.012399999999999967,0.011900000000000022,0.05010000000000003,0.011900000000000022,0.06099999999999994,900.0,,,0.03297191057490663,0.023080337402434637,False,False,False,False,192
14d,XRP/USDT:USDT,2026-04-14T13:30:00+00:00,15m_fast,supertrend_trend,trending,LONG,57.21,1.3728,0.017898198756236574,1.3191054,1.48018919,0.05369460000000004,False,ALLOW_15M_FAST,2,,,,True,0.022199999999999998,0.007400000000000073,0.022199999999999998,0.021300000000000097,0.022199999999999998,0.024399999999999977,0.057700000000000085,0.024399999999999977,,,,0.025566816774871198,0.017896771742409837,False,False,False,False,192
14d,XRP/USDT:USDT,2026-04-15T15:00:00+00:00,1h_continuation,supertrend_trend,trending,LONG,67.84,1.3759,0.017698733167673484,1.3228038,1.4820924,0.05309619999999993,False,(allowed),8,True,,,False,0.01110000000000011,0.004899999999999904,0.032400000000000206,0.004899999999999904,0.057800000000000074,0.004899999999999904,0.1333000000000002,0.004899999999999904,,1335.0,,0.025913342197746766,0.018139339538422734,False,False,False,False,192
14d,XRP/USDT:USDT,2026-04-15T15:00:00+00:00,aligned_trend,supertrend_trend,trending,LONG,45.88,1.3759,0.017698733167673484,1.3228038,1.4820924,0.05309619999999993,False,ALLOW_ALIGNED_TREND,4,True,,,False,0.01110000000000011,0.004899999999999904,0.032400000000000206,0.004899999999999904,0.057800000000000074,0.004899999999999904,0.1333000000000002,0.004899999999999904,,1335.0,,0.025913342197746766,0.018139339538422734,False,False,False,False,192
14d,XRP/USDT:USDT,2026-04-15T22:30:00+00:00,15m_fast,supertrend_trend,trending,LONG,47.69,1.3949,0.019423907680289898,1.33662828,1.51144345,0.05827172000000003,False,ALLOW_15M_FAST,1,True,,,False,0.009099999999999886,0.010199999999999987,0.020100000000000007,0.010199999999999987,0.07079999999999997,0.010199999999999987,0.11430000000000007,0.010199999999999987,,1245.0,,0.023937855275251864,0.016756498692676303,False,False,False,False,192
14d,XRP/USDT:USDT,2026-04-16T12:30:00+00:00,15m_fast,supertrend_trend,trending,LONG,52.4,1.4164,0.01995095864370991,1.35654712,1.53610575,0.05985288,False,ALLOW_15M_FAST,1,,,,True,0.024799999999999933,0.0244000000000002,0.0492999999999999,0.0244000000000002,0.0492999999999999,0.0244000000000002,0.0928,0.0244000000000002,,,,0.02366469249265867,0.016565284744861068,False,False,False,False,192
14d,XRP/USDT:USDT,2026-04-16T15:30:00+00:00,15m_fast,supertrend_trend,trending,LONG,52.4,1.4155,0.01995095864370991,1.35564712,1.53520575,0.05985288,False,ALLOW_15M_FAST,1,True,,,False,0.03770000000000007,0.0020000000000000018,0.05020000000000002,0.0020000000000000018,0.09370000000000012,0.0020000000000000018,0.09370000000000012,0.0020000000000000018,,1290.0,,0.023649655622252432,0.0165547589355767,False,False,False,False,192
14d,XRP/USDT:USDT,2026-04-17T08:00:00+00:00,15m_fast,supertrend_trend,trending,LONG,54.0,1.4366,0.02365160682249024,1.36564518,1.57850964,0.07095482000000009,False,ALLOW_15M_FAST,1,True,,,False,0.021999999999999797,0.0047000000000001485,0.0726,0.0047000000000001485,0.0726,0.0047000000000001485,0.0726,0.0233000000000001,,390.0,,0.020246686553499794,0.014172680587449856,False,False,False,False,192
14d,XRP/USDT:USDT,2026-04-17T09:00:00+00:00,aligned_trend,supertrend_trend,trending,LONG,45.0,1.446,0.02365160682249024,1.37504518,1.58790964,0.07095481999999986,False,ALLOW_ALIGNED_TREND,4,,,,True,0.014599999999999946,0.014100000000000001,0.06320000000000014,0.014100000000000001,0.06320000000000014,0.014100000000000001,0.06320000000000014,0.03269999999999995,,,,0.020379165220911037,0.014265415654637724,False,False,False,False,192
14d,XRP/USDT:USDT,2026-04-17T13:00:00+00:00,15m_fast,supertrend_trend,trending,LONG,60.0,1.4581,0.023869349192312365,1.38649195,1.6013161,0.07160805000000003,False,ALLOW_15M_FAST,2,,,,True,0.051100000000000145,0.0033999999999998476,0.051100000000000145,0.0033999999999998476,0.051100000000000145,0.034499999999999975,0.051100000000000145,0.04600000000000004,,,,0.020362235810080002,0.014253565067056,False,False,False,False,192
14d,XRP/USDT:USDT,2026-04-17T13:00:00+00:00,aligned_trend,supertrend_trend,trending,LONG,45.0,1.4581,0.023869349192312365,1.38649195,1.6013161,0.07160805000000003,False,ALLOW_ALIGNED_TREND,6,,,,True,0.051100000000000145,0.0033999999999998476,0.051100000000000145,0.0033999999999998476,0.051100000000000145,0.034499999999999975,0.051100000000000145,0.04600000000000004,,,,0.020362235810080002,0.014253565067056,False,False,False,False,192
14d,XRP/USDT:USDT,2026-04-19T08:00:00+00:00,4h_flip,supertrend_trend,trending,SHORT,83.88,1.4192,0.02377664367151011,1.49052993,1.27654014,0.07132992999999987,False,(allowed),8,,,,True,0.007100000000000106,0.011600000000000055,0.007100000000000106,0.026799999999999935,0.030899999999999928,0.026799999999999935,0.030899999999999928,0.026799999999999935,,,,0.01989627635972729,0.013927393451809104,False,False,False,False,192
14d,XRP/USDT:USDT,2026-04-19T16:00:00+00:00,15m_fast,supertrend_trend,trending,SHORT,46.58,1.4306,0.023641595818802093,1.50152479,1.28875043,0.07092478999999985,False,ALLOW_15M_FAST,1,,,,True,0.020199999999999996,0.0009999999999998899,0.042300000000000004,0.0009999999999998899,0.042300000000000004,0.0039000000000000146,0.042300000000000004,0.018199999999999994,,,,0.020170662472176557,0.01411946373052359,False,False,False,False,192
14d,XRP/USDT:USDT,2026-04-20T05:30:00+00:00,15m_fast,supertrend_trend,trending,SHORT,56.72,1.3995,0.02355334767270706,1.47016004,1.25817991,0.07066003999999992,False,ALLOW_15M_FAST,1,,,,True,0.004999999999999893,0.032200000000000006,0.004999999999999893,0.032200000000000006,0.004999999999999893,0.037000000000000144,0.004999999999999893,0.0596000000000001,,,,0.0198061025722601,0.013864271800582069,False,False,False,False,192
14d,XRP/USDT:USDT,2026-04-21T18:00:00+00:00,1h_continuation,supertrend_trend,trending,SHORT,48.91,1.4236,0.021145683521311413,1.48703705,1.2967259,0.0634370500000001,False,(allowed),2,,,,True,0.013299999999999867,0.007600000000000051,0.013299999999999867,0.010199999999999987,0.013299999999999867,0.03859999999999997,0.015600000000000058,0.03859999999999997,,,,0.022441144410088387,0.01570880108706187,False,False,False,False,192
14d,XRP/USDT:USDT,2026-04-22T08:00:00+00:00,4h_flip,supertrend_trend,ranging,LONG,80.88,1.4537,0.021435390645881274,1.40011152,1.56087695,0.05358847999999994,False,(allowed),8,,,,True,0.001100000000000101,0.006000000000000005,0.008499999999999952,0.007200000000000095,0.008499999999999952,0.043299999999999894,0.008499999999999952,0.045700000000000074,,,,0.027127098958582174,0.018988969271007523,False,False,False,False,192
14d,XRP/USDT:USDT,2026-04-23T12:00:00+00:00,adaptive_trend_route,adaptive_trend,ranging,SHORT,68.17,1.4156,0.018687789720420678,1.4623194743010517,1.3221610513978965,0.04671947430105172,False,ALLOW_ADAPTIVE_TREND_ROUTE,8,,,,True,0.0024999999999999467,0.02079999999999993,0.0024999999999999467,0.024899999999999922,0.0024999999999999467,0.02970000000000006,0.0024999999999999467,0.03469999999999995,,,,0.03029999847340176,0.021209998931381233,False,False,False,False,192
14d,XRP/USDT:USDT,2026-04-24T08:00:00+00:00,adaptive_trend_route,adaptive_trend,ranging,LONG,74.46,1.432,0.01783483706317335,1.3874129073420665,1.5211741853158667,0.04458709265793348,False,ALLOW_ADAPTIVE_TREND_ROUTE,64,,,,True,0.00770000000000004,0.008899999999999908,0.01540000000000008,0.008899999999999908,0.018299999999999983,0.008899999999999908,0.018299999999999983,0.014999999999999902,,,,0.03211691802796209,0.02248184261957346,False,False,False,False,192
14d,XRP/USDT:USDT,2026-04-27T04:00:00+00:00,adaptive_trend_route,adaptive_trend,ranging,LONG,71.26,1.4419,0.01356997242139285,1.4079750689465178,1.5097498621069643,0.033924931053482155,False,ALLOW_ADAPTIVE_TREND_ROUTE,8,,,,True,0.00019999999999997797,0.03059999999999996,0.00019999999999997797,0.03059999999999996,0.00019999999999997797,0.03059999999999996,0.00019999999999997797,0.03059999999999996,,,,0.042502665597959975,0.029751865918571978,False,True,True,True,16
28d,ADA/USDT:USDT,2026-03-30T08:00:00+00:00,4h_flip,supertrend_trend,trending,LONG,75.27,0.2485,0.004801147249878428,0.23409656,0.27730688,0.01440343999999999,False,(allowed),8,,,,True,0.004300000000000026,0.0010000000000000009,0.004300000000000026,0.0012999999999999956,0.004300000000000026,0.006200000000000011,0.006199999999999983,0.014300000000000007,,,,0.017252822936742903,0.01207697605572003,False,False,False,False,192
28d,ADA/USDT:USDT,2026-03-31T03:00:00+00:00,1h_continuation,supertrend_trend,trending,LONG,52.21,0.2481,0.0048328370107189175,0.23360149,0.27709702,0.014498509999999992,False,(allowed),4,,,,True,0.0,0.004899999999999988,0.0,0.008699999999999986,0.0,0.013899999999999996,0.006599999999999995,0.013899999999999996,,,,0.01711210324371264,0.011978472270598846,False,False,False,False,192
28d,ADA/USDT:USDT,2026-03-31T16:00:00+00:00,4h_flip,supertrend_trend,trending,SHORT,85.1,0.2378,0.00507109167698727,0.25301328,0.20737345,0.015213279999999996,False,(allowed),8,False,False,True,False,0.00360000000000002,0.0041999999999999815,0.00360000000000002,0.004599999999999993,0.00360000000000002,0.01689999999999997,0.00360000000000002,0.01689999999999997,840.0,,,0.015631080214128713,0.010941756149890099,False,False,False,False,192
28d,ADA/USDT:USDT,2026-04-01T08:00:00+00:00,4h_flip,supertrend_trend,trending,LONG,69.56,0.2498,0.005598408199355303,0.23300478,0.28339045,0.01679522,False,(allowed),8,,,,True,0.00020000000000000573,0.0040999999999999925,0.0011000000000000176,0.004599999999999993,0.0022999999999999965,0.014600000000000002,0.0022999999999999965,0.015199999999999991,,,,0.014873279421168643,0.010411295594818048,False,False,False,False,192
28d,ADA/USDT:USDT,2026-04-02T01:00:00+00:00,15m_fast,supertrend_trend,trending,LONG,50.97,0.2499,0.005287771672787037,0.23403668,0.28162663,0.015863320000000014,False,ALLOW_15M_FAST,1,,,,True,9.999999999998899e-05,0.013300000000000006,9.999999999998899e-05,0.014700000000000019,9.999999999998899e-05,0.015300000000000008,0.0014000000000000123,0.015300000000000008,,,,0.015753322759674507,0.011027325931772155,False,False,False,False,192
28d,ADA/USDT:USDT,2026-04-02T08:00:00+00:00,4h_flip,supertrend_trend,trending,SHORT,81.87,0.2387,0.005699660268882701,0.25579898,0.20450204,0.017098980000000014,False,(allowed),8,,,,True,0.002799999999999997,0.0005000000000000004,0.0040999999999999925,0.004599999999999993,0.0040999999999999925,0.006500000000000006,0.0040999999999999925,0.012600000000000028,,,,0.013959897023097273,0.00977192791616809,False,False,False,False,192
28d,ADA/USDT:USDT,2026-04-03T00:00:00+00:00,adaptive_trend_route,adaptive_trend,ranging,SHORT,90.0,0.2392,0.005444707854528289,0.25281176963632074,0.21197646072735854,0.013611769636320742,False,ALLOW_ADAPTIVE_TREND_ROUTE,24,,,,True,0.0005999999999999894,0.0022000000000000075,0.0005999999999999894,0.006000000000000005,0.0005999999999999894,0.012100000000000027,0.0005999999999999894,0.012100000000000027,,,,0.0175730273425826,0.012301119139807817,False,False,False,False,192
28d,ADA/USDT:USDT,2026-04-03T20:00:00+00:00,adaptive_trend_route,adaptive_trend,ranging,LONG,68.73,0.2475,0.005181307478713061,0.23454673130321735,0.2734065373935653,0.01295326869678265,False,ALLOW_ADAPTIVE_TREND_ROUTE,16,,,,True,0.0012000000000000066,0.002599999999999991,0.0012000000000000066,0.0030999999999999917,0.0024000000000000132,0.00470000000000001,0.0024000000000000132,0.008000000000000007,,,,0.019107146295936437,0.013375002407155508,False,False,False,False,192
28d,ADA/USDT:USDT,2026-04-05T06:00:00+00:00,1h_continuation,supertrend_trend,ranging,SHORT,45.36,0.2439,0.0042731827791337796,0.25458296,0.22253409,0.010682960000000019,False,(allowed),2,False,False,True,False,0.002600000000000019,0.00020000000000000573,0.004400000000000015,0.00020000000000000573,0.004400000000000015,0.01539999999999997,0.004400000000000015,0.016100000000000003,1080.0,,,0.022830751027804987,0.015981525719463492,False,False,False,False,192
28d,ADA/USDT:USDT,2026-04-05T16:00:00+00:00,adaptive_trend_route,adaptive_trend,ranging,SHORT,69.05,0.2434,0.004412165658074679,0.2544304141451867,0.2213391717096266,0.011030414145186684,False,ALLOW_ADAPTIVE_TREND_ROUTE,16,False,False,True,False,0.0010000000000000009,0.0007999999999999952,0.0015000000000000013,0.007500000000000007,0.0015000000000000013,0.016600000000000004,0.003700000000000009,0.016600000000000004,480.0,,,0.022066261229748287,0.0154463828608238,False,False,False,False,192
28d,ADA/USDT:USDT,2026-04-06T00:00:00+00:00,adaptive_trend_route,adaptive_trend,ranging,LONG,64.1,0.2507,0.0045666122255848,0.23928346943603798,0.27353306112792397,0.011416530563961996,False,ALLOW_ADAPTIVE_TREND_ROUTE,8,,,,True,0.008599999999999997,0.0,0.008599999999999997,0.0,0.00930000000000003,0.006199999999999983,0.015600000000000003,0.010999999999999982,,,,0.021959385874319157,0.01537157011202341,False,False,False,False,192
28d,ADA/USDT:USDT,2026-04-06T10:30:00+00:00,15m_fast,supertrend_trend,ranging,LONG,50.37,0.2583,0.004815089112876691,0.24626228,0.28237545,0.012037719999999974,False,ALLOW_15M_FAST,1,False,False,True,False,0.00030000000000002247,0.003999999999999948,0.00030000000000002247,0.007299999999999973,0.00030000000000002247,0.01629999999999998,0.008000000000000007,0.018599999999999978,750.0,,,0.021457551762293903,0.01502028623360573,False,False,False,False,192
28d,ADA/USDT:USDT,2026-04-07T00:00:00+00:00,4h_flip,supertrend_trend,trending,SHORT,68.53,0.2458,0.0048789192043125545,0.26043676,0.21652648,0.014636759999999999,False,(allowed),8,False,False,True,False,0.002599999999999991,0.0006000000000000172,0.003599999999999992,0.0006000000000000172,0.006099999999999994,0.02049999999999999,0.006099999999999994,0.02049999999999999,1350.0,,,0.0167933340438731,0.01175533383071117,False,False,False,False,192
28d,ADA/USDT:USDT,2026-04-08T00:00:00+00:00,4h_flip,supertrend_trend,trending,LONG,70.09,0.2627,0.005818436610921134,0.24524469,0.29761062,0.01745531,False,(allowed),8,,,,True,0.0017000000000000348,0.0031999999999999806,0.0017000000000000348,0.0031999999999999806,0.0017000000000000348,0.01319999999999999,0.0017000000000000348,0.015399999999999997,,,,0.015049861618040583,0.010534903132628408,False,False,False,False,192
28d,ADA/USDT:USDT,2026-04-09T04:00:00+00:00,4h_flip,supertrend_trend,trending,SHORT,65.54,0.249,0.005452430057668959,0.26535729,0.21628542,0.016357290000000024,False,(allowed),8,,,,True,0.0007999999999999952,0.0025000000000000022,0.0007999999999999952,0.0031999999999999806,0.0007999999999999952,0.0121,0.0007999999999999952,0.0121,,,,0.015222570486920486,0.010655799340844343,False,False,False,False,192
28d,ADA/USDT:USDT,2026-04-11T05:00:00+00:00,1h_continuation,supertrend_trend,trending,SHORT,46.98,0.2526,0.004854870432399932,0.26716461,0.22347078,0.014564610000000033,False,(allowed),2,,,,True,0.0033999999999999864,9.999999999998899e-05,0.003699999999999981,9.999999999998899e-05,0.010499999999999982,0.003300000000000025,0.017499999999999988,0.003300000000000025,,,,0.01734340981323904,0.012140386869267326,False,False,False,False,192
28d,ADA/USDT:USDT,2026-04-12T02:00:00+00:00,1h_continuation,supertrend_trend,ranging,SHORT,60.25,0.2438,0.00495649786446322,0.25619124,0.21901751,0.012391239999999998,False,(allowed),4,,,,True,0.001899999999999985,0.0010000000000000009,0.005499999999999977,0.0010000000000000009,0.008699999999999986,0.0010000000000000009,0.008699999999999986,0.00520000000000001,,,,0.01967518989221418,0.013772632924549926,False,False,False,False,192
28d,ADA/USDT:USDT,2026-04-12T08:00:00+00:00,adaptive_trend_route,adaptive_trend,ranging,SHORT,71.6,0.2413,0.005010449689256553,0.2538261242231414,0.21624775155371723,0.012526124223141394,False,ALLOW_ADAPTIVE_TREND_ROUTE,8,,,,True,0.002999999999999975,0.00010000000000001674,0.0040999999999999925,0.00010000000000001674,0.006199999999999983,0.00010000000000001674,0.006199999999999983,0.007700000000000012,,,,0.019263739980656603,0.01348461798645962,False,False,False,False,192
28d,ADA/USDT:USDT,2026-04-15T00:00:00+00:00,adaptive_trend_route,adaptive_trend,ranging,SHORT,84.15,0.2393,0.0048973848601742654,0.25154346215043566,0.2148130756991287,0.012243462150435647,False,ALLOW_ADAPTIVE_TREND_ROUTE,40,,,,True,0.0005000000000000004,0.001799999999999996,0.0013000000000000234,0.0024999999999999745,0.0013000000000000234,0.011199999999999988,0.0013000000000000234,0.022199999999999998,,,,0.019545125150036525,0.013681587605025566,False,False,False,False,192
28d,ADA/USDT:USDT,2026-04-16T16:00:00+00:00,15m_fast,supertrend_trend,trending,LONG,49.62,0.2533,0.00512841408211713,0.23791476,0.28407048,0.015385240000000022,False,ALLOW_15M_FAST,1,,,,True,0.007399999999999962,0.0027000000000000357,0.008199999999999985,0.0027000000000000357,0.014600000000000002,0.0027000000000000357,0.014600000000000002,0.0039000000000000146,,,,0.016463831568438298,0.011524682097906809,False,False,False,False,192
28d,ADA/USDT:USDT,2026-04-17T13:00:00+00:00,1h_continuation,supertrend_trend,trending,LONG,65.4,0.2603,0.005425050108941803,0.24402485,0.2928503,0.016275149999999988,False,(allowed),6,,,,True,0.007600000000000051,0.0006999999999999784,0.007600000000000051,0.0012999999999999678,0.007600000000000051,0.010899999999999965,0.007600000000000051,0.016199999999999964,,,,0.01599370819931,0.011195595739517,False,False,False,False,192
28d,ADA/USDT:USDT,2026-04-18T20:00:00+00:00,4h_flip,supertrend_trend,trending,SHORT,69.92,0.2486,0.005323890494705113,0.26457167,0.21665666,0.015971669999999993,False,(allowed),8,,,,True,0.0007999999999999952,0.0020999999999999908,0.001899999999999985,0.0020999999999999908,0.004499999999999976,0.0023000000000000242,0.00789999999999999,0.0023000000000000242,,,,0.01556505988415739,0.010895541918910174,False,False,False,False,192
28d,ADA/USDT:USDT,2026-04-19T18:00:00+00:00,1h_continuation,supertrend_trend,trending,SHORT,60.05,0.2449,0.004893001006742995,0.259579,0.21554199,0.014678999999999998,False,(allowed),4,,,,True,0.0015000000000000013,0.0023999999999999855,0.004200000000000009,0.0023999999999999855,0.004200000000000009,0.004299999999999998,0.004200000000000009,0.007400000000000018,,,,0.01668369779957763,0.011678588459704342,False,False,False,False,192
28d,ADA/USDT:USDT,2026-04-21T04:00:00+00:00,adaptive_trend_route,adaptive_trend,ranging,SHORT,66.66,0.2469,0.004754311321925056,0.25878577830481264,0.22312844339037474,0.011885778304812633,False,ALLOW_ADAPTIVE_TREND_ROUTE,8,,,,True,0.00020000000000000573,0.0032999999999999696,0.00020000000000000573,0.005400000000000016,0.0031000000000000194,0.008599999999999997,0.0031000000000000194,0.010599999999999998,,,,0.02077272465195052,0.014540907256365362,False,False,False,False,192
28d,ADA/USDT:USDT,2026-04-21T16:00:00+00:00,adaptive_trend_route,adaptive_trend,ranging,SHORT,61.31,0.2487,0.0044700881830427655,0.2598752204576069,0.22634955908478618,0.01117522045760691,False,ALLOW_ADAPTIVE_TREND_ROUTE,16,,,,True,0.0049000000000000155,0.0005999999999999894,0.0049000000000000155,0.0012999999999999956,0.0049000000000000155,0.008800000000000002,0.0049000000000000155,0.008800000000000002,,,,0.022254594523968548,0.015578216166777983,False,False,False,False,192
28d,ADA/USDT:USDT,2026-04-22T04:00:00+00:00,adaptive_trend_route,adaptive_trend,ranging,LONG,69.2,0.2542,0.004782027601364781,0.24224493099658803,0.2781101380068239,0.01195506900341195,False,ALLOW_ADAPTIVE_TREND_ROUTE,40,,,,True,0.003300000000000025,0.0010000000000000009,0.003300000000000025,0.0010000000000000009,0.003300000000000025,0.009199999999999986,0.003300000000000025,0.009799999999999975,,,,0.021262947117030598,0.01488406298192142,False,False,False,False,192
28d,ADA/USDT:USDT,2026-04-23T08:00:00+00:00,adaptive_trend_route,adaptive_trend,ranging,SHORT,84.77,0.2467,0.004275789678129922,0.2573894741953248,0.2253210516093504,0.010689474195324816,False,ALLOW_ADAPTIVE_TREND_ROUTE,32,,,,True,0.0020999999999999908,0.0012000000000000066,0.0020999999999999908,0.00410000000000002,0.0022999999999999965,0.005100000000000021,0.0022999999999999965,0.006200000000000011,,,,0.023078777823131613,0.016155144476192127,False,False,False,False,192
28d,ADA/USDT:USDT,2026-04-24T16:00:00+00:00,adaptive_trend_route,adaptive_trend,ranging,LONG,60.41,0.252,0.004098194133976068,0.24175451466505982,0.2724909706698804,0.010245485334940185,False,ALLOW_ADAPTIVE_TREND_ROUTE,48,,,,True,0.00040000000000001146,0.0015000000000000013,0.0009000000000000119,0.0022000000000000075,0.0018000000000000238,0.002599999999999991,0.0023000000000000242,0.0040999999999999925,,,,0.024596199375797673,0.017217339563058372,False,False,False,False,192
28d,ADA/USDT:USDT,2026-04-26T12:00:00+00:00,adaptive_trend_route,adaptive_trend,ranging,LONG,63.32,0.2534,0.003406088459610202,0.2448847788509745,0.270430442298051,0.008515221149025504,False,ALLOW_ADAPTIVE_TREND_ROUTE,40,,,,True,0.00040000000000001146,0.0020999999999999908,0.00040000000000001146,0.0027000000000000357,0.00269999999999998,0.007400000000000018,0.00269999999999998,0.007400000000000018,,,,0.02975847550700425,0.020830932854902975,False,False,True,True,80
28d,AVAX/USDT:USDT,2026-03-30T08:00:00+00:00,4h_flip,supertrend_trend,trending,LONG,84.21,8.914,0.1616717594296473,8.42898472,9.88403056,0.48501527999999894,False,(allowed),8,,,,True,0.16500000000000092,0.026999999999999247,0.16500000000000092,0.04699999999999882,0.16500000000000092,0.18099999999999916,0.5660000000000007,0.2259999999999991,,,,0.0183788024162868,0.01286516169140076,False,False,False,False,192
28d,AVAX/USDT:USDT,2026-03-31T02:00:00+00:00,1h_continuation,supertrend_trend,trending,LONG,58.69,8.996,0.16441662643352123,8.50275012,9.98249976,0.4932498800000005,False,(allowed),6,,,,True,0.07099999999999973,0.09999999999999964,0.07099999999999973,0.30799999999999983,0.07099999999999973,0.30799999999999983,0.484,0.30799999999999983,,,,0.01823822035192384,0.012766754246346688,False,False,False,False,192
28d,AVAX/USDT:USDT,2026-03-31T21:00:00+00:00,1h_continuation,supertrend_trend,trending,LONG,52.11,8.936,0.18144957175280657,8.39165128,10.02469743,0.5443487200000003,False,(allowed),4,,,,True,0.03700000000000081,0.09399999999999942,0.05000000000000071,0.09399999999999942,0.5440000000000005,0.09399999999999942,0.5440000000000005,0.32399999999999984,,,,0.016415947483076645,0.011491163238153652,False,False,False,False,192
28d,AVAX/USDT:USDT,2026-04-01T13:00:00+00:00,15m_fast,supertrend_trend,trending,LONG,53.56,9.227,0.19910199445105972,8.62969402,10.42161197,0.5973059799999998,False,ALLOW_15M_FAST,1,False,False,True,False,0.026999999999999247,0.08900000000000041,0.07499999999999929,0.14000000000000057,0.07499999999999929,0.5990000000000002,0.07499999999999929,0.6150000000000002,1200.0,,,0.015447693994290839,0.010813385796003586,False,False,False,False,192
28d,AVAX/USDT:USDT,2026-04-02T04:00:00+00:00,4h_flip,supertrend_trend,trending,SHORT,70.02,8.765,0.21094687274876917,9.39784062,7.49931876,0.6328406199999996,False,(allowed),8,,,,True,0.11400000000000077,0.013999999999999346,0.13700000000000045,0.013999999999999346,0.15300000000000047,0.07899999999999885,0.15300000000000047,0.37899999999999956,,,,0.013850248740354254,0.009695174118247978,False,False,False,False,192
28d,AVAX/USDT:USDT,2026-04-04T08:00:00+00:00,adaptive_trend_route,adaptive_trend,ranging,SHORT,71.46,8.871,0.15592223834064983,9.260805595851625,8.09138880829675,0.3898055958516249,False,ALLOW_ADAPTIVE_TREND_ROUTE,16,,,,True,0.034000000000000696,0.026999999999999247,0.040000000000000924,0.09799999999999898,0.09500000000000064,0.2370000000000001,0.13000000000000078,0.7919999999999998,,,,0.022757497825599833,0.015930248477919882,False,False,False,False,192
28d,AVAX/USDT:USDT,2026-04-05T06:00:00+00:00,1h_continuation,supertrend_trend,trending,SHORT,47.07,8.871,0.14070613553916314,9.29311841,8.02676319,0.4221184099999995,False,(allowed),2,False,False,True,False,0.09500000000000064,0.0019999999999988916,0.13000000000000078,0.0019999999999988916,0.13000000000000078,0.7919999999999998,0.3460000000000001,0.7919999999999998,1110.0,,,0.021015430243850323,0.014710801170695226,False,False,False,False,192
28d,AVAX/USDT:USDT,2026-04-06T00:00:00+00:00,4h_flip,supertrend_trend,trending,LONG,81.08,9.065,0.1486958413584045,8.61891248,9.95717505,0.44608751999999896,False,(allowed),8,True,,,False,0.5980000000000008,0.0,0.5980000000000008,0.0,0.5980000000000008,0.270999999999999,0.5980000000000008,0.6049999999999986,,60.0,,0.020321124428677183,0.014224787100074026,False,False,False,False,192
28d,AVAX/USDT:USDT,2026-04-07T00:00:00+00:00,4h_flip,supertrend_trend,trending,SHORT,74.12,8.892,0.19778816215651518,9.48536449,7.70527103,0.5933644900000008,False,(allowed),8,False,False,True,False,0.26699999999999946,0.019000000000000128,0.4319999999999986,0.019000000000000128,0.4319999999999986,0.7270000000000003,0.4319999999999986,0.7270000000000003,1395.0,,,0.014985729934732,0.010490010954312401,False,False,False,False,192
28d,AVAX/USDT:USDT,2026-04-07T11:00:00+00:00,15m_fast,supertrend_trend,trending,SHORT,60.36,8.616,0.20836836430842373,9.24110509,7.36578981,0.6251050899999999,False,ALLOW_15M_FAST,2,False,False,True,False,0.09399999999999942,0.062000000000001165,0.09399999999999942,0.07900000000000063,0.09399999999999942,1.0030000000000001,0.09399999999999942,1.0030000000000001,690.0,,,0.013783282423760142,0.009648297696632098,False,False,False,False,192
28d,AVAX/USDT:USDT,2026-04-09T09:00:00+00:00,1h_continuation,supertrend_trend,trending,LONG,61.7,9.152,0.21636204198189085,8.50291387,10.45017225,0.6490861299999988,False,(allowed),6,,,,True,0.0010000000000012221,0.10899999999999999,0.23600000000000065,0.10899999999999999,0.548,0.10899999999999999,0.548,0.10899999999999999,,,,0.014099823701363047,0.009869876590954133,False,False,False,False,192
28d,AVAX/USDT:USDT,2026-04-09T15:00:00+00:00,15m_fast,supertrend_trend,trending,LONG,55.69,9.153,0.20933618184032723,8.52499145,10.40901709,0.6280085500000006,False,ALLOW_15M_FAST,1,,,,True,0.23499999999999943,0.022999999999999687,0.5469999999999988,0.022999999999999687,0.5469999999999988,0.022999999999999687,0.5469999999999988,0.022999999999999687,,,,0.014574642335681566,0.010202249634977095,False,False,False,False,192
28d,AVAX/USDT:USDT,2026-04-10T05:30:00+00:00,15m_fast,supertrend_trend,trending,LONG,51.35,9.403,0.22098796567944573,8.7400361,10.72892779,0.6629639000000012,False,ALLOW_15M_FAST,1,,,,True,0.006000000000000227,0.16300000000000026,0.006000000000000227,0.16300000000000026,0.15700000000000003,0.16300000000000026,0.20699999999999896,0.3830000000000009,,,,0.01418327604263216,0.009928293229842513,False,False,False,False,192
28d,AVAX/USDT:USDT,2026-04-10T19:00:00+00:00,15m_fast,supertrend_trend,trending,LONG,47.12,9.511,0.20879247835194686,8.88462256,10.76375487,0.6263774399999988,False,ALLOW_15M_FAST,1,,,,True,0.04100000000000037,0.12099999999999866,0.04100000000000037,0.20599999999999952,0.04100000000000037,0.32699999999999996,0.0990000000000002,0.5869999999999997,,,,0.015184135622764473,0.010628894935935131,False,False,False,False,192
28d,AVAX/USDT:USDT,2026-04-10T19:00:00+00:00,1h_continuation,supertrend_trend,trending,LONG,65.2,9.511,0.20879247835194686,8.88462256,10.76375487,0.6263774399999988,False,(allowed),8,,,,True,0.04100000000000037,0.12099999999999866,0.04100000000000037,0.20599999999999952,0.04100000000000037,0.32699999999999996,0.0990000000000002,0.5869999999999997,,,,0.015184135622764473,0.010628894935935131,False,False,False,False,192
28d,AVAX/USDT:USDT,2026-04-11T17:00:00+00:00,1h_continuation,supertrend_trend,trending,LONG,67.32,9.442,0.18148454720735555,8.89754636,10.53090728,0.5444536400000004,False,(allowed),8,,,,True,0.16799999999999926,0.08500000000000085,0.16799999999999926,0.12199999999999989,0.16799999999999926,0.5180000000000007,0.16799999999999926,0.5180000000000007,,,,0.017342156074114948,0.012139509251880462,False,False,False,False,192
28d,AVAX/USDT:USDT,2026-04-11T17:00:00+00:00,aligned_trend,supertrend_trend,trending,LONG,45.49,9.442,0.18148454720735555,8.89754636,10.53090728,0.5444536400000004,False,ALLOW_ALIGNED_TREND,8,,,,True,0.16799999999999926,0.08500000000000085,0.16799999999999926,0.12199999999999989,0.16799999999999926,0.5180000000000007,0.16799999999999926,0.5180000000000007,,,,0.017342156074114948,0.012139509251880462,False,False,False,False,192
28d,AVAX/USDT:USDT,2026-04-12T04:00:00+00:00,4h_flip,supertrend_trend,trending,SHORT,72.21,9.078,0.20740326173999998,9.70020979,7.83358043,0.6222097900000012,False,(allowed),8,,,,True,0.08899999999999864,0.011000000000001009,0.1039999999999992,0.011000000000001009,0.15399999999999991,0.08999999999999986,0.15399999999999991,0.6379999999999999,,,,0.014589934369242216,0.01021295405846955,False,False,False,False,192
28d,AVAX/USDT:USDT,2026-04-13T11:00:00+00:00,1h_continuation,supertrend_trend,trending,SHORT,60.37,8.986,0.1845872095395654,9.53976163,7.87847674,0.5537616299999986,False,(allowed),2,False,False,True,False,0.025000000000000355,0.3330000000000002,0.025000000000000355,0.4009999999999998,0.025000000000000355,0.7299999999999986,0.025000000000000355,0.7299999999999986,690.0,,,0.016227198695583197,0.011359039086908235,False,False,False,False,192
28d,AVAX/USDT:USDT,2026-04-13T20:00:00+00:00,4h_flip,supertrend_trend,trending,LONG,65.82,9.404,0.1941006192997176,8.82169814,10.56860372,0.5823018599999994,False,(allowed),8,,,,True,0.3119999999999994,0.1609999999999996,0.3119999999999994,0.1609999999999996,0.3119999999999994,0.1980000000000004,0.3119999999999994,0.1980000000000004,,,,0.016149699401612785,0.011304789581128946,False,False,False,False,192
28d,AVAX/USDT:USDT,2026-04-14T14:00:00+00:00,15m_fast,supertrend_trend,trending,LONG,53.55,9.491,0.20060726748800597,8.8891782,10.6946436,0.6018217999999997,False,ALLOW_15M_FAST,1,,,,True,0.040000000000000924,0.21899999999999942,0.040000000000000924,0.28500000000000014,0.040000000000000924,0.28500000000000014,0.12700000000000067,0.28500000000000014,,,,0.015770448993373126,0.01103931429536119,False,False,False,False,192
28d,AVAX/USDT:USDT,2026-04-14T16:30:00+00:00,15m_fast,supertrend_trend,trending,LONG,53.64,9.451,0.20477817695314843,8.83666547,10.67966906,0.6143345300000007,False,ALLOW_15M_FAST,1,,,,True,0.02099999999999902,0.245000000000001,0.02099999999999902,0.245000000000001,0.02099999999999902,0.245000000000001,0.19599999999999973,0.245000000000001,,,,0.015384126300046963,0.010768888410032873,False,False,False,False,192
28d,AVAX/USDT:USDT,2026-04-15T19:00:00+00:00,1h_continuation,supertrend_trend,trending,LONG,65.58,9.47,0.19259704336642397,8.89220887,10.62558226,0.5777911300000014,False,(allowed),8,,,,True,0.09699999999999953,0.04600000000000115,0.09699999999999953,0.13400000000000034,0.3780000000000001,0.21300000000000097,0.5359999999999996,0.21300000000000097,,,,0.016390005848653265,0.011473004094057285,False,False,False,False,192
28d,AVAX/USDT:USDT,2026-04-16T03:00:00+00:00,15m_fast,supertrend_trend,trending,LONG,54.13,9.44,0.1929535731067635,8.86113928,10.59772144,0.5788607199999998,False,ALLOW_15M_FAST,1,,,,True,0.12300000000000111,0.02999999999999936,0.17800000000000082,0.10200000000000031,0.4429999999999996,0.18299999999999983,0.5660000000000007,0.18299999999999983,,,,0.01630789527401342,0.01141552669180939,False,False,False,False,192
28d,AVAX/USDT:USDT,2026-04-16T04:00:00+00:00,aligned_trend,supertrend_trend,trending,LONG,45.22,9.48,0.1916711750277089,8.90498647,10.63002705,0.5750135299999997,False,ALLOW_ALIGNED_TREND,4,,,,True,0.1379999999999999,0.025000000000000355,0.1379999999999999,0.14200000000000124,0.4029999999999987,0.22300000000000075,0.5259999999999998,0.22300000000000075,,,,0.01648656858561225,0.011540598009928574,False,False,False,False,192
28d,AVAX/USDT:USDT,2026-04-16T12:30:00+00:00,15m_fast,supertrend_trend,trending,LONG,54.32,9.511,0.18865014581470824,8.94504956,10.64290087,0.5659504399999999,False,ALLOW_15M_FAST,1,,,,True,0.136000000000001,0.25399999999999956,0.3719999999999999,0.25399999999999956,0.3719999999999999,0.25399999999999956,0.495000000000001,0.25399999999999956,,,,0.016805358433858626,0.011763750903701038,False,False,False,False,192
28d,AVAX/USDT:USDT,2026-04-16T13:00:00+00:00,aligned_trend,supertrend_trend,trending,LONG,45.36,9.504,0.18865014581470824,8.93804956,10.63590087,0.5659504399999999,False,ALLOW_ALIGNED_TREND,2,,,,True,0.14300000000000068,0.2469999999999999,0.37899999999999956,0.2469999999999999,0.37899999999999956,0.2469999999999999,0.5020000000000007,0.2469999999999999,,,,0.01679298985967747,0.011755092901774226,False,False,False,False,192
28d,AVAX/USDT:USDT,2026-04-16T15:30:00+00:00,15m_fast,supertrend_trend,trending,LONG,54.32,9.466,0.18865014581470824,8.90004956,10.59790087,0.5659504399999999,False,ALLOW_15M_FAST,1,,,,True,0.38200000000000145,0.06199999999999939,0.4169999999999998,0.06199999999999939,0.5400000000000009,0.06199999999999939,0.5400000000000009,0.1399999999999988,,,,0.016725846171265456,0.011708092319885819,False,False,False,False,192
28d,AVAX/USDT:USDT,2026-04-16T16:00:00+00:00,aligned_trend,supertrend_trend,trending,LONG,45.43,9.582,0.20060370682794335,8.98018888,10.78562224,0.6018111200000007,False,ALLOW_ALIGNED_TREND,2,,,,True,0.2839999999999989,0.17800000000000082,0.3009999999999984,0.17800000000000082,0.4239999999999995,0.17800000000000082,0.4239999999999995,0.2560000000000002,,,,0.01592193909610708,0.011145357367274957,False,False,False,False,192
28d,AVAX/USDT:USDT,2026-04-16T19:00:00+00:00,15m_fast,supertrend_trend,trending,LONG,54.39,9.774,0.20060370682794335,9.17218888,10.97762224,0.6018111199999989,False,ALLOW_15M_FAST,1,,,,True,0.10899999999999999,0.13399999999999856,0.10899999999999999,0.22399999999999842,0.2320000000000011,0.3329999999999984,0.2320000000000011,0.48299999999999876,,,,0.01624097607235974,0.011368683250651818,False,False,False,False,192
28d,AVAX/USDT:USDT,2026-04-16T19:00:00+00:00,aligned_trend,supertrend_trend,trending,LONG,45.43,9.774,0.20060370682794335,9.17218888,10.97762224,0.6018111199999989,False,ALLOW_ALIGNED_TREND,2,,,,True,0.10899999999999999,0.13399999999999856,0.10899999999999999,0.22399999999999842,0.2320000000000011,0.3329999999999984,0.2320000000000011,0.48299999999999876,,,,0.01624097607235974,0.011368683250651818,False,False,False,False,192
28d,AVAX/USDT:USDT,2026-04-17T13:00:00+00:00,15m_fast,supertrend_trend,trending,LONG,55.52,9.728,0.21778281393033302,9.07465156,11.03469688,0.6533484400000003,False,ALLOW_15M_FAST,1,,,,True,0.27800000000000047,0.019000000000000128,0.27800000000000047,0.019000000000000128,0.27800000000000047,0.38700000000000045,0.27800000000000047,0.6069999999999993,,,,0.014889451637781513,0.010422616146447058,False,False,False,False,192
28d,AVAX/USDT:USDT,2026-04-17T13:00:00+00:00,1h_continuation,supertrend_trend,trending,LONG,68.92,9.728,0.21778281393033302,9.07465156,11.03469688,0.6533484400000003,False,(allowed),8,,,,True,0.27800000000000047,0.019000000000000128,0.27800000000000047,0.019000000000000128,0.27800000000000047,0.38700000000000045,0.27800000000000047,0.6069999999999993,,,,0.014889451637781513,0.010422616146447058,False,False,False,False,192
28d,AVAX/USDT:USDT,2026-04-17T13:00:00+00:00,aligned_trend,supertrend_trend,trending,LONG,46.69,9.728,0.21778281393033302,9.07465156,11.03469688,0.6533484400000003,False,ALLOW_ALIGNED_TREND,8,,,,True,0.27800000000000047,0.019000000000000128,0.27800000000000047,0.019000000000000128,0.27800000000000047,0.38700000000000045,0.27800000000000047,0.6069999999999993,,,,0.014889451637781513,0.010422616146447058,False,False,False,False,192
28d,AVAX/USDT:USDT,2026-04-19T00:00:00+00:00,4h_flip,supertrend_trend,trending,SHORT,84.34,9.328,0.20184505555076296,9.93353517,8.11692967,0.6055351700000013,False,(allowed),8,,,,True,0.125,0.004000000000001336,0.20699999999999896,0.004000000000001336,0.3669999999999991,0.0259999999999998,0.3669999999999991,0.10400000000000098,,,,0.015404555279588433,0.010783188695711902,False,False,False,False,192
28d,AVAX/USDT:USDT,2026-04-19T18:00:00+00:00,1h_continuation,supertrend_trend,trending,SHORT,62.48,9.144,0.18921359932281714,9.7116408,8.0087184,0.5676407999999995,False,(allowed),6,,,,True,0.04299999999999926,0.08300000000000018,0.18299999999999983,0.08300000000000018,0.18299999999999983,0.17900000000000027,0.18299999999999983,0.3879999999999999,,,,0.01610877865016047,0.011276145055112327,False,False,False,False,192
28d,AVAX/USDT:USDT,2026-04-21T20:00:00+00:00,adaptive_trend_route,adaptive_trend,ranging,SHORT,77.93,9.201,0.1845255595698674,9.662313898924669,8.278372202150663,0.46131389892466856,False,ALLOW_ADAPTIVE_TREND_ROUTE,8,False,False,True,False,0.009999999999999787,0.19699999999999918,0.009999999999999787,0.40499999999999936,0.009999999999999787,0.47199999999999953,0.05900000000000105,0.47199999999999953,570.0,,,0.019945204385663873,0.013961643069964712,False,False,False,False,192
28d,AVAX/USDT:USDT,2026-04-22T04:00:00+00:00,adaptive_trend_route,adaptive_trend,ranging,LONG,81.83,9.557,0.19026438554748762,9.081339036131281,10.508321927737438,0.4756609638687195,False,ALLOW_ADAPTIVE_TREND_ROUTE,40,,,,True,0.11599999999999966,0.028999999999999915,0.11599999999999966,0.028999999999999915,0.11599999999999966,0.34999999999999964,0.11599999999999966,0.4150000000000009,,,,0.020092041865848162,0.014064429306093711,False,False,False,False,192
28d,AVAX/USDT:USDT,2026-04-23T12:00:00+00:00,adaptive_trend_route,adaptive_trend,ranging,SHORT,73.49,9.268,0.16091484507002204,9.670287112675055,8.46342577464989,0.40228711267505446,False,ALLOW_ADAPTIVE_TREND_ROUTE,8,,,,True,0.02800000000000047,0.17799999999999905,0.12600000000000122,0.17799999999999905,0.12600000000000122,0.19699999999999918,0.12600000000000122,0.22999999999999865,,,,0.023038272189162032,0.016126790532413424,False,False,False,False,192
28d,AVAX/USDT:USDT,2026-04-23T20:00:00+00:00,adaptive_trend_route,adaptive_trend,ranging,SHORT,69.11,9.266,0.17126841233078435,9.694171030826961,8.409657938346077,0.4281710308269613,False,ALLOW_ADAPTIVE_TREND_ROUTE,8,,,,True,0.0039999999999995595,0.13400000000000034,0.0039999999999995595,0.17099999999999937,0.0039999999999995595,0.21000000000000085,0.0039999999999995595,0.23199999999999932,,,,0.021640884910181395,0.015148619437126977,False,False,False,False,192
28d,AVAX/USDT:USDT,2026-04-24T12:00:00+00:00,adaptive_trend_route,adaptive_trend,ranging,LONG,70.19,9.436,0.1625276740050899,9.029680814987275,10.24863837002545,0.406319185012725,False,ALLOW_ADAPTIVE_TREND_ROUTE,56,,,,True,0.02800000000000047,0.09800000000000075,0.040000000000000924,0.09800000000000075,0.06199999999999939,0.09800000000000075,0.08799999999999919,0.15799999999999947,,,,0.023223121988946906,0.016256185392262833,False,False,False,False,192
28d,AVAX/USDT:USDT,2026-04-25T20:00:00+00:00,adaptive_trend_route,adaptive_trend,ranging,SHORT,63.93,9.3,0.13545428313883975,9.6386357078471,8.622728584305802,0.33863570784710006,False,ALLOW_ADAPTIVE_TREND_ROUTE,8,,,,True,0.019000000000000128,0.0649999999999995,0.019000000000000128,0.0649999999999995,0.019000000000000128,0.24099999999999966,0.09700000000000131,0.2599999999999998,,,,0.027463140432311153,0.019224198302617807,False,False,False,True,144
28d,AVAX/USDT:USDT,2026-04-26T12:00:00+00:00,adaptive_trend_route,adaptive_trend,ranging,LONG,62.73,9.478,0.12525853240130155,9.164853668996745,10.104292662006507,0.31314633100325473,False,ALLOW_ADAPTIVE_TREND_ROUTE,40,,,,True,0.019999999999999574,0.07499999999999929,0.06300000000000061,0.08399999999999963,0.08200000000000074,0.27500000000000036,0.08200000000000074,0.27500000000000036,,,,0.030266999998481505,0.021186899998937053,False,False,True,True,80
28d,DOGE/USDT:USDT,2026-03-31T00:00:00+00:00,adaptive_trend_route,adaptive_trend,ranging,SHORT,77.82,0.09078,0.001749670012756163,0.0951541750318904,0.08203164993621918,0.004374175031890401,False,ALLOW_ADAPTIVE_TREND_ROUTE,56,,,,True,0.00032999999999999696,0.0019699999999999995,0.00032999999999999696,0.0019699999999999995,0.0014900000000000052,0.002030000000000004,0.0014900000000000052,0.003720000000000001,,,,0.020753627675655063,0.014527539372958547,False,False,False,False,192
28d,DOGE/USDT:USDT,2026-04-01T16:00:00+00:00,adaptive_trend_route,adaptive_trend,ranging,LONG,63.05,0.09302,0.0017324000982503918,0.08868899975437403,0.10168200049125196,0.004331000245625979,False,ALLOW_ADAPTIVE_TREND_ROUTE,8,,,,True,0.0012399999999999911,0.00068,0.0012399999999999911,0.0010000000000000009,0.0012399999999999911,0.0041100000000000025,0.0012399999999999911,0.0041100000000000025,,,,0.02147771755357068,0.015034402287499473,False,False,False,False,192
28d,DOGE/USDT:USDT,2026-04-02T08:00:00+00:00,adaptive_trend_route,adaptive_trend,ranging,SHORT,83.38,0.0902,0.001780292565757221,0.09465073141439305,0.0812985371712139,0.004450731414393047,False,ALLOW_ADAPTIVE_TREND_ROUTE,48,,,,True,0.0007599999999999968,0.00032000000000000084,0.0012899999999999995,0.0009499999999999925,0.0012899999999999995,0.0012899999999999995,0.0012899999999999995,0.002360000000000001,,,,0.02026633189059797,0.014186432323418575,False,False,False,False,192
28d,DOGE/USDT:USDT,2026-04-04T04:00:00+00:00,adaptive_trend_route,adaptive_trend,ranging,SHORT,60.92,0.09118,0.0014186373053746862,0.09472659326343671,0.08408681347312656,0.0035465932634367175,False,ALLOW_ADAPTIVE_TREND_ROUTE,24,,,,True,0.0002299999999999941,0.00028000000000000247,0.0005000000000000004,0.00028000000000000247,0.0005000000000000004,0.001920000000000005,0.001559999999999992,0.0024200000000000055,,,,0.025709178703972616,0.017996425092780828,False,False,False,False,192
28d,DOGE/USDT:USDT,2026-04-05T08:00:00+00:00,adaptive_trend_route,adaptive_trend,ranging,SHORT,73.39,0.09003,0.0012589764877101294,0.09317744121927532,0.08373511756144936,0.003147441219275321,False,ALLOW_ADAPTIVE_TREND_ROUTE,32,False,False,True,False,7.999999999999674e-05,0.0005499999999999949,0.0004099999999999937,0.0013999999999999985,0.0004099999999999937,0.0035700000000000037,0.0004099999999999937,0.0035700000000000037,975.0,,,0.028604187887178036,0.020022931521024627,False,False,False,False,192
28d,DOGE/USDT:USDT,2026-04-06T08:00:00+00:00,adaptive_trend_route,adaptive_trend,ranging,LONG,67.27,0.09205,0.001336749841114731,0.08870812539721318,0.09873374920557366,0.003341874602786829,False,ALLOW_ADAPTIVE_TREND_ROUTE,16,,,,True,0.0014199999999999907,0.00015000000000001124,0.0014199999999999907,0.00015000000000001124,0.0014199999999999907,0.0022100000000000036,0.003969999999999987,0.0022100000000000036,,,,0.02754442070424738,0.01928109449297316,False,False,False,False,192
28d,DOGE/USDT:USDT,2026-04-07T04:00:00+00:00,adaptive_trend_route,adaptive_trend,ranging,SHORT,67.17,0.09045,0.0013377550811362296,0.09379438770284057,0.08376122459431885,0.0033443877028405677,False,ALLOW_ADAPTIVE_TREND_ROUTE,32,False,False,True,False,0.00027000000000000635,0.00032000000000000084,0.00027000000000000635,0.0009899999999999909,0.00045000000000000595,0.005569999999999992,0.00045000000000000595,0.005569999999999992,1110.0,,,0.02704530934711187,0.01893171654297831,False,False,False,False,192
28d,DOGE/USDT:USDT,2026-04-08T13:30:00+00:00,15m_fast,supertrend_trend,trending,LONG,53.57,0.09472,0.001483696327306733,0.09026891,0.10362218,0.004451090000000005,False,ALLOW_15M_FAST,1,,,,True,0.0002500000000000002,0.002140000000000003,0.0002500000000000002,0.002140000000000003,0.0002500000000000002,0.0038600000000000023,0.0002500000000000002,0.0038600000000000023,,,,0.021280180809644358,0.014896126566751048,False,False,False,False,192
28d,DOGE/USDT:USDT,2026-04-09T04:00:00+00:00,4h_flip,supertrend_trend,trending,SHORT,69.23,0.09148,0.0015409433778687952,0.09610283,0.08223434,0.0046228299999999944,False,(allowed),8,,,,True,0.0006200000000000094,0.0009799999999999948,0.0006200000000000094,0.0009799999999999948,0.0006200000000000094,0.003489999999999993,0.0006200000000000094,0.003789999999999988,,,,0.019788744124270223,0.013852120886989156,False,False,False,False,192
28d,DOGE/USDT:USDT,2026-04-10T01:00:00+00:00,1h_continuation,supertrend_trend,trending,SHORT,47.15,0.0924,0.0016536144716469297,0.09736084,0.08247831,0.004960840000000008,False,(allowed),2,,,,True,0.0005399999999999988,0.0004900000000000043,0.0005399999999999988,0.0007300000000000084,0.0005399999999999988,0.0028699999999999976,0.0005399999999999988,0.0028699999999999976,,,,0.01862587787552105,0.013038114512864735,False,False,False,False,192
28d,DOGE/USDT:USDT,2026-04-10T20:00:00+00:00,4h_flip,supertrend_trend,trending,LONG,85.61,0.095,0.0016007532352985438,0.09019774,0.10460452,0.004802260000000003,False,(allowed),8,,,,True,0.00018999999999999573,0.0014799999999999952,0.00018999999999999573,0.0017800000000000038,0.00018999999999999573,0.002820000000000003,0.00018999999999999573,0.0047699999999999965,,,,0.019782352475709343,0.01384764673299654,False,False,False,False,192
28d,DOGE/USDT:USDT,2026-04-11T04:00:00+00:00,15m_fast,supertrend_trend,trending,LONG,48.62,0.09361,0.0015502923304359887,0.08895912,0.10291175,0.004650879999999996,False,ALLOW_15M_FAST,1,,,,True,0.00018999999999999573,0.0010000000000000009,0.00018999999999999573,0.0010799999999999976,0.0012599999999999972,0.0031100000000000017,0.0012599999999999972,0.003379999999999994,,,,0.020127373744323673,0.01408916162102657,False,False,False,False,192
28d,DOGE/USDT:USDT,2026-04-11T19:00:00+00:00,1h_continuation,supertrend_trend,trending,LONG,67.56,0.09392,0.0014057151056734213,0.08970285,0.10235429,0.004217150000000003,False,(allowed),8,,,,True,0.0009499999999999925,0.0005500000000000088,0.0009499999999999925,0.0034200000000000064,0.0009499999999999925,0.003689999999999999,0.0009499999999999925,0.003689999999999999,,,,0.02227096498820292,0.015589675491742042,False,False,False,False,192
28d,DOGE/USDT:USDT,2026-04-11T19:00:00+00:00,aligned_trend,supertrend_trend,trending,LONG,45.67,0.09392,0.0014057151056734213,0.08970285,0.10235429,0.004217150000000003,False,ALLOW_ALIGNED_TREND,6,,,,True,0.0009499999999999925,0.0005500000000000088,0.0009499999999999925,0.0034200000000000064,0.0009499999999999925,0.003689999999999999,0.0009499999999999925,0.003689999999999999,,,,0.02227096498820292,0.015589675491742042,False,False,False,False,192
28d,DOGE/USDT:USDT,2026-04-12T16:00:00+00:00,4h_flip,supertrend_trend,trending,SHORT,83.66,0.09059,0.0014294128567152637,0.09487824,0.08201352,0.004288239999999999,False,(allowed),8,,,,True,0.00010000000000000286,0.0006599999999999939,0.00016000000000000736,0.0010999999999999899,0.00016000000000000736,0.00202999999999999,0.00016000000000000736,0.007449999999999998,,,,0.02112521687219,0.014787651810532997,False,False,False,False,192
28d,DOGE/USDT:USDT,2026-04-14T00:00:00+00:00,4h_flip,supertrend_trend,trending,LONG,80.65,0.09409,0.001393226471016064,0.08991032,0.10244936,0.004179679999999991,False,(allowed),8,,,,True,0.00017000000000000348,0.0010899999999999938,0.00017000000000000348,0.001459999999999989,0.003950000000000009,0.0017599999999999977,0.003950000000000009,0.0017599999999999977,,,,0.02251129273054401,0.015757904911380807,False,False,False,False,192
28d,DOGE/USDT:USDT,2026-04-14T14:00:00+00:00,15m_fast,supertrend_trend,trending,LONG,52.31,0.09704,0.0014383522437399021,0.09272494,0.10567011,0.0043150599999999956,False,ALLOW_15M_FAST,1,False,False,True,False,0.0010000000000000009,0.002909999999999996,0.0010000000000000009,0.004710000000000006,0.0010000000000000009,0.004710000000000006,0.0010000000000000009,0.004710000000000006,315.0,,,0.02248867918406699,0.015742075428846893,False,False,False,False,192
28d,DOGE/USDT:USDT,2026-04-15T17:00:00+00:00,1h_continuation,supertrend_trend,trending,LONG,71.87,0.09441,0.0015604052676998705,0.08972878,0.10377243,0.00468122,False,(allowed),8,,,,True,0.002350000000000005,7.999999999999674e-05,0.002350000000000005,7.999999999999674e-05,0.004140000000000005,8.999999999999286e-05,0.007750000000000007,8.999999999999286e-05,,,,0.02016781950004486,0.0141174736500314,False,False,False,False,192
28d,DOGE/USDT:USDT,2026-04-15T17:00:00+00:00,aligned_trend,supertrend_trend,trending,LONG,48.9,0.09441,0.0015604052676998705,0.08972878,0.10377243,0.00468122,False,ALLOW_ALIGNED_TREND,8,,,,True,0.002350000000000005,7.999999999999674e-05,0.002350000000000005,7.999999999999674e-05,0.004140000000000005,8.999999999999286e-05,0.007750000000000007,8.999999999999286e-05,,,,0.02016781950004486,0.0141174736500314,False,False,False,False,192
28d,DOGE/USDT:USDT,2026-04-16T00:00:00+00:00,1h_continuation,supertrend_trend,trending,LONG,45.19,0.09485,0.0016942269910269292,0.08976732,0.10501536,0.005082680000000006,False,(allowed),2,,,,True,0.002579999999999999,0.00038000000000000533,0.0031199999999999978,0.00038000000000000533,0.0049899999999999944,0.0005300000000000027,0.007309999999999997,0.0005300000000000027,,,,0.018661414844137324,0.013062990390896126,False,False,False,False,192
28d,DOGE/USDT:USDT,2026-04-16T02:30:00+00:00,15m_fast,supertrend_trend,trending,LONG,66.48,0.09584,0.0016942269910269292,0.09075732,0.10600536,0.005082679999999992,False,ALLOW_15M_FAST,2,,,,True,0.002130000000000007,0.00023999999999999022,0.002130000000000007,0.0004699999999999982,0.0040000000000000036,0.0015199999999999936,0.006320000000000006,0.0015199999999999936,,,,0.018856193976406175,0.013199335783484322,False,False,False,False,192
28d,DOGE/USDT:USDT,2026-04-16T12:30:00+00:00,15m_fast,supertrend_trend,trending,LONG,62.96,0.09673,0.0017576737242296515,0.09145698,0.10727604,0.005273020000000003,False,ALLOW_15M_FAST,1,,,,True,0.0018200000000000022,0.0024099999999999955,0.0031100000000000017,0.0024099999999999955,0.0031100000000000017,0.0024099999999999955,0.005430000000000004,0.0024099999999999955,,,,0.01834432640118944,0.012841028480832609,False,False,False,False,192
28d,DOGE/USDT:USDT,2026-04-16T16:00:00+00:00,15m_fast,supertrend_trend,trending,LONG,63.0,0.09725,0.001874268458213248,0.09162719,0.10849561,0.005622810000000006,False,ALLOW_15M_FAST,1,,,,True,0.002589999999999995,0.0009200000000000041,0.002589999999999995,0.0009200000000000041,0.004269999999999996,0.0009200000000000041,0.004909999999999998,0.0018600000000000005,,,,0.017295622651307782,0.012106935855915447,False,False,False,False,192
28d,DOGE/USDT:USDT,2026-04-16T16:00:00+00:00,aligned_trend,supertrend_trend,trending,LONG,55.0,0.09725,0.001874268458213248,0.09162719,0.10849561,0.005622810000000006,False,ALLOW_ALIGNED_TREND,8,,,,True,0.002589999999999995,0.0009200000000000041,0.002589999999999995,0.0009200000000000041,0.004269999999999996,0.0009200000000000041,0.004909999999999998,0.0018600000000000005,,,,0.017295622651307782,0.012106935855915447,False,False,False,False,192
28d,DOGE/USDT:USDT,2026-04-17T07:30:00+00:00,15m_fast,supertrend_trend,trending,LONG,63.0,0.09809,0.0020051376831977065,0.09207459,0.11012083,0.006015409999999999,False,ALLOW_15M_FAST,1,,,,True,0.0013999999999999985,0.0004499999999999921,0.0034300000000000025,0.0004499999999999921,0.004070000000000004,0.0004499999999999921,0.004070000000000004,0.004699999999999996,,,,0.01630645292673318,0.011414517048713223,False,False,False,False,192
28d,DOGE/USDT:USDT,2026-04-17T09:00:00+00:00,aligned_trend,supertrend_trend,trending,LONG,55.0,0.0985,0.0019926278486835846,0.09252212,0.11045577,0.005977880000000005,False,ALLOW_ALIGNED_TREND,4,,,,True,0.0016999999999999932,0.0008599999999999997,0.0036599999999999966,0.0008599999999999997,0.0036599999999999966,0.0018400000000000083,0.0036599999999999966,0.005110000000000003,,,,0.016477413397391706,0.011534189378174194,False,False,False,False,192
28d,DOGE/USDT:USDT,2026-04-17T12:30:00+00:00,15m_fast,supertrend_trend,trending,LONG,70.0,0.09902,0.001982440145206185,0.09307268,0.11091464,0.005947319999999992,False,ALLOW_15M_FAST,2,,,,True,0.002579999999999999,0.00010999999999999899,0.003140000000000004,0.00010999999999999899,0.003140000000000004,0.0035499999999999976,0.003140000000000004,0.005639999999999992,,,,0.016649516084555754,0.011654661259189028,False,False,False,False,192
28d,DOGE/USDT:USDT,2026-04-17T13:00:00+00:00,aligned_trend,supertrend_trend,trending,LONG,55.0,0.10006,0.001982440145206185,0.09411268,0.11195464,0.005947319999999992,False,ALLOW_ALIGNED_TREND,6,,,,True,0.0021000000000000046,0.00019999999999999185,0.0021000000000000046,0.0007199999999999984,0.0021000000000000046,0.004589999999999997,0.0021000000000000046,0.0066799999999999915,,,,0.016824384764902535,0.011777069335431772,False,False,False,False,192
28d,DOGE/USDT:USDT,2026-04-18T12:00:00+00:00,4h_flip,supertrend_trend,trending,SHORT,85.0,0.09595,0.0020697142393425734,0.10215914,0.08353171,0.006209140000000002,False,(allowed),8,,,,True,0.0005599999999999911,0.0004100000000000076,0.0019199999999999912,0.0004100000000000076,0.002569999999999989,0.0004100000000000076,0.003489999999999993,0.0011099999999999999,,,,0.015453025700821688,0.01081711799057518,False,False,False,False,192
28d,DOGE/USDT:USDT,2026-04-19T22:00:00+00:00,1h_continuation,supertrend_trend,trending,SHORT,68.56,0.09378,0.0018864389841449548,0.09943932,0.08246137,0.0056593199999999955,False,(allowed),8,,,,True,0.0013200000000000017,0.0004600000000000021,0.0013200000000000017,0.0008500000000000035,0.0013200000000000017,0.0022699999999999942,0.0013200000000000017,0.0022699999999999942,,,,0.016570895443268816,0.011599626810288172,False,False,False,False,192
28d,DOGE/USDT:USDT,2026-04-20T05:30:00+00:00,15m_fast,supertrend_trend,trending,SHORT,59.44,0.09364,0.0018620825934719254,0.09922625,0.0824675,0.005586250000000001,False,ALLOW_15M_FAST,2,,,,True,7.000000000000062e-05,0.0017699999999999938,7.000000000000062e-05,0.0017699999999999938,7.000000000000062e-05,0.0024099999999999955,0.00014000000000000123,0.0037599999999999995,,,,0.01676258670843589,0.011733810695905122,False,False,False,False,192
28d,DOGE/USDT:USDT,2026-04-21T20:00:00+00:00,adaptive_trend_route,adaptive_trend,ranging,SHORT,74.19,0.0938,0.001546592980890431,0.09766648245222607,0.08606703509554783,0.0038664824522260804,False,ALLOW_ADAPTIVE_TREND_ROUTE,8,False,False,True,False,7.000000000000062e-05,0.0014200000000000046,7.000000000000062e-05,0.0031000000000000055,7.000000000000062e-05,0.0047800000000000065,7.000000000000062e-05,0.0047800000000000065,570.0,,,0.02425977646581476,0.01698184352607033,False,False,False,False,192
28d,DOGE/USDT:USDT,2026-04-23T16:00:00+00:00,adaptive_trend_route,adaptive_trend,ranging,LONG,67.93,0.09733,0.001533827667416861,0.09349543083145785,0.10499913833708431,0.0038345691685421485,False,ALLOW_ADAPTIVE_TREND_ROUTE,80,,,,True,7.999999999999674e-05,0.0022800000000000042,0.0003500000000000031,0.0022800000000000042,0.0017500000000000016,0.0022800000000000042,0.0021800000000000014,0.0022800000000000042,,,,0.02538225175294036,0.01776757622705825,False,False,False,False,192
28d,DOGE/USDT:USDT,2026-04-25T14:00:00+00:00,15m_fast,supertrend_trend,ranging,LONG,50.52,0.09823,0.00141861673383848,0.09468346,0.10532308,0.003546540000000001,False,ALLOW_15M_FAST,1,,,,True,0.0005099999999999966,0.0007199999999999984,0.0005099999999999966,0.000899999999999998,0.0009300000000000003,0.000899999999999998,0.002610000000000001,0.000899999999999998,,,,0.02769741776492017,0.01938819243544412,False,False,False,True,168
28d,DOGE/USDT:USDT,2026-04-25T23:00:00+00:00,15m_fast,supertrend_trend,trending,LONG,50.8,0.09799,0.0013662052449933833,0.09389138,0.10618723,0.004098619999999997,False,ALLOW_15M_FAST,1,,,,True,0.00021000000000000185,0.0004899999999999904,0.00068,0.0005799999999999972,0.0019000000000000128,0.0005799999999999972,0.0028500000000000053,0.0005799999999999972,,,,0.023908047098779604,0.016735632969145722,False,False,False,True,132
28d,DOGE/USDT:USDT,2026-04-26T05:30:00+00:00,15m_fast,supertrend_trend,trending,LONG,50.89,0.09841,0.0012860137061422535,0.09455196,0.10612608,0.003858039999999993,False,ALLOW_15M_FAST,1,,,,True,0.00017000000000000348,0.0002500000000000002,0.0007500000000000007,0.00032999999999999696,0.0024300000000000016,0.00032999999999999696,0.0024300000000000016,0.0008799999999999919,,,,0.02550777078516557,0.0178554395496159,False,False,False,True,106
28d,DOGE/USDT:USDT,2026-04-26T15:30:00+00:00,15m_fast,supertrend_trend,trending,LONG,57.47,0.09904,0.0012588587568267387,0.09526342,0.10659315,0.0037765800000000016,False,ALLOW_15M_FAST,2,,,,True,0.0006400000000000017,0.0006200000000000094,0.0008500000000000035,0.0006200000000000094,0.001799999999999996,0.0015099999999999975,0.001799999999999996,0.0015099999999999975,,,,0.026224785387837662,0.018357349771486363,False,False,True,True,66
28d,DOGE/USDT:USDT,2026-04-27T01:00:00+00:00,15m_fast,supertrend_trend,trending,LONG,59.37,0.0999,0.001246349376366016,0.09616095,0.1073781,0.0037390500000000076,False,ALLOW_15M_FAST,2,,,,True,0.0009399999999999964,0.0005600000000000049,0.0009399999999999964,0.002369999999999997,0.0009399999999999964,0.002369999999999997,0.0009399999999999964,0.002369999999999997,,,,0.026718016608496757,0.01870261162594773,False,True,True,True,28
28d,ETH/USDT:USDT,2026-03-30T08:00:00+00:00,4h_flip,supertrend_trend,trending,LONG,76.76,2058.7,35.6978355922161,1951.60649322,2272.88701355,107.09350677999987,False,(allowed),8,,,,True,28.289999999999964,12.299999999999727,28.289999999999964,15.819999999999709,34.30000000000018,46.55999999999972,99.28999999999996,47.44999999999982,,,,0.019223387690806948,0.013456371383564862,False,False,False,False,192
28d,ETH/USDT:USDT,2026-03-30T16:00:00+00:00,15m_fast,supertrend_trend,trending,LONG,55.22,2073.4,36.46818477083938,1963.99544569,2292.20910863,109.4045543100001,False,ALLOW_15M_FAST,1,,,,True,0.599999999999909,61.25999999999999,0.599999999999909,61.25999999999999,19.59999999999991,62.15000000000009,84.58999999999969,62.15000000000009,,,,0.018951679050992504,0.013266175335694751,False,False,False,False,192
28d,ETH/USDT:USDT,2026-03-31T02:00:00+00:00,1h_continuation,supertrend_trend,trending,LONG,52.29,2072.2,38.163179725876816,1957.71046082,2301.17907836,114.48953917999984,False,(allowed),8,,,,True,10.300000000000182,18.460000000000036,10.300000000000182,60.94999999999982,52.3100000000004,60.94999999999982,95.0,60.94999999999982,,,,0.018099470177289283,0.012669629124102497,False,False,False,False,192
28d,ETH/USDT:USDT,2026-03-31T14:00:00+00:00,1h_continuation,supertrend_trend,trending,LONG,63.55,2074.36,40.75615738256244,1952.09152785,2318.8969443,122.2684721500002,False,(allowed),6,,,,True,50.15000000000009,38.06000000000017,50.15000000000009,38.06000000000017,83.62999999999965,38.06000000000017,92.83999999999969,58.81000000000017,,,,0.01696561643017142,0.011875931501119994,False,False,False,False,192
28d,ETH/USDT:USDT,2026-03-31T17:00:00+00:00,15m_fast,supertrend_trend,trending,LONG,51.13,2090.41,41.95928899809367,1964.53213301,2342.16573399,125.8778669899998,False,ALLOW_15M_FAST,1,,,,True,34.100000000000364,2.849999999999909,34.100000000000364,3.4099999999998545,67.57999999999993,9.2199999999998,76.78999999999996,74.8599999999999,,,,0.016606652543342426,0.011624656780339698,False,False,False,False,192
28d,ETH/USDT:USDT,2026-04-01T04:30:00+00:00,15m_fast,supertrend_trend,ranging,LONG,56.32,2109.21,42.06039283119964,2004.05901792,2319.51196416,105.15098207999995,False,ALLOW_15M_FAST,2,,,,True,48.779999999999745,3.9400000000000546,48.779999999999745,3.9400000000000546,57.98999999999978,65.21000000000004,57.98999999999978,93.66000000000008,,,,0.02005887114202406,0.014041209799416842,False,False,False,False,192
28d,ETH/USDT:USDT,2026-04-01T21:30:00+00:00,15m_fast,supertrend_trend,trending,LONG,47.71,2154.51,41.74997994720669,2029.26006016,2405.00987968,125.24993984000025,False,ALLOW_15M_FAST,1,False,False,True,False,9.959999999999582,50.690000000000055,9.959999999999582,117.2800000000002,9.959999999999582,138.96000000000026,9.959999999999582,138.96000000000026,825.0,,,0.017201684909008863,0.012041179436306204,False,False,False,False,192
28d,ETH/USDT:USDT,2026-04-02T01:00:00+00:00,15m_fast,supertrend_trend,trending,LONG,48.0,2154.58,41.28712423669192,2030.71862729,2402.30274542,123.86137270999984,False,ALLOW_15M_FAST,1,False,False,True,False,0.2600000000002183,114.29999999999995,0.2600000000002183,117.34999999999991,0.2600000000002183,139.02999999999997,0.2600000000002183,139.02999999999997,540.0,,,0.01739509221365227,0.012176564549556589,False,False,False,False,192
28d,ETH/USDT:USDT,2026-04-02T04:00:00+00:00,4h_flip,supertrend_trend,trending,SHORT,68.11,2054.73,46.51090107692822,2194.26270323,1775.66459354,139.53270323000015,False,(allowed),8,,,,True,17.5,2.6900000000000546,32.73000000000002,2.6900000000000546,39.180000000000064,21.269999999999982,39.180000000000064,29.289999999999964,,,,0.014725795117815965,0.010308056582471173,False,False,False,False,192
28d,ETH/USDT:USDT,2026-04-03T00:00:00+00:00,adaptive_trend_route,adaptive_trend,ranging,SHORT,75.12,2055.96,42.287916165057524,2161.679790412644,1844.5204191747125,105.71979041264376,False,ALLOW_ADAPTIVE_TREND_ROUTE,16,,,,True,17.610000000000127,5.920000000000073,17.610000000000127,18.639999999999873,17.610000000000127,28.059999999999945,17.610000000000127,28.059999999999945,,,,0.019447257622959815,0.01361308033607187,False,False,False,False,192
28d,ETH/USDT:USDT,2026-04-04T04:00:00+00:00,adaptive_trend_route,adaptive_trend,ranging,SHORT,66.79,2049.21,33.276509644795475,2132.4012741119886,1882.8274517760226,83.1912741119886,False,ALLOW_ADAPTIVE_TREND_ROUTE,32,,,,True,1.7000000000000455,8.289999999999964,2.759999999999991,8.289999999999964,6.210000000000036,34.15000000000009,28.600000000000136,98.51999999999998,,,,0.024632511304508203,0.017242757913155743,False,False,False,False,192
28d,ETH/USDT:USDT,2026-04-05T04:00:00+00:00,adaptive_trend_route,adaptive_trend,ranging,SHORT,67.16,2055.69,26.932847077440833,2123.022117693602,1921.025764612796,67.33211769360196,False,ALLOW_ADAPTIVE_TREND_ROUTE,40,False,False,True,False,29.37000000000012,1.5,29.37000000000012,1.5,35.080000000000155,92.03999999999996,35.080000000000155,118.7199999999998,1170.0,,,0.030530600706107545,0.02137142049427528,False,False,False,False,192
28d,ETH/USDT:USDT,2026-04-06T00:00:00+00:00,adaptive_trend_route,adaptive_trend,ranging,LONG,65.04,2109.35,30.99052422339698,2031.8736894415074,2264.302621116985,77.47631055849251,False,ALLOW_ADAPTIVE_TREND_ROUTE,24,,,,True,38.38000000000011,0.0,38.38000000000011,0.0,65.05999999999995,23.059999999999945,163.6500000000001,51.33999999999969,,,,0.027225741453027735,0.019058019017119412,False,False,False,False,192
28d,ETH/USDT:USDT,2026-04-07T12:00:00+00:00,4h_flip,supertrend_trend,trending,SHORT,67.39,2088.47,35.15400655950884,2193.93201968,1877.54596064,105.46201968000014,False,(allowed),8,False,False,True,False,30.45999999999958,4.140000000000327,30.45999999999958,28.5300000000002,30.45999999999958,184.5300000000002,30.45999999999958,184.5300000000002,645.0,,,0.019803053329880978,0.013862137330916683,False,False,False,False,192
28d,ETH/USDT:USDT,2026-04-08T00:00:00+00:00,4h_flip,supertrend_trend,trending,LONG,72.57,2239.14,44.65300743849889,2105.18097768,2507.05804463,133.9590223199998,False,(allowed),8,,,,True,11.570000000000164,12.859999999999673,20.579999999999927,12.859999999999673,30.51000000000022,61.36999999999989,30.51000000000022,83.13999999999987,,,,0.016715111540984283,0.011700578078688998,False,False,False,False,192
28d,ETH/USDT:USDT,2026-04-08T13:30:00+00:00,15m_fast,supertrend_trend,trending,LONG,45.85,2259.64,40.893049323025515,2136.96085203,2504.99829594,122.67914797000003,False,ALLOW_15M_FAST,1,,,,True,5.269999999999982,73.60999999999967,5.269999999999982,73.60999999999967,5.269999999999982,99.63999999999987,5.269999999999982,103.63999999999987,,,,0.018419104121529868,0.012893372885070906,False,False,False,False,192
28d,ETH/USDT:USDT,2026-04-09T16:00:00+00:00,1h_continuation,supertrend_trend,trending,LONG,65.19,2217.0,41.721051764750214,2091.83684471,2467.32631059,125.16315528999985,False,(allowed),8,,,,True,13.0,25.0,29.15000000000009,35.30000000000018,40.55000000000018,43.190000000000055,40.55000000000018,43.190000000000055,,,,0.017712880398894286,0.012399016279226,False,False,False,False,192
28d,ETH/USDT:USDT,2026-04-10T05:30:00+00:00,15m_fast,supertrend_trend,trending,LONG,59.37,2200.66,42.117904783949086,2074.30628565,2453.3674287,126.35371434999979,False,ALLOW_15M_FAST,2,,,,True,0.6600000000003092,25.409999999999854,27.190000000000055,25.409999999999854,56.89000000000033,25.409999999999854,129.32999999999993,25.409999999999854,,,,0.017416662512224783,0.012191663758557347,False,False,False,False,192
28d,ETH/USDT:USDT,2026-04-10T09:30:00+00:00,15m_fast,supertrend_trend,trending,LONG,59.45,2193.0,41.06805444223845,2069.79583667,2439.40832665,123.20416333000003,False,ALLOW_15M_FAST,2,,,,True,34.84999999999991,3.699999999999818,64.55000000000018,3.699999999999818,64.55000000000018,3.699999999999818,136.98999999999978,3.699999999999818,,,,0.017799723164598675,0.01245980621521907,False,False,False,False,192
28d,ETH/USDT:USDT,2026-04-11T02:30:00+00:00,15m_fast,supertrend_trend,trending,LONG,62.14,2247.99,40.22552121316046,2127.31343636,2489.34312728,120.67656363999959,False,ALLOW_15M_FAST,2,,,,True,3.3400000000001455,20.95999999999958,3.3400000000001455,20.95999999999958,82.0,42.4699999999998,82.0,74.98999999999978,,,,0.018628223510790114,0.01303975645755308,False,False,False,False,192
28d,ETH/USDT:USDT,2026-04-11T09:30:00+00:00,15m_fast,supertrend_trend,trending,LONG,63.19,2244.58,36.92455655624547,2133.80633033,2466.12733934,110.77366966999989,False,ALLOW_15M_FAST,2,,,,True,1.4200000000000728,12.38000000000011,32.42000000000007,12.38000000000011,85.40999999999985,39.059999999999945,85.40999999999985,71.57999999999993,,,,0.020262757446663202,0.014183930212664241,False,False,False,False,192
28d,ETH/USDT:USDT,2026-04-11T10:00:00+00:00,aligned_trend,supertrend_trend,trending,LONG,48.19,2242.5,36.92455655624547,2131.72633033,2464.04733934,110.77366966999989,False,ALLOW_ALIGNED_TREND,2,,,,True,3.5,10.300000000000182,34.5,10.300000000000182,87.48999999999978,36.98000000000002,87.48999999999978,69.5,,,,0.020243980421344857,0.014170786294941397,False,False,False,False,192
28d,ETH/USDT:USDT,2026-04-11T15:30:00+00:00,15m_fast,supertrend_trend,trending,LONG,63.65,2247.04,35.54351680222795,2140.40944959,2460.30110081,106.63055041000007,False,ALLOW_15M_FAST,2,,,,True,80.96000000000004,2.769999999999982,82.94999999999982,2.769999999999982,82.94999999999982,70.03999999999996,82.94999999999982,74.03999999999996,,,,0.02107313515085511,0.014751194605598575,False,False,False,False,192
28d,ETH/USDT:USDT,2026-04-11T16:00:00+00:00,aligned_trend,supertrend_trend,trending,LONG,49.21,2248.39,34.6939798877831,2144.30806034,2456.55387933,104.08193965999999,False,ALLOW_ALIGNED_TREND,8,,,,True,81.59999999999991,3.1700000000000728,81.59999999999991,3.1700000000000728,81.59999999999991,75.38999999999987,81.59999999999991,75.38999999999987,,,,0.02160211471216543,0.015121480298515797,False,False,False,False,192
28d,ETH/USDT:USDT,2026-04-12T04:00:00+00:00,4h_flip,supertrend_trend,trending,SHORT,79.83,2212.71,41.63679439266017,2337.62038318,1962.88923364,124.91038317999983,False,(allowed),8,,,,True,5.710000000000036,7.170000000000073,20.289999999999964,7.170000000000073,39.710000000000036,7.170000000000073,39.710000000000036,183.13999999999987,,,,0.017714380051267752,0.012400066035887426,False,False,False,False,192
28d,ETH/USDT:USDT,2026-04-12T22:30:00+00:00,15m_fast,supertrend_trend,trending,SHORT,46.82,2187.13,37.283256056038304,2298.97976817,1963.43046366,111.84976817000006,False,ALLOW_15M_FAST,1,False,False,True,False,4.480000000000018,20.769999999999982,6.110000000000127,20.769999999999982,12.650000000000091,149.8699999999999,12.650000000000091,229.26999999999998,1410.0,,,0.01955417553191339,0.01368792287233937,False,False,False,False,192
28d,ETH/USDT:USDT,2026-04-13T07:30:00+00:00,15m_fast,supertrend_trend,trending,SHORT,60.04,2183.45,36.027756497298334,2291.53326949,1967.28346102,108.08326949000002,False,ALLOW_15M_FAST,2,False,False,True,False,5.269999999999982,11.170000000000073,8.9699999999998,51.960000000000036,8.9699999999998,212.4000000000001,8.9699999999998,232.95000000000027,870.0,,,0.02020155395282537,0.014141087766977761,False,False,False,False,192
28d,ETH/USDT:USDT,2026-04-13T20:00:00+00:00,4h_flip,supertrend_trend,trending,LONG,84.92,2261.2,38.018034238841516,2147.14589728,2489.30820543,114.05410271999972,False,(allowed),8,True,,,False,134.6500000000001,14.809999999999945,134.6500000000001,14.809999999999945,155.20000000000027,14.809999999999945,155.20000000000027,14.809999999999945,,195.0,,0.01982567874433413,0.01387797512103389,False,False,False,False,192
28d,ETH/USDT:USDT,2026-04-14T14:00:00+00:00,15m_fast,supertrend_trend,trending,LONG,49.38,2390.33,42.67746345000921,2262.29760965,2646.3947807,128.0323903499998,False,ALLOW_15M_FAST,1,,,,True,26.070000000000164,67.7199999999998,26.070000000000164,88.73000000000002,26.070000000000164,88.73000000000002,26.070000000000164,102.32999999999993,,,,0.018669728757430826,0.013068810130201577,False,False,False,False,192
28d,ETH/USDT:USDT,2026-04-15T19:00:00+00:00,1h_continuation,supertrend_trend,trending,LONG,72.3,2357.12,41.570599622319584,2232.40820113,2606.54359773,124.71179886999971,False,(allowed),6,,,,True,27.550000000000182,9.940000000000055,27.550000000000182,13.849999999999909,27.550000000000182,74.42000000000007,106.74000000000024,74.42000000000007,,,,0.018900537249543447,0.013230376074680413,False,False,False,False,192
28d,ETH/USDT:USDT,2026-04-16T12:30:00+00:00,15m_fast,supertrend_trend,trending,LONG,58.35,2339.64,38.504607298242355,2224.12617811,2570.66764379,115.51382188999969,False,ALLOW_15M_FAST,1,,,,True,12.360000000000127,56.940000000000055,24.0300000000002,56.940000000000055,37.320000000000164,56.940000000000055,124.22000000000025,56.940000000000055,,,,0.020254199555685793,0.014177939688980058,False,False,False,False,192
28d,ETH/USDT:USDT,2026-04-16T20:00:00+00:00,1h_continuation,supertrend_trend,trending,LONG,69.8,2358.39,41.586829762259995,2233.62951071,2607.91097857,124.7604892899999,False,(allowed),8,,,,True,5.2800000000002,24.940000000000055,5.2800000000002,36.039999999999964,105.47000000000025,44.309999999999945,105.47000000000025,44.309999999999945,,,,0.018903340419882717,0.013232338293917902,False,False,False,False,192
28d,ETH/USDT:USDT,2026-04-16T20:00:00+00:00,aligned_trend,supertrend_trend,trending,LONG,47.35,2358.39,41.586829762259995,2233.62951071,2607.91097857,124.7604892899999,False,ALLOW_ALIGNED_TREND,2,,,,True,5.2800000000002,24.940000000000055,5.2800000000002,36.039999999999964,105.47000000000025,44.309999999999945,105.47000000000025,44.309999999999945,,,,0.018903340419882717,0.013232338293917902,False,False,False,False,192
28d,ETH/USDT:USDT,2026-04-17T07:30:00+00:00,15m_fast,supertrend_trend,trending,LONG,54.19,2336.22,39.82670525419359,2216.73988424,2575.18023153,119.48011575999999,False,ALLOW_15M_FAST,1,True,,,False,40.74000000000024,7.379999999999654,120.10000000000036,7.379999999999654,127.64000000000033,7.379999999999654,127.64000000000033,44.929999999999836,,420.0,,0.01955321172179621,0.013687248205257345,False,False,False,False,192
28d,ETH/USDT:USDT,2026-04-17T13:00:00+00:00,15m_fast,supertrend_trend,trending,LONG,58.56,2370.72,39.33578157121797,2252.71265529,2606.73468943,118.00734470999987,False,ALLOW_15M_FAST,2,,,,True,93.14000000000033,5.379999999999654,93.14000000000033,5.379999999999654,93.14000000000033,29.199999999999818,93.14000000000033,79.42999999999984,,,,0.020089597014711125,0.014062717910297786,False,False,False,False,192
28d,ETH/USDT:USDT,2026-04-19T04:00:00+00:00,4h_flip,supertrend_trend,ranging,SHORT,66.4,2338.6,37.67585531824399,2432.7896383,2150.22072341,94.1896383000003,False,(allowed),8,,,,True,47.309999999999945,6.2800000000002,47.309999999999945,6.2800000000002,87.69000000000005,10.320000000000164,87.69000000000005,10.320000000000164,,,,0.024828633406058984,0.017380043384241286,False,False,False,False,192
28d,ETH/USDT:USDT,2026-04-19T16:00:00+00:00,15m_fast,supertrend_trend,trending,SHORT,50.01,2329.47,37.71237759992058,2442.6071328,2103.1957344,113.13713280000002,False,ALLOW_15M_FAST,1,,,,True,43.16999999999962,0.580000000000382,78.55999999999995,0.580000000000382,78.55999999999995,2.4100000000003092,78.55999999999995,17.370000000000346,,,,0.020589791718674342,0.014412854203072041,False,False,False,False,192
28d,ETH/USDT:USDT,2026-04-20T05:30:00+00:00,15m_fast,supertrend_trend,trending,SHORT,56.72,2265.01,38.55359460168567,2380.67078381,2033.68843239,115.66078380999988,False,ALLOW_15M_FAST,2,,,,True,2.950000000000273,66.86999999999989,2.950000000000273,66.86999999999989,2.950000000000273,81.82999999999993,2.950000000000273,131.40999999999985,,,,0.019583215030954775,0.013708250521668342,False,False,False,False,192
28d,ETH/USDT:USDT,2026-04-22T12:00:00+00:00,adaptive_trend_route,adaptive_trend,ranging,LONG,85.0,2397.59,40.12630286333019,2297.2742428416745,2598.221514316651,100.3157571583256,False,ALLOW_ADAPTIVE_TREND_ROUTE,16,,,,True,25.409999999999854,8.829999999999927,25.409999999999854,14.300000000000182,25.409999999999854,93.69000000000005,25.409999999999854,114.2800000000002,,,,0.023900432672964326,0.01673030287107503,False,False,False,False,192
28d,ETH/USDT:USDT,2026-04-23T00:00:00+00:00,adaptive_trend_route,adaptive_trend,ranging,LONG,71.39,2373.04,38.52336275172609,2276.731593120685,2565.6568137586305,96.30840687931504,False,ALLOW_ADAPTIVE_TREND_ROUTE,8,,,,True,8.809999999999945,43.039999999999964,8.809999999999945,43.039999999999964,8.809999999999945,89.73000000000002,8.809999999999945,89.73000000000002,,,,0.024640008872472353,0.017248006210730644,False,False,False,False,192
28d,ETH/USDT:USDT,2026-04-23T20:00:00+00:00,adaptive_trend_route,adaptive_trend,ranging,SHORT,69.46,2311.78,38.66877174721958,2408.451929368049,2118.4361412639023,96.67192936804895,False,ALLOW_ADAPTIVE_TREND_ROUTE,8,,,,True,0.36000000000012733,25.980000000000018,13.240000000000236,25.980000000000018,13.340000000000146,25.980000000000018,13.340000000000146,25.980000000000018,,,,0.02391366361582173,0.01673956453107521,False,False,False,False,192
28d,ETH/USDT:USDT,2026-04-24T22:30:00+00:00,15m_fast,supertrend_trend,ranging,SHORT,55.06,2311.85,34.13202306601966,2397.18005767,2141.18988467,85.33005767000031,False,ALLOW_15M_FAST,1,,,,True,6.650000000000091,8.150000000000091,6.650000000000091,8.150000000000091,12.86999999999989,10.36999999999989,12.86999999999989,68.13999999999987,,,,0.027093032199048683,0.01896512253933408,False,False,False,False,192
28d,ETH/USDT:USDT,2026-04-26T16:00:00+00:00,adaptive_trend_route,adaptive_trend,ranging,LONG,74.67,2347.0,24.466519936258546,2285.8337001593536,2469.332599681293,61.16629984064639,False,ALLOW_ADAPTIVE_TREND_ROUTE,24,,,,True,29.51000000000022,7.889999999999873,32.98999999999978,7.889999999999873,56.98999999999978,36.909999999999854,56.98999999999978,36.909999999999854,,,,0.03837080232275822,0.026859561625930752,False,False,True,True,64
28d,LINK/USDT:USDT,2026-03-30T08:00:00+00:00,4h_flip,supertrend_trend,trending,LONG,83.72,8.739,0.16079063592232107,8.25662809,9.70374382,0.48237191000000124,False,(allowed),8,,,,True,0.16699999999999982,0.016000000000000014,0.18799999999999883,0.016000000000000014,0.18799999999999883,0.17400000000000126,0.45399999999999885,0.24100000000000144,,,,0.018116726573070927,0.01268170860114965,False,False,False,False,192
28d,LINK/USDT:USDT,2026-03-31T02:00:00+00:00,1h_continuation,supertrend_trend,trending,LONG,57.96,8.788,0.16787584216413506,8.28437247,9.79525505,0.503627530000001,False,(allowed),6,,,,True,0.032999999999999474,0.09500000000000064,0.032999999999999474,0.2900000000000009,0.09999999999999964,0.2900000000000009,0.40499999999999936,0.2900000000000009,,,,0.017449403530422538,0.012214582471295775,False,False,False,False,192
28d,LINK/USDT:USDT,2026-03-31T14:00:00+00:00,1h_continuation,supertrend_trend,trending,LONG,54.3,8.742,0.17334301211173656,8.22197096,9.78205807,0.5200290400000007,False,(allowed),4,,,,True,0.14599999999999902,0.15700000000000003,0.14599999999999902,0.15700000000000003,0.45099999999999874,0.15700000000000003,0.45099999999999874,0.3260000000000005,,,,0.016810599654203905,0.011767419757942734,False,False,False,False,192
28d,LINK/USDT:USDT,2026-04-01T04:30:00+00:00,15m_fast,supertrend_trend,trending,LONG,57.85,8.822,0.17203000752091077,8.30590998,9.85418005,0.51609002,False,ALLOW_15M_FAST,2,,,,True,0.37100000000000044,0.008999999999998565,0.37100000000000044,0.008999999999998565,0.37100000000000044,0.3099999999999987,0.37100000000000044,0.4059999999999988,,,,0.01709391706508876,0.01196574194556213,False,False,False,False,192
28d,LINK/USDT:USDT,2026-04-01T17:00:00+00:00,15m_fast,supertrend_trend,trending,LONG,52.27,9.047,0.18302147468055444,8.49793558,10.14512885,0.5490644200000006,False,ALLOW_15M_FAST,1,False,False,True,False,0.08899999999999864,0.1070000000000011,0.08899999999999864,0.12600000000000122,0.08899999999999864,0.6310000000000002,0.08899999999999864,0.6310000000000002,720.0,,,0.016477119387921717,0.011533983571545201,False,False,False,False,192
28d,LINK/USDT:USDT,2026-04-02T04:00:00+00:00,4h_flip,supertrend_trend,trending,SHORT,68.38,8.56,0.2007482433940154,9.16224473,7.35551054,0.6022447299999989,False,(allowed),8,,,,True,0.06500000000000128,0.004999999999999005,0.11400000000000077,0.004999999999999005,0.14400000000000013,0.11299999999999955,0.14400000000000013,0.2469999999999999,,,,0.014213490917554424,0.009949443642288096,False,False,False,False,192
28d,LINK/USDT:USDT,2026-04-04T04:00:00+00:00,adaptive_trend_route,adaptive_trend,ranging,SHORT,68.02,8.64,0.14208736793573282,8.995218419839333,7.929563160321337,0.355218419839332,False,ALLOW_ADAPTIVE_TREND_ROUTE,32,,,,True,0.0129999999999999,0.03599999999999959,0.018000000000000682,0.03599999999999959,0.03500000000000014,0.1379999999999999,0.16900000000000048,0.38599999999999923,,,,0.024323062987296487,0.01702614409110754,False,False,False,False,192
28d,LINK/USDT:USDT,2026-04-05T04:00:00+00:00,adaptive_trend_route,adaptive_trend,ranging,SHORT,69.74,8.646,0.11697488893585317,8.938437222339633,8.061125555320736,0.29243722233963254,False,ALLOW_ADAPTIVE_TREND_ROUTE,40,False,False,True,False,0.15100000000000158,0.009999999999999787,0.15100000000000158,0.009999999999999787,0.1750000000000007,0.379999999999999,0.1750000000000007,0.5069999999999997,1230.0,,,0.029565319800359258,0.02069572386025148,False,False,False,False,192
28d,LINK/USDT:USDT,2026-04-06T04:00:00+00:00,adaptive_trend_route,adaptive_trend,ranging,LONG,68.67,8.927,0.13777011487687657,8.582574712807808,9.615850574384382,0.3444252871921911,False,ALLOW_ADAPTIVE_TREND_ROUTE,16,,,,True,0.07099999999999973,0.02800000000000047,0.22600000000000087,0.02800000000000047,0.22600000000000087,0.20899999999999963,0.4900000000000002,0.3609999999999989,,,,0.025918538307028213,0.01814297681491975,False,False,False,False,192
28d,LINK/USDT:USDT,2026-04-07T08:00:00+00:00,4h_flip,supertrend_trend,trending,SHORT,67.33,8.76,0.14475263171636582,9.1942579,7.89148421,0.4342579000000004,False,(allowed),8,False,False,True,False,0.09399999999999942,0.1349999999999998,0.19399999999999906,0.1349999999999998,0.19399999999999906,0.657,0.19399999999999906,0.657,885.0,,,0.020172344590622282,0.014120641213435595,False,False,False,False,192
28d,LINK/USDT:USDT,2026-04-08T00:00:00+00:00,4h_flip,supertrend_trend,trending,LONG,72.65,9.285,0.19152563813127665,8.71042309,10.43415383,0.5745769099999993,False,(allowed),8,,,,True,0.0519999999999996,0.11400000000000077,0.0519999999999996,0.11400000000000077,0.0519999999999996,0.45500000000000007,0.0519999999999996,0.6020000000000003,,,,0.01615971654691103,0.011311801582837722,False,False,False,False,192
28d,LINK/USDT:USDT,2026-04-09T04:00:00+00:00,4h_flip,supertrend_trend,trending,SHORT,69.8,8.755,0.18733113856281908,9.31699342,7.63101317,0.5619934199999985,False,(allowed),8,,,,True,0.0129999999999999,0.041999999999999815,0.02200000000000024,0.045999999999999375,0.07000000000000028,0.42799999999999905,0.07000000000000028,0.42799999999999905,,,,0.015578474210605568,0.010904931947423898,False,False,False,False,192
28d,LINK/USDT:USDT,2026-04-09T14:00:00+00:00,15m_fast,supertrend_trend,trending,SHORT,56.45,8.735,0.1700304204954919,9.24509126,7.71481748,0.5100912600000012,False,ALLOW_15M_FAST,2,,,,True,0.049999999999998934,0.28200000000000003,0.049999999999998934,0.33699999999999974,0.049999999999998934,0.4480000000000004,0.049999999999998934,0.4480000000000004,,,,0.01712438672248566,0.01198707070573996,False,False,False,False,192
28d,LINK/USDT:USDT,2026-04-10T08:00:00+00:00,1h_continuation,supertrend_trend,trending,SHORT,47.25,8.895,0.17433288569686875,9.41799866,7.84900269,0.5229986600000007,False,(allowed),2,,,,True,0.019999999999999574,0.12100000000000044,0.019999999999999574,0.2680000000000007,0.019999999999999574,0.27800000000000047,0.1559999999999988,0.391,,,,0.01700769175966911,0.011905384231768377,False,False,False,False,192
28d,LINK/USDT:USDT,2026-04-10T20:00:00+00:00,4h_flip,supertrend_trend,trending,LONG,84.19,9.153,0.17172899047959936,8.63781303,10.18337394,0.5151869700000002,False,(allowed),8,,,,True,0.019999999999999574,0.09100000000000108,0.019999999999999574,0.12900000000000134,0.13299999999999912,0.20899999999999963,0.13299999999999912,0.4740000000000002,,,,0.017766365480866096,0.012436455836606266,False,False,False,False,192
28d,LINK/USDT:USDT,2026-04-11T17:00:00+00:00,1h_continuation,supertrend_trend,trending,LONG,64.75,9.089,0.14714645508966107,8.64756063,9.97187873,0.4414393700000012,False,(allowed),8,,,,True,0.19699999999999918,0.034000000000000696,0.19699999999999918,0.05799999999999983,0.19699999999999918,0.41000000000000014,0.19699999999999918,0.4109999999999996,,,,0.020589463961947878,0.014412624773363514,False,False,False,False,192
28d,LINK/USDT:USDT,2026-04-12T04:00:00+00:00,4h_flip,supertrend_trend,trending,SHORT,69.87,8.788,0.1740396362361461,9.31011891,7.74376218,0.5221189099999997,False,(allowed),8,,,,True,0.03599999999999959,0.02099999999999902,0.045999999999999375,0.02200000000000024,0.10899999999999999,0.051000000000000156,0.10999999999999943,0.6470000000000002,,,,0.016831414897422518,0.011781990428195761,False,False,False,False,192
28d,LINK/USDT:USDT,2026-04-12T13:00:00+00:00,15m_fast,supertrend_trend,trending,SHORT,56.63,8.754,0.15870254348932994,9.23010763,7.80178474,0.47610762999999956,False,ALLOW_15M_FAST,2,,,,True,0.07499999999999929,0.030000000000001137,0.07499999999999929,0.08000000000000007,0.07599999999999874,0.08500000000000085,0.07599999999999874,0.6810000000000009,,,,0.018386598845307325,0.012870619191715128,False,False,False,False,192
28d,LINK/USDT:USDT,2026-04-14T07:30:00+00:00,15m_fast,supertrend_trend,trending,LONG,50.54,9.219,0.18119801204702174,8.67540596,10.30618807,0.5435940399999986,False,ALLOW_15M_FAST,1,,,,True,0.03300000000000125,0.05599999999999916,0.07399999999999984,0.15899999999999892,0.07399999999999984,0.2969999999999988,0.1509999999999998,0.2969999999999988,,,,0.016959347089235976,0.011871542962465183,False,False,False,False,192
28d,LINK/USDT:USDT,2026-04-14T14:00:00+00:00,15m_fast,supertrend_trend,trending,LONG,52.59,9.235,0.17051257161197284,8.72346229,10.25807543,0.5115377099999989,False,ALLOW_15M_FAST,1,,,,True,0.05799999999999983,0.21199999999999974,0.05799999999999983,0.31299999999999883,0.05799999999999983,0.31299999999999883,0.19700000000000095,0.31299999999999883,,,,0.018053409982227937,0.012637386987559555,False,False,False,False,192
28d,LINK/USDT:USDT,2026-04-15T13:00:00+00:00,1h_continuation,supertrend_trend,trending,LONG,63.47,9.159,0.16419851080728148,8.66640447,10.14419106,0.4925955300000009,False,(allowed),6,,,,True,0.08699999999999974,0.05900000000000105,0.21099999999999852,0.05900000000000105,0.21099999999999852,0.05900000000000105,0.5179999999999989,0.05900000000000105,,,,0.018593347771547954,0.013015343440083569,False,False,False,False,192
28d,LINK/USDT:USDT,2026-04-16T03:00:00+00:00,15m_fast,supertrend_trend,trending,LONG,53.34,9.277,0.16489727705670457,8.78230817,10.26638366,0.49469182999999894,False,ALLOW_15M_FAST,1,,,,True,0.08200000000000074,0.016000000000000014,0.08200000000000074,0.06999999999999851,0.40000000000000036,0.15499999999999936,0.588000000000001,0.15499999999999936,,,,0.01875308917068636,0.013127162419480453,False,False,False,False,192
28d,LINK/USDT:USDT,2026-04-16T12:30:00+00:00,15m_fast,supertrend_trend,trending,LONG,54.44,9.314,0.155767244057427,8.84669827,10.24860346,0.46730173000000086,False,ALLOW_15M_FAST,1,,,,True,0.1720000000000006,0.19200000000000017,0.36299999999999955,0.19200000000000017,0.36299999999999955,0.19200000000000017,0.5510000000000002,0.19200000000000017,,,,0.01993144771794443,0.0139520134025611,False,False,False,False,192
28d,LINK/USDT:USDT,2026-04-16T13:00:00+00:00,aligned_trend,supertrend_trend,trending,LONG,45.49,9.325,0.155767244057427,8.85769827,10.25960346,0.4673017299999991,False,ALLOW_ALIGNED_TREND,2,,,,True,0.16100000000000136,0.2029999999999994,0.3520000000000003,0.2029999999999994,0.3520000000000003,0.2029999999999994,0.5400000000000009,0.2029999999999994,,,,0.019954987112930266,0.013968490979051184,False,False,False,False,192
28d,LINK/USDT:USDT,2026-04-16T16:00:00+00:00,15m_fast,supertrend_trend,trending,LONG,46.04,9.453,0.16906958376761083,8.94579125,10.4674175,0.5072087500000002,False,ALLOW_15M_FAST,1,,,,True,0.19899999999999984,0.1529999999999987,0.2240000000000002,0.1529999999999987,0.4120000000000008,0.1529999999999987,0.4120000000000008,0.1529999999999987,,,,0.018637296773764245,0.013046107741634972,False,False,False,False,192
28d,LINK/USDT:USDT,2026-04-17T07:30:00+00:00,15m_fast,supertrend_trend,trending,LONG,57.55,9.43,0.18730097505008775,8.86809707,10.55380585,0.5619029300000005,False,ALLOW_15M_FAST,1,,,,True,0.1739999999999995,0.0030000000000001137,0.4350000000000005,0.0030000000000001137,0.4350000000000005,0.0030000000000001137,0.4350000000000005,0.3349999999999991,,,,0.01678225810283636,0.011747580671985452,False,False,False,False,192
28d,LINK/USDT:USDT,2026-04-17T10:00:00+00:00,aligned_trend,supertrend_trend,trending,LONG,49.03,9.554,0.18342233397508154,9.003733,10.654534,0.5502669999999998,False,ALLOW_ALIGNED_TREND,4,,,,True,0.24799999999999933,0.10400000000000098,0.31099999999999994,0.10400000000000098,0.31099999999999994,0.12400000000000055,0.31099999999999994,0.45899999999999963,,,,0.01736248039588055,0.012153736277116385,False,False,False,False,192
28d,LINK/USDT:USDT,2026-04-18T20:00:00+00:00,4h_flip,supertrend_trend,trending,SHORT,77.55,9.276,0.18131507526966104,9.81994523,8.18810955,0.5439452300000003,False,(allowed),8,,,,True,0.018000000000000682,0.06600000000000072,0.11899999999999977,0.06600000000000072,0.18099999999999916,0.09399999999999942,0.2829999999999995,0.09399999999999942,,,,0.017053187505661177,0.011937231253962824,False,False,False,False,192
28d,LINK/USDT:USDT,2026-04-19T18:00:00+00:00,1h_continuation,supertrend_trend,trending,SHORT,65.65,9.131,0.16920752186979054,9.63862257,8.11575487,0.5076225700000006,False,(allowed),6,,,,True,0.0519999999999996,0.0730000000000004,0.1379999999999999,0.0730000000000004,0.1379999999999999,0.22799999999999976,0.1379999999999999,0.35599999999999987,,,,0.01798777386907755,0.012591441708354287,False,False,False,False,192
28d,LINK/USDT:USDT,2026-04-20T05:30:00+00:00,15m_fast,supertrend_trend,trending,SHORT,57.11,9.101,0.1704740982317528,9.61242229,8.07815541,0.5114222899999987,False,ALLOW_15M_FAST,2,,,,True,0.008000000000000895,0.2579999999999991,0.008000000000000895,0.2579999999999991,0.008000000000000895,0.3009999999999984,0.008000000000000895,0.4549999999999983,,,,0.01779546996279733,0.012456828973958129,False,False,False,False,192
28d,LINK/USDT:USDT,2026-04-21T12:00:00+00:00,adaptive_trend_route,adaptive_trend,ranging,LONG,75.05,9.409,0.16351851012670243,9.000203724683244,10.226592550633512,0.40879627531675666,False,ALLOW_ADAPTIVE_TREND_ROUTE,16,,,,True,0.06599999999999895,0.08200000000000074,0.06599999999999895,0.17600000000000016,0.14699999999999847,0.17600000000000016,0.14699999999999847,0.27000000000000135,,,,0.02301635452208907,0.01611144816546235,False,False,False,False,192
28d,LINK/USDT:USDT,2026-04-22T00:00:00+00:00,adaptive_trend_route,adaptive_trend,ranging,LONG,69.53,9.392,0.16470560012695531,8.98023599968261,10.215528000634777,0.4117640003173886,False,ALLOW_ADAPTIVE_TREND_ROUTE,48,,,,True,0.1330000000000009,0.019999999999999574,0.1639999999999997,0.019999999999999574,0.1639999999999997,0.12399999999999878,0.1639999999999997,0.2530000000000001,,,,0.022809181941016277,0.015966427358711392,False,False,False,False,192
28d,LINK/USDT:USDT,2026-04-23T08:00:00+00:00,adaptive_trend_route,adaptive_trend,ranging,SHORT,76.53,9.232,0.1454453155121505,9.595613288780376,8.504773422439246,0.36361328878037646,False,ALLOW_ADAPTIVE_TREND_ROUTE,16,,,,True,0.07399999999999984,0.04100000000000037,0.07399999999999984,0.15300000000000047,0.08699999999999974,0.1590000000000007,0.08699999999999974,0.2110000000000003,,,,0.025389611119455414,0.01777272778361879,False,False,False,False,192
28d,LINK/USDT:USDT,2026-04-24T20:00:00+00:00,adaptive_trend_route,adaptive_trend,ranging,LONG,75.35,9.403,0.13417574319865538,9.067560642003363,10.073878715993278,0.3354393579966377,False,ALLOW_ADAPTIVE_TREND_ROUTE,48,,,,True,0.0389999999999997,0.0519999999999996,0.0389999999999997,0.06400000000000006,0.03999999999999915,0.12100000000000044,0.13199999999999967,0.12100000000000044,,,,0.0280318924295528,0.01962232470068696,False,False,False,False,192
28d,LINK/USDT:USDT,2026-04-26T00:00:00+00:00,adaptive_trend_route,adaptive_trend,ranging,LONG,60.65,9.342,0.11091110825884756,9.064722229352881,9.896555541294239,0.2772777706471192,False,ALLOW_ADAPTIVE_TREND_ROUTE,8,,,,True,0.0,0.04800000000000004,0.07699999999999996,0.04800000000000004,0.19299999999999962,0.04800000000000004,0.24599999999999866,0.05000000000000071,,,,0.033691846188020624,0.023584292331614434,False,False,False,True,128
28d,LINK/USDT:USDT,2026-04-26T08:00:00+00:00,adaptive_trend_route,adaptive_trend,ranging,LONG,63.9,9.417,0.10674478212114923,9.150138044697126,9.950723910605745,0.2668619553028737,False,ALLOW_ADAPTIVE_TREND_ROUTE,48,,,,True,0.06799999999999962,0.01699999999999946,0.08099999999999952,0.01699999999999946,0.17099999999999937,0.125,0.17099999999999937,0.125,,,,0.03528790752249499,0.024701535265746494,False,False,False,True,96
28d,SOL/USDT:USDT,2026-03-30T08:00:00+00:00,4h_flip,supertrend_trend,trending,LONG,85.0,83.98,1.6310484860408645,79.08685454,93.76629092,4.8931454599999995,True,(allowed),8,,,,True,1.0,0.5300000000000011,1.0,0.5300000000000011,1.0,2.0799999999999983,1.0,4.090000000000003,,,,0.017162784283956276,0.012013948998769395,False,False,False,False,192
28d,SOL/USDT:USDT,2026-03-31T12:00:00+00:00,4h_flip,supertrend_trend,trending,SHORT,98.09,80.78,1.817261353954796,86.23178406,69.87643188,5.451784059999994,True,(allowed),8,,,,True,0.45000000000000284,1.769999999999996,0.45000000000000284,2.6700000000000017,0.45000000000000284,3.9200000000000017,2.6700000000000017,5.810000000000002,,,,0.014817167941901223,0.010372017559330855,False,False,False,False,192
28d,SOL/USDT:USDT,2026-04-01T14:00:00+00:00,1h_continuation,supertrend_trend,trending,SHORT,73.84,82.64,1.7207438358248377,87.80223151,72.31553699,5.162231509999998,True,(allowed),6,True,,,False,0.1700000000000017,3.950000000000003,1.2999999999999972,3.950000000000003,6.010000000000005,3.950000000000003,6.010000000000005,3.950000000000003,,1395.0,,0.016008580754256027,0.011206006527979219,False,False,False,False,192
28d,SOL/USDT:USDT,2026-04-01T21:00:00+00:00,1h_continuation,supertrend_trend,trending,SHORT,71.48,82.54,1.848090348236722,88.08427104,71.45145791,5.544271039999998,True,(allowed),8,True,,,False,1.8200000000000074,0.6199999999999903,4.320000000000007,0.6199999999999903,5.910000000000011,0.6199999999999903,5.910000000000011,0.6199999999999903,,990.0,,0.014887439557789013,0.01042120769045231,False,False,False,False,192
28d,SOL/USDT:USDT,2026-04-01T21:00:00+00:00,aligned_trend,supertrend_trend,trending,SHORT,48.61,82.54,1.848090348236722,88.08427104,71.45145791,5.544271039999998,False,ALLOW_ALIGNED_TREND,6,True,,,False,1.8200000000000074,0.6199999999999903,4.320000000000007,0.6199999999999903,5.910000000000011,0.6199999999999903,5.910000000000011,0.6199999999999903,,990.0,,0.014887439557789013,0.01042120769045231,False,False,False,False,192
28d,SOL/USDT:USDT,2026-04-05T07:00:00+00:00,1h_continuation,supertrend_trend,ranging,SHORT,61.73,79.55,1.2502754167283112,82.67568854,73.29862292,3.1256885399999987,True,(allowed),6,False,False,True,False,0.0799999999999983,0.6500000000000057,1.0999999999999943,0.6500000000000057,1.0999999999999943,3.4000000000000057,1.0999999999999943,3.6300000000000097,1020.0,,,0.025450392443771775,0.017815274710640244,False,False,False,False,192
28d,SOL/USDT:USDT,2026-04-05T12:30:00+00:00,15m_fast,supertrend_trend,ranging,SHORT,56.18,79.53,1.211104823607575,82.55776206,73.47447588,3.0277620600000006,False,ALLOW_15M_FAST,1,False,False,True,False,1.0799999999999983,0.7800000000000011,1.0799999999999983,0.7800000000000011,1.0799999999999983,3.6500000000000057,1.0799999999999983,3.6500000000000057,690.0,,,0.026266925347495765,0.01838684774324703,False,False,False,False,192
28d,SOL/USDT:USDT,2026-04-06T00:00:00+00:00,4h_flip,supertrend_trend,ranging,LONG,66.58,81.85,1.3612235049073766,78.44694124,88.65611752,3.4030587599999933,True,(allowed),8,,,,True,1.1000000000000085,0.22999999999998977,1.1000000000000085,0.9399999999999977,1.3300000000000125,2.3299999999999983,5.340000000000003,3.549999999999997,,,,0.02405189148129789,0.01683632403690852,False,False,False,False,192
28d,SOL/USDT:USDT,2026-04-07T08:00:00+00:00,adaptive_trend_route,adaptive_trend,ranging,SHORT,76.35,79.81,1.3662137065137865,83.22553426628447,72.97893146743107,3.4155342662844674,False,ALLOW_ADAPTIVE_TREND_ROUTE,32,False,False,True,False,0.980000000000004,0.7399999999999949,1.5100000000000051,0.7399999999999949,1.5100000000000051,7.3799999999999955,1.5100000000000051,7.3799999999999955,780.0,,,0.0233667689379735,0.01635673825658145,False,False,False,False,192
28d,SOL/USDT:USDT,2026-04-09T16:00:00+00:00,1h_continuation,supertrend_trend,trending,LONG,62.07,83.69,1.5854519760542998,78.93364407,93.20271186,4.756355929999998,True,(allowed),6,,,,True,0.980000000000004,0.8199999999999932,2.240000000000009,0.8199999999999932,2.240000000000009,1.0600000000000023,2.240000000000009,1.0600000000000023,,,,0.017595403126191195,0.012316782188333836,False,False,False,False,192
28d,SOL/USDT:USDT,2026-04-10T14:00:00+00:00,1h_continuation,supertrend_trend,trending,LONG,65.41,84.22,1.5451811011504317,79.5844567,93.49108661,4.635543299999995,True,(allowed),8,,,,True,1.3499999999999943,0.20999999999999375,1.4399999999999977,0.20999999999999375,1.4399999999999977,0.46999999999999886,2.010000000000005,2.510000000000005,,,,0.018168312654958933,0.012717818858471253,False,False,False,False,192
28d,SOL/USDT:USDT,2026-04-10T16:00:00+00:00,aligned_trend,supertrend_trend,trending,LONG,45.04,84.2,1.5962395939254002,79.41128122,93.77743756,4.788718779999996,False,ALLOW_ALIGNED_TREND,2,,,,True,1.2399999999999949,0.12000000000000455,1.4599999999999937,0.12000000000000455,1.4599999999999937,0.45000000000000284,2.030000000000001,2.960000000000008,,,,0.017582991164914484,0.012308093815440138,False,False,False,False,192
28d,SOL/USDT:USDT,2026-04-10T19:30:00+00:00,15m_fast,supertrend_trend,trending,LONG,54.04,85.18,1.5962395939254002,80.39128122,94.75743756,4.788718780000011,False,ALLOW_15M_FAST,1,,,,True,0.47999999999998977,0.5800000000000125,0.47999999999998977,0.8400000000000034,0.7199999999999989,1.4300000000000068,1.0499999999999972,3.940000000000012,,,,0.017787638805551204,0.012451347163885842,False,False,False,False,192
28d,SOL/USDT:USDT,2026-04-11T09:30:00+00:00,15m_fast,supertrend_trend,trending,LONG,62.62,84.61,1.4278227572392586,80.32653173,93.17693654,4.28346827,False,ALLOW_15M_FAST,2,,,,True,0.09000000000000341,0.8599999999999994,0.7399999999999949,0.8599999999999994,1.6200000000000045,2.780000000000001,1.6200000000000045,3.3799999999999955,,,,0.019752685129613437,0.013826879590729407,False,False,False,False,192
28d,SOL/USDT:USDT,2026-04-11T13:00:00+00:00,15m_fast,supertrend_trend,trending,LONG,56.6,84.18,1.397978274579312,79.98606518,92.56786965,4.19393482000001,False,ALLOW_15M_FAST,1,,,,True,1.1699999999999875,0.4000000000000057,2.049999999999997,0.4000000000000057,2.049999999999997,2.3600000000000136,2.049999999999997,2.950000000000003,,,,0.020071842699739384,0.014050289889817569,False,False,False,False,192
28d,SOL/USDT:USDT,2026-04-11T16:00:00+00:00,aligned_trend,supertrend_trend,trending,LONG,48.16,84.63,1.3738369692522183,80.50848909,92.87302182,4.121510909999998,False,ALLOW_ALIGNED_TREND,8,,,,True,1.6000000000000085,0.06999999999999318,1.6000000000000085,0.1799999999999926,1.6000000000000085,3.3900000000000006,1.6000000000000085,3.3999999999999915,,,,0.020533731888143916,0.01437361232170074,False,False,False,False,192
28d,SOL/USDT:USDT,2026-04-12T04:00:00+00:00,4h_flip,supertrend_trend,trending,SHORT,76.08,82.27,1.5392018299734416,86.88760549,73.03478902,4.6176054900000025,True,(allowed),8,,,,True,0.2599999999999909,0.1700000000000017,0.39000000000000057,0.1700000000000017,1.039999999999992,0.5900000000000034,1.039999999999992,4.530000000000001,,,,0.017816593508944385,0.012471615456261067,False,False,False,False,192
28d,SOL/USDT:USDT,2026-04-12T13:00:00+00:00,15m_fast,supertrend_trend,trending,SHORT,61.03,81.97,1.3899750472730183,86.13992514,73.63014972,4.169925140000004,False,ALLOW_15M_FAST,2,,,,True,0.730000000000004,0.21999999999999886,0.730000000000004,0.8799999999999955,0.7399999999999949,0.8900000000000006,0.7399999999999949,4.829999999999998,,,,0.01965742723141546,0.013760199061990823,False,False,False,False,192
28d,SOL/USDT:USDT,2026-04-13T00:00:00+00:00,1h_continuation,supertrend_trend,trending,SHORT,63.75,81.49,1.3606469310709992,85.57194079,73.32611841,4.081940790000004,True,(allowed),6,False,False,True,False,0.14000000000000057,0.9100000000000108,0.14000000000000057,1.0900000000000034,0.14000000000000057,5.310000000000002,0.14000000000000057,6.150000000000006,1335.0,,,0.01996354288127729,0.013974480016894105,False,False,False,False,192
28d,SOL/USDT:USDT,2026-04-13T09:00:00+00:00,15m_fast,supertrend_trend,trending,SHORT,50.66,81.82,1.3214251599540763,85.78427548,73.89144904,3.964275480000012,False,ALLOW_15M_FAST,1,False,False,True,False,0.20999999999999375,0.9500000000000028,0.20999999999999375,2.1300000000000097,0.20999999999999375,4.980000000000004,0.20999999999999375,5.820000000000007,795.0,,,0.020639332562226415,0.014447532793558489,False,False,False,False,192
28d,SOL/USDT:USDT,2026-04-14T00:00:00+00:00,4h_flip,supertrend_trend,trending,LONG,73.85,86.5,1.4970758015787275,82.0087726,95.48245481,4.4912274,True,(allowed),8,,,,True,0.23000000000000398,0.8499999999999943,0.23000000000000398,1.0999999999999943,1.1400000000000006,3.239999999999995,1.1400000000000006,3.9000000000000057,,,,0.019259768498918584,0.013481837949243007,False,False,False,False,192
28d,SOL/USDT:USDT,2026-04-14T09:00:00+00:00,15m_fast,supertrend_trend,trending,LONG,54.1,86.09,1.4174786248306372,81.83756413,94.59487175,4.252435869999999,False,ALLOW_15M_FAST,1,,,,True,0.4299999999999926,0.5400000000000063,1.5499999999999972,1.3900000000000006,1.5499999999999972,3.490000000000009,1.5499999999999972,3.490000000000009,,,,0.020244867325888684,0.01417140712812208,False,False,False,False,192
28d,SOL/USDT:USDT,2026-04-14T14:00:00+00:00,15m_fast,supertrend_trend,trending,LONG,55.0,87.28,1.384801580199877,83.12559526,95.58880948,4.154404740000004,False,ALLOW_15M_FAST,1,False,False,True,False,0.35999999999999943,2.6200000000000045,0.35999999999999943,3.9200000000000017,0.35999999999999943,4.680000000000007,0.35999999999999943,4.680000000000007,750.0,,,0.021009026674661438,0.014706318672263007,False,False,False,False,192
28d,SOL/USDT:USDT,2026-04-15T08:00:00+00:00,4h_flip,supertrend_trend,trending,SHORT,73.21,82.88,1.424567113251088,87.15370134,74.33259732,4.273701340000002,True,(allowed),8,,,,True,0.19999999999998863,0.7700000000000102,0.19999999999998863,1.5900000000000034,0.19999999999998863,2.930000000000007,0.19999999999998863,7.700000000000003,,,,0.019393025718544933,0.013575118002981454,False,False,False,False,192
28d,SOL/USDT:USDT,2026-04-16T16:00:00+00:00,4h_flip,supertrend_trend,trending,LONG,90.08,86.57,1.472663587820506,82.15200924,95.40598153,4.417990759999995,True,(allowed),8,,,,True,3.5700000000000074,0.9899999999999949,4.010000000000005,0.9899999999999949,4.140000000000001,0.9899999999999949,4.140000000000001,0.9899999999999949,,,,0.019594880275394713,0.013716416192776297,False,False,False,False,192
28d,SOL/USDT:USDT,2026-04-17T07:30:00+00:00,15m_fast,supertrend_trend,trending,LONG,59.23,88.1,1.7088199352921465,82.97354019,98.35291961,5.12645981,False,ALLOW_15M_FAST,1,,,,True,1.3800000000000097,0.8399999999999892,2.6099999999999994,0.8399999999999892,2.6099999999999994,0.8399999999999892,2.6099999999999994,3.819999999999993,,,,0.017185348810917527,0.012029744167642268,False,False,False,False,192
28d,SOL/USDT:USDT,2026-04-17T10:00:00+00:00,aligned_trend,supertrend_trend,trending,LONG,51.11,88.65,1.668189939914136,83.64543018,98.65913964,5.00456982,False,ALLOW_ALIGNED_TREND,2,,,,True,1.8299999999999983,1.3900000000000006,2.059999999999988,1.3900000000000006,2.059999999999988,1.6099999999999994,2.059999999999988,4.3700000000000045,,,,0.01771381021516051,0.012399667150612357,False,False,False,False,192
28d,SOL/USDT:USDT,2026-04-17T13:00:00+00:00,15m_fast,supertrend_trend,trending,LONG,66.68,88.82,1.7076049442059833,83.69718517,99.06562967,5.122814829999996,False,ALLOW_15M_FAST,2,,,,True,1.8900000000000006,0.30999999999998806,1.8900000000000006,0.36999999999999034,1.8900000000000006,2.5999999999999943,1.8900000000000006,4.539999999999992,,,,0.017338124243698277,0.012136686970588794,False,False,False,False,192
28d,SOL/USDT:USDT,2026-04-17T13:00:00+00:00,aligned_trend,supertrend_trend,trending,LONG,51.68,88.82,1.7076049442059833,83.69718517,99.06562967,5.122814829999996,False,ALLOW_ALIGNED_TREND,6,,,,True,1.8900000000000006,0.30999999999998806,1.8900000000000006,0.36999999999999034,1.8900000000000006,2.5999999999999943,1.8900000000000006,4.539999999999992,,,,0.017338124243698277,0.012136686970588794,False,False,False,False,192
28d,SOL/USDT:USDT,2026-04-19T04:00:00+00:00,4h_flip,supertrend_trend,trending,SHORT,75.1,85.55,1.44348001195983,89.88044004,76.88911993,4.330440039999999,True,(allowed),8,,,,True,1.269999999999996,0.37000000000000455,1.269999999999996,0.37000000000000455,2.780000000000001,1.5300000000000011,2.780000000000001,1.5300000000000011,,,,0.01975549810406797,0.013828848672847577,False,False,False,False,192
28d,SOL/USDT:USDT,2026-04-19T21:00:00+00:00,1h_continuation,supertrend_trend,trending,SHORT,65.01,84.9,1.4690215696997275,89.30706471,76.08587058,4.40706471,True,(allowed),8,,,,True,2.1300000000000097,0.29999999999999716,2.1300000000000097,0.29999999999999716,2.1300000000000097,1.289999999999992,2.1300000000000097,1.9699999999999989,,,,0.019264523120650977,0.013485166184455685,False,False,False,False,192
28d,SOL/USDT:USDT,2026-04-20T05:30:00+00:00,15m_fast,supertrend_trend,trending,SHORT,58.51,83.86,1.5286971697921126,88.44609151,74.68781698,4.586091510000003,False,ALLOW_15M_FAST,2,,,,True,0.1599999999999966,1.8799999999999955,0.1599999999999966,1.8799999999999955,0.1599999999999966,2.3299999999999983,0.1599999999999966,4.320000000000007,,,,0.018285723217066802,0.012800006251946761,False,False,False,False,192
28d,SOL/USDT:USDT,2026-04-21T20:00:00+00:00,adaptive_trend_route,adaptive_trend,ranging,SHORT,72.8,84.53,1.4149901499915882,88.06747537497897,77.45504925004207,3.5374753749789676,False,ALLOW_ADAPTIVE_TREND_ROUTE,8,False,False,True,False,0.12999999999999545,1.5799999999999983,0.12999999999999545,3.3299999999999983,0.12999999999999545,4.760000000000005,0.12999999999999545,4.760000000000005,555.0,,,0.02389557270077183,0.01672690089054028,False,False,False,False,192
28d,SOL/USDT:USDT,2026-04-22T04:00:00+00:00,adaptive_trend_route,adaptive_trend,ranging,LONG,78.53,87.21,1.4684864048396855,83.53878398790079,94.55243202419842,3.671216012099208,False,ALLOW_ADAPTIVE_TREND_ROUTE,24,,,,True,1.1200000000000045,0.2799999999999869,1.6700000000000017,0.2799999999999869,2.0800000000000125,1.789999999999992,2.0800000000000125,2.789999999999992,,,,0.02375507181069772,0.016628550267488402,False,False,False,False,192
28d,SOL/USDT:USDT,2026-04-23T20:00:00+00:00,adaptive_trend_route,adaptive_trend,ranging,SHORT,67.72,85.24,1.3596352127293865,88.63908803182346,78.44182393635306,3.3990880318234673,False,ALLOW_ADAPTIVE_TREND_ROUTE,8,,,,True,0.01999999999999602,0.9699999999999989,0.01999999999999602,1.0799999999999983,0.44999999999998863,1.5100000000000051,0.44999999999998863,1.6800000000000068,,,,0.025077314621437544,0.01755412023500628,False,False,False,False,192
28d,SOL/USDT:USDT,2026-04-25T04:00:00+00:00,adaptive_trend_route,adaptive_trend,ranging,LONG,68.31,86.42,1.1595156468396597,83.52121088290085,92.2175782341983,2.898789117099156,False,ALLOW_ADAPTIVE_TREND_ROUTE,24,,,,True,0.20999999999999375,0.3500000000000085,0.3499999999999943,0.3500000000000085,0.3499999999999943,0.9399999999999977,1.6599999999999966,0.9399999999999977,,,,0.02981244806330764,0.020868713644315348,False,False,False,False,192
28d,SOL/USDT:USDT,2026-04-26T08:00:00+00:00,adaptive_trend_route,adaptive_trend,ranging,LONG,63.07,86.59,0.9561984999330285,84.19950375016744,91.37099249966515,2.390496249832566,False,ALLOW_ADAPTIVE_TREND_ROUTE,48,,,,True,0.14000000000000057,0.21000000000000796,0.14000000000000057,0.7600000000000051,1.4899999999999949,1.2999999999999972,1.4899999999999949,1.2999999999999972,,,,0.036222604409467236,0.025355823086627066,False,False,False,True,96
28d,SUI/USDT:USDT,2026-03-30T08:00:00+00:00,4h_flip,supertrend_trend,trending,LONG,82.03,0.882,0.019355894193433677,0.82393232,0.99813537,0.058067679999999955,True,(allowed),8,,,,True,0.010499999999999954,0.006500000000000061,0.010499999999999954,0.006700000000000039,0.010499999999999954,0.026499999999999968,0.023299999999999987,0.030000000000000027,,,,0.015189172358875035,0.010632420651212525,False,False,False,False,192
28d,SUI/USDT:USDT,2026-03-31T02:00:00+00:00,1h_continuation,supertrend_trend,trending,LONG,59.14,0.8797,0.019029880624184176,0.82261036,0.99387928,0.05708964000000005,True,(allowed),6,,,,True,0.0036999999999999256,0.013400000000000079,0.0036999999999999256,0.027700000000000058,0.009199999999999986,0.027700000000000058,0.034499999999999975,0.027700000000000058,,,,0.015409100495291253,0.010786370346703877,False,False,False,False,192
28d,SUI/USDT:USDT,2026-03-31T17:00:00+00:00,1h_continuation,supertrend_trend,trending,LONG,55.59,0.8748,0.019286797701669207,0.81693961,0.99052079,0.057860389999999984,True,(allowed),4,,,,True,0.014100000000000001,0.0035000000000000586,0.014100000000000001,0.005299999999999971,0.033499999999999974,0.005299999999999971,0.03939999999999999,0.033499999999999974,,,,0.015119151460956283,0.010583406022669398,False,False,False,False,192
28d,SUI/USDT:USDT,2026-04-01T05:00:00+00:00,15m_fast,supertrend_trend,trending,LONG,45.06,0.8815,0.019092636498020128,0.82422209,0.99605582,0.05727790999999993,False,ALLOW_15M_FAST,1,,,,True,0.023800000000000043,0.0036999999999999256,0.023800000000000043,0.0036999999999999256,0.03270000000000006,0.02739999999999998,0.03270000000000006,0.0401999999999999,,,,0.015389877179526995,0.010772914025668896,False,False,False,False,192
28d,SUI/USDT:USDT,2026-04-01T13:00:00+00:00,15m_fast,supertrend_trend,trending,LONG,52.83,0.8943,0.01945793657227246,0.83592619,1.01104762,0.05837380999999997,False,ALLOW_15M_FAST,1,,,,True,0.014000000000000012,0.010099999999999998,0.01990000000000003,0.010099999999999998,0.01990000000000003,0.04910000000000003,0.01990000000000003,0.052999999999999936,,,,0.015320226656440627,0.010724158659508438,False,False,False,False,192
28d,SUI/USDT:USDT,2026-04-01T16:00:00+00:00,15m_fast,supertrend_trend,trending,LONG,57.98,0.9009,0.019289512531395856,0.84303146,1.01663708,0.05786854000000008,False,ALLOW_15M_FAST,2,False,False,True,False,0.013299999999999979,0.009600000000000053,0.013299999999999979,0.02080000000000004,0.013299999999999979,0.059599999999999986,0.013299999999999979,0.059599999999999986,1290.0,,,0.015568044398562653,0.010897631078993856,False,False,False,False,192
28d,SUI/USDT:USDT,2026-04-02T04:00:00+00:00,4h_flip,supertrend_trend,trending,SHORT,67.24,0.8583,0.02076332326219996,0.92058997,0.73372006,0.06228997000000003,True,(allowed),8,,,,True,0.00539999999999996,0.01200000000000001,0.0131,0.01200000000000001,0.016999999999999904,0.01200000000000001,0.016999999999999904,0.027100000000000013,,,,0.013779104404770136,0.009645373083339093,False,False,False,False,192
28d,SUI/USDT:USDT,2026-04-02T18:00:00+00:00,15m_fast,supertrend_trend,ranging,SHORT,56.31,0.8526,0.020596946504028168,0.90409237,0.74961527,0.051492369999999954,False,ALLOW_15M_FAST,2,,,,True,0.0019000000000000128,0.014100000000000001,0.0019000000000000128,0.014100000000000001,0.0019000000000000128,0.03279999999999994,0.0019000000000000128,0.03279999999999994,,,,0.016557792931263422,0.011590455051884396,False,False,False,False,192
28d,SUI/USDT:USDT,2026-04-04T04:00:00+00:00,adaptive_trend_route,adaptive_trend,ranging,SHORT,71.83,0.8694,0.016271468784898383,0.9100786719622459,0.788042656075508,0.04067867196224595,False,ALLOW_ADAPTIVE_TREND_ROUTE,56,,,,True,0.0010000000000000009,0.005300000000000082,0.0046999999999999265,0.005300000000000082,0.008999999999999897,0.009700000000000042,0.03369999999999995,0.0242,,,,0.021372379137816835,0.014960665396471784,False,False,False,False,192
28d,SUI/USDT:USDT,2026-04-05T22:30:00+00:00,15m_fast,supertrend_trend,trending,SHORT,52.44,0.8454,0.013748364692108524,0.88664509,0.76290981,0.041245089999999984,False,ALLOW_15M_FAST,1,False,False,True,False,0.000300000000000078,0.04569999999999996,0.000300000000000078,0.05219999999999991,0.000300000000000078,0.07769999999999999,0.000300000000000078,0.07769999999999999,210.0,,,0.02049698521690704,0.014347889651834927,False,False,False,False,192
28d,SUI/USDT:USDT,2026-04-06T04:00:00+00:00,4h_flip,supertrend_trend,trending,LONG,67.94,0.8866,0.01593762057635888,0.83878714,0.98222572,0.04781286000000007,True,(allowed),8,,,,True,0.010999999999999899,0.00770000000000004,0.03649999999999998,0.00770000000000004,0.03649999999999998,0.023800000000000043,0.09169999999999989,0.028300000000000103,,,,0.018543128355007394,0.012980189848505174,False,False,False,False,192
28d,SUI/USDT:USDT,2026-04-07T10:00:00+00:00,1h_continuation,supertrend_trend,trending,LONG,61.52,0.8831,0.017524136801061137,0.83052759,0.98824482,0.052572410000000014,True,(allowed),6,True,,,False,0.0027000000000000357,0.024800000000000044,0.0027000000000000357,0.024800000000000044,0.09519999999999995,0.024800000000000044,0.09519999999999995,0.024800000000000044,,750.0,,0.016797784237017093,0.011758448965911964,False,False,False,False,192
28d,SUI/USDT:USDT,2026-04-07T20:00:00+00:00,1h_continuation,supertrend_trend,trending,LONG,60.17,0.8909,0.018378472504348153,0.83576458,1.00117084,0.055135420000000046,True,(allowed),6,True,,,False,0.08499999999999996,0.0007000000000000339,0.08739999999999992,0.0007000000000000339,0.08739999999999992,0.0007000000000000339,0.08739999999999992,0.0007000000000000339,,165.0,,0.016158396907106163,0.011310877834974314,False,False,False,False,192
28d,SUI/USDT:USDT,2026-04-08T13:30:00+00:00,15m_fast,supertrend_trend,trending,LONG,45.7,0.9499,0.022655566774174487,0.8819333,1.0858334,0.06796669999999994,False,ALLOW_15M_FAST,1,,,,True,0.0031999999999999806,0.030100000000000016,0.0031999999999999806,0.03379999999999994,0.0031999999999999806,0.05069999999999997,0.01990000000000003,0.05069999999999997,,,,0.013975961757743143,0.0097831732304202,False,False,False,False,192
28d,SUI/USDT:USDT,2026-04-09T04:00:00+00:00,4h_flip,supertrend_trend,trending,SHORT,71.48,0.9084,0.022245404066982444,0.97513621,0.77492758,0.06673620999999996,True,(allowed),8,,,,True,0.0027000000000000357,0.0046000000000000485,0.0040000000000000036,0.007800000000000029,0.0045999999999999375,0.06140000000000001,0.0045999999999999375,0.06140000000000001,,,,0.013611800849943389,0.009528260594960373,False,False,False,False,192
28d,SUI/USDT:USDT,2026-04-10T08:00:00+00:00,15m_fast,supertrend_trend,trending,SHORT,46.24,0.9274,0.02205536097319103,0.99356608,0.79506783,0.06616608000000002,False,ALLOW_15M_FAST,1,,,,True,0.0040000000000000036,0.010700000000000043,0.0040000000000000036,0.025399999999999978,0.0040000000000000036,0.03490000000000004,0.022599999999999953,0.03610000000000002,,,,0.014016245181821256,0.009811371627274879,False,False,False,False,192
28d,SUI/USDT:USDT,2026-04-10T08:00:00+00:00,1h_continuation,supertrend_trend,trending,SHORT,53.32,0.9274,0.02205536097319103,0.99356608,0.79506783,0.06616608000000002,True,(allowed),4,,,,True,0.0040000000000000036,0.010700000000000043,0.0040000000000000036,0.025399999999999978,0.0040000000000000036,0.03490000000000004,0.022599999999999953,0.03610000000000002,,,,0.014016245181821256,0.009811371627274879,False,False,False,False,192
28d,SUI/USDT:USDT,2026-04-10T20:00:00+00:00,4h_flip,supertrend_trend,trending,LONG,81.13,0.9585,0.02148299127481804,0.89405103,1.08739795,0.06444897000000005,True,(allowed),8,,,,True,0.0010999999999999899,0.01639999999999997,0.0010999999999999899,0.0242,0.0044999999999999485,0.03210000000000002,0.0050000000000000044,0.06230000000000002,,,,0.014872231472434692,0.010410562030704285,False,False,False,False,192
28d,SUI/USDT:USDT,2026-04-11T17:00:00+00:00,1h_continuation,supertrend_trend,trending,LONG,72.48,0.946,0.018070885232717417,0.89178734,1.05442531,0.05421265999999991,True,(allowed),8,,,,True,0.01750000000000007,0.004899999999999904,0.01750000000000007,0.00979999999999992,0.01750000000000007,0.049799999999999955,0.01750000000000007,0.049799999999999955,,,,0.01744979862637254,0.012214859038460776,False,False,False,False,192
28d,SUI/USDT:USDT,2026-04-11T17:00:00+00:00,aligned_trend,supertrend_trend,trending,LONG,49.36,0.946,0.018070885232717417,0.89178734,1.05442531,0.05421265999999991,False,ALLOW_ALIGNED_TREND,8,,,,True,0.01750000000000007,0.004899999999999904,0.01750000000000007,0.00979999999999992,0.01750000000000007,0.049799999999999955,0.01750000000000007,0.049799999999999955,,,,0.01744979862637254,0.012214859038460776,False,False,False,False,192
28d,SUI/USDT:USDT,2026-04-12T04:00:00+00:00,4h_flip,supertrend_trend,trending,SHORT,77.31,0.9119,0.02067559579310501,0.97392679,0.78784643,0.06202679,True,(allowed),8,,,,True,0.0048000000000000265,0.0042999999999999705,0.006800000000000028,0.0042999999999999705,0.015700000000000047,0.0042999999999999705,0.015700000000000047,0.04959999999999998,,,,0.014701711953818666,0.010291198367673065,False,False,False,False,192
28d,SUI/USDT:USDT,2026-04-12T14:00:00+00:00,15m_fast,supertrend_trend,trending,SHORT,56.04,0.9009,0.019045284127728292,0.95803585,0.7866283,0.05713584999999999,False,ALLOW_15M_FAST,1,,,,True,0.0047000000000000375,0.00979999999999992,0.0047000000000000375,0.012299999999999978,0.0047000000000000375,0.019000000000000017,0.0047000000000000375,0.06059999999999999,,,,0.015767683512190687,0.011037378458533479,False,False,False,False,192
28d,SUI/USDT:USDT,2026-04-12T22:30:00+00:00,15m_fast,supertrend_trend,trending,SHORT,59.8,0.902,0.018413025599928984,0.95723908,0.79152185,0.055239079999999996,False,ALLOW_15M_FAST,2,False,False,True,False,0.0040000000000000036,0.009099999999999997,0.0040000000000000036,0.009599999999999942,0.0047000000000000375,0.05599999999999994,0.0047000000000000375,0.060699999999999976,1425.0,,,0.01632901923782945,0.011430313466480617,False,False,False,False,192
28d,SUI/USDT:USDT,2026-04-13T05:00:00+00:00,15m_fast,supertrend_trend,trending,SHORT,57.83,0.9022,0.017713272073408157,0.95533982,0.79592037,0.05313981999999995,False,ALLOW_15M_FAST,2,False,False,True,False,0.0049000000000000155,0.009399999999999964,0.0049000000000000155,0.009700000000000042,0.0049000000000000155,0.05930000000000002,0.0049000000000000155,0.0605,1035.0,,,0.01697785201380059,0.011884496409660413,False,False,False,False,192
28d,SUI/USDT:USDT,2026-04-13T07:30:00+00:00,15m_fast,supertrend_trend,trending,SHORT,57.83,0.9023,0.017713272073408157,0.95543982,0.79602037,0.05313982000000006,False,ALLOW_15M_FAST,2,False,False,True,False,0.0050000000000000044,0.0032999999999999696,0.0050000000000000044,0.02080000000000004,0.0050000000000000044,0.05920000000000003,0.0050000000000000044,0.06040000000000001,885.0,,,0.01697973384177814,0.0118858136892447,False,False,False,False,192
28d,SUI/USDT:USDT,2026-04-13T20:00:00+00:00,4h_flip,supertrend_trend,trending,LONG,67.01,0.9353,0.018069152532502346,0.88109254,1.04371492,0.054207459999999985,True,(allowed),8,,,,True,0.025499999999999967,0.009199999999999986,0.0262,0.009199999999999986,0.02739999999999998,0.011800000000000033,0.03849999999999998,0.011800000000000033,,,,0.017254082740641236,0.012077857918448866,False,False,False,False,192
28d,SUI/USDT:USDT,2026-04-14T09:00:00+00:00,15m_fast,supertrend_trend,trending,LONG,53.19,0.9491,0.018583902373873053,0.89334829,1.06060341,0.05575171000000001,False,ALLOW_15M_FAST,1,,,,True,0.0039999999999998925,0.007600000000000051,0.013599999999999945,0.011900000000000022,0.013599999999999945,0.025600000000000067,0.04069999999999996,0.025600000000000067,,,,0.01702369308492959,0.011916585159450713,False,False,False,False,192
28d,SUI/USDT:USDT,2026-04-14T14:00:00+00:00,15m_fast,supertrend_trend,trending,LONG,53.7,0.9599,0.018099337918596397,0.90560199,1.06849603,0.05429801000000001,False,ALLOW_15M_FAST,1,,,,True,0.0028000000000000247,0.024599999999999955,0.0028000000000000247,0.03639999999999999,0.0028000000000000247,0.03639999999999999,0.034700000000000064,0.03639999999999999,,,,0.017678364271545125,0.012374854990081586,False,False,False,False,192
28d,SUI/USDT:USDT,2026-04-15T13:00:00+00:00,1h_continuation,supertrend_trend,trending,LONG,66.89,0.9501,0.017960069725348582,0.89621979,1.05786042,0.053880209999999984,True,(allowed),8,,,,True,0.0040000000000000036,0.009299999999999975,0.023700000000000054,0.009299999999999975,0.03970000000000007,0.009299999999999975,0.06340000000000012,0.009299999999999975,,,,0.01763356156184247,0.012343493093289727,False,False,False,False,192
28d,SUI/USDT:USDT,2026-04-15T13:00:00+00:00,aligned_trend,supertrend_trend,trending,LONG,45.17,0.9501,0.017960069725348582,0.89621979,1.05786042,0.053880209999999984,False,ALLOW_ALIGNED_TREND,6,,,,True,0.0040000000000000036,0.009299999999999975,0.023700000000000054,0.009299999999999975,0.03970000000000007,0.009299999999999975,0.06340000000000012,0.009299999999999975,,,,0.01763356156184247,0.012343493093289727,False,False,False,False,192
28d,SUI/USDT:USDT,2026-04-15T17:00:00+00:00,aligned_trend,supertrend_trend,trending,LONG,45.36,0.9511,0.017627207602109396,0.89821838,1.05686325,0.05288161999999996,False,ALLOW_ALIGNED_TREND,8,,,,True,0.022700000000000053,0.0024999999999999467,0.022700000000000053,0.0024999999999999467,0.043500000000000094,0.0024999999999999467,0.0917,0.0024999999999999467,,,,0.017985455059810963,0.012589818541867675,False,False,False,False,192
28d,SUI/USDT:USDT,2026-04-16T02:30:00+00:00,15m_fast,supertrend_trend,trending,LONG,61.8,0.9656,0.018490296350798407,0.91012911,1.07654178,0.05547089000000005,False,ALLOW_15M_FAST,2,,,,True,0.014800000000000035,0.0031999999999999806,0.0242,0.0031999999999999806,0.047900000000000054,0.014100000000000001,0.07719999999999994,0.014100000000000001,,,,0.017407328420366054,0.012185129894256238,False,False,False,False,192
28d,SUI/USDT:USDT,2026-04-16T07:00:00+00:00,15m_fast,supertrend_trend,trending,LONG,62.54,0.9818,0.018919560897169948,0.92504132,1.09531737,0.05675868000000006,False,ALLOW_15M_FAST,2,,,,True,0.008000000000000007,0.01849999999999996,0.012800000000000034,0.030299999999999994,0.03170000000000006,0.030299999999999994,0.06099999999999994,0.030299999999999994,,,,0.017297794804248427,0.012108456362973896,False,False,False,False,192
28d,SUI/USDT:USDT,2026-04-16T13:00:00+00:00,15m_fast,supertrend_trend,trending,LONG,58.04,0.9766,0.01960207036541694,0.91779379,1.09421242,0.05880620999999997,False,ALLOW_15M_FAST,1,,,,True,0.018000000000000016,0.02510000000000001,0.030099999999999905,0.02510000000000001,0.036900000000000044,0.02510000000000001,0.06619999999999993,0.02510000000000001,,,,0.016607089625398416,0.011624962737778891,False,False,False,False,192
28d,SUI/USDT:USDT,2026-04-16T13:00:00+00:00,aligned_trend,supertrend_trend,trending,LONG,49.49,0.9766,0.01960207036541694,0.91779379,1.09421242,0.05880620999999997,False,ALLOW_ALIGNED_TREND,2,,,,True,0.018000000000000016,0.02510000000000001,0.030099999999999905,0.02510000000000001,0.036900000000000044,0.02510000000000001,0.06619999999999993,0.02510000000000001,,,,0.016607089625398416,0.011624962737778891,False,False,False,False,192
28d,SUI/USDT:USDT,2026-04-16T16:00:00+00:00,15m_fast,supertrend_trend,trending,LONG,49.1,0.985,0.0212804939107443,0.92115852,1.11268296,0.06384148,False,ALLOW_15M_FAST,1,,,,True,0.019299999999999984,0.015199999999999991,0.02850000000000008,0.015199999999999991,0.05779999999999996,0.015199999999999991,0.05779999999999996,0.028200000000000003,,,,0.015428840308839956,0.010800188216187969,False,False,False,False,192
28d,SUI/USDT:USDT,2026-04-17T08:00:00+00:00,15m_fast,supertrend_trend,trending,LONG,59.17,0.9924,0.022698164477945853,0.92430551,1.12858899,0.0680944899999999,False,ALLOW_15M_FAST,1,,,,True,0.013000000000000123,0.009899999999999909,0.0504,0.009899999999999909,0.0504,0.009899999999999909,0.0504,0.056299999999999906,,,,0.014573866402406445,0.01020170648168451,False,False,False,False,192
28d,SUI/USDT:USDT,2026-04-17T08:00:00+00:00,aligned_trend,supertrend_trend,trending,LONG,50.74,0.9924,0.022698164477945853,0.92430551,1.12858899,0.0680944899999999,False,ALLOW_ALIGNED_TREND,6,,,,True,0.013000000000000123,0.009899999999999909,0.0504,0.009899999999999909,0.0504,0.009899999999999909,0.0504,0.056299999999999906,,,,0.014573866402406445,0.01020170648168451,False,False,False,False,192
28d,SUI/USDT:USDT,2026-04-17T12:00:00+00:00,15m_fast,supertrend_trend,trending,LONG,55.96,0.9998,0.022712581300949723,0.93166226,1.13607549,0.06813774000000006,False,ALLOW_15M_FAST,1,,,,True,0.04299999999999993,0.0040999999999999925,0.04299999999999993,0.0040999999999999925,0.04299999999999993,0.04300000000000004,0.04299999999999993,0.06369999999999998,,,,0.014673219276130956,0.010271253493291667,False,False,False,False,192
28d,SUI/USDT:USDT,2026-04-18T12:00:00+00:00,4h_flip,supertrend_trend,trending,SHORT,80.14,0.9611,0.02475902663014771,1.03537708,0.81254584,0.07427708,True,(allowed),8,,,,True,0.0024999999999999467,0.010300000000000087,0.01100000000000001,0.010300000000000087,0.02499999999999991,0.010300000000000087,0.04499999999999993,0.010300000000000087,,,,0.012939388570471538,0.009057571999330076,False,False,False,False,192
28d,SUI/USDT:USDT,2026-04-19T18:00:00+00:00,1h_continuation,supertrend_trend,trending,SHORT,64.81,0.9381,0.021497638723832525,1.00259292,0.80911417,0.06449292000000006,True,(allowed),6,,,,True,0.007600000000000051,0.008599999999999941,0.02200000000000002,0.008599999999999941,0.02200000000000002,0.015699999999999936,0.02200000000000002,0.02389999999999992,,,,0.014545782699868438,0.010182047889907906,False,False,False,False,192
28d,SUI/USDT:USDT,2026-04-20T05:30:00+00:00,15m_fast,supertrend_trend,trending,SHORT,57.33,0.9301,0.022099785814963573,0.99639936,0.79750129,0.06629935999999992,False,ALLOW_15M_FAST,2,,,,True,0.0028000000000000247,0.023699999999999943,0.0028000000000000247,0.023699999999999943,0.0028000000000000247,0.02529999999999999,0.0046000000000000485,0.04589999999999994,,,,0.01402879303812286,0.009820155126686,False,False,False,False,192
28d,SUI/USDT:USDT,2026-04-21T20:00:00+00:00,adaptive_trend_route,adaptive_trend,ranging,SHORT,75.44,0.9291,0.019368367229447507,0.9775209180736188,0.8322581638527625,0.04842091807361881,False,ALLOW_ADAPTIVE_TREND_ROUTE,8,,,,True,0.0012000000000000899,0.02089999999999992,0.0012000000000000899,0.03589999999999993,0.0012000000000000899,0.04719999999999991,0.006300000000000083,0.04719999999999991,,,,0.019187988104385035,0.013431591673069523,False,False,False,False,192
28d,SUI/USDT:USDT,2026-04-22T12:00:00+00:00,adaptive_trend_route,adaptive_trend,ranging,LONG,75.15,0.9705,0.019051557591635005,0.9228711060209125,1.065757787958175,0.04762889397908754,False,ALLOW_ADAPTIVE_TREND_ROUTE,24,,,,True,0.0049000000000000155,0.006800000000000028,0.0049000000000000155,0.018500000000000072,0.0049000000000000155,0.04310000000000003,0.0049000000000000155,0.047700000000000076,,,,0.020376286722637697,0.014263400705846389,False,False,False,False,192
28d,SUI/USDT:USDT,2026-04-23T04:00:00+00:00,adaptive_trend_route,adaptive_trend,ranging,SHORT,84.47,0.9323,0.018554009693218652,0.9786850242330467,0.8395299515339067,0.04638502423304669,False,ALLOW_ADAPTIVE_TREND_ROUTE,40,,,,True,0.0015000000000000568,0.012599999999999945,0.0022999999999999687,0.012599999999999945,0.009500000000000064,0.02169999999999994,0.009500000000000064,0.023299999999999987,,,,0.020099159489837874,0.01406941164288651,False,False,False,False,192
28d,SUI/USDT:USDT,2026-04-25T16:00:00+00:00,adaptive_trend_route,adaptive_trend,ranging,SHORT,66.83,0.9404,0.014470846927939372,0.9765771173198484,0.8680457653603032,0.036177117319848406,False,ALLOW_ADAPTIVE_TREND_ROUTE,32,,,,True,0.009299999999999975,0.0027000000000000357,0.009500000000000064,0.0027000000000000357,0.009500000000000064,0.009299999999999975,0.017199999999999993,0.02290000000000003,,,,0.025994332043809746,0.018196032430666823,False,False,False,True,160
28d,SUI/USDT:USDT,2026-04-27T04:00:00+00:00,adaptive_trend_route,adaptive_trend,ranging,LONG,68.18,0.9563,0.013253779002561123,0.9231655524935972,1.0225688950128056,0.03313444750640282,False,ALLOW_ADAPTIVE_TREND_ROUTE,8,,,,True,0.007000000000000006,0.03310000000000002,0.007000000000000006,0.03310000000000002,0.007000000000000006,0.03310000000000002,0.007000000000000006,0.03310000000000002,,,,0.02886120252390528,0.020202841766733697,False,True,True,True,16
28d,XRP/USDT:USDT,2026-03-30T07:30:00+00:00,4h_flip,supertrend_trend,trending,LONG,79.65,1.3502,0.020349771063529653,1.28915069,1.47229863,0.06104931000000002,False,(allowed),1,,,,True,0.016100000000000003,0.006099999999999994,0.016100000000000003,0.015800000000000036,0.016100000000000003,0.03670000000000018,0.016799999999999926,0.04740000000000011,,,,0.02211654808219781,0.015481583657538467,False,False,False,False,192
28d,XRP/USDT:USDT,2026-03-31T12:00:00+00:00,4h_flip,supertrend_trend,trending,SHORT,90.15,1.314,0.020609966182279345,1.3758299,1.1903402,0.06182989999999999,False,(allowed),8,,,,True,0.0034000000000000696,0.0242,0.0034000000000000696,0.032299999999999995,0.0034000000000000696,0.052999999999999936,0.01629999999999998,0.05389999999999984,,,,0.021251853876522526,0.014876297713565769,False,False,False,False,192
28d,XRP/USDT:USDT,2026-04-01T08:00:00+00:00,4h_flip,supertrend_trend,trending,LONG,68.85,1.356,0.022264450031454604,1.28920665,1.4895867,0.0667933500000002,False,(allowed),8,,,,True,0.0020000000000000018,0.007600000000000051,0.0042999999999999705,0.011900000000000022,0.0118999999999998,0.052000000000000046,0.0118999999999998,0.07690000000000019,,,,0.020301422222421785,0.014210995555695249,False,False,False,False,192
28d,XRP/USDT:USDT,2026-04-01T17:00:00+00:00,15m_fast,supertrend_trend,trending,LONG,50.84,1.3581,0.02099128599650933,1.29512614,1.48404772,0.06297386000000005,False,ALLOW_15M_FAST,1,False,False,True,False,0.009799999999999809,0.01670000000000016,0.009799999999999809,0.01670000000000016,0.009799999999999809,0.07900000000000018,0.009799999999999809,0.07900000000000018,1140.0,,,0.02156609107334375,0.015096263751340624,False,False,False,False,192
28d,XRP/USDT:USDT,2026-04-01T22:00:00+00:00,15m_fast,supertrend_trend,ranging,LONG,56.09,1.3544,0.02109190842533009,1.30167023,1.45985954,0.05272977000000001,False,ALLOW_15M_FAST,1,False,False,True,False,0.0019000000000000128,0.03310000000000013,0.0019000000000000128,0.0504,0.0019000000000000128,0.07530000000000014,0.0019000000000000128,0.07530000000000014,795.0,,,0.02568568002477538,0.01797997601734276,False,False,False,False,192
28d,XRP/USDT:USDT,2026-04-02T04:00:00+00:00,4h_flip,supertrend_trend,trending,SHORT,80.81,1.312,0.022809859815718293,1.38042958,1.17514084,0.06842957999999988,False,(allowed),8,,,,True,0.008000000000000007,0.007600000000000051,0.01429999999999998,0.007600000000000051,0.03290000000000015,0.011099999999999888,0.03290000000000015,0.023599999999999843,,,,0.019172995070260584,0.01342109654918241,False,False,False,False,192
28d,XRP/USDT:USDT,2026-04-04T04:00:00+00:00,adaptive_trend_route,adaptive_trend,ranging,SHORT,78.34,1.3153,0.018189984662080567,1.3607749616552014,1.2243500766895972,0.045474961655201485,False,ALLOW_ADAPTIVE_TREND_ROUTE,72,,,,True,0.0008999999999999009,0.0047000000000001485,0.009399999999999853,0.0047000000000001485,0.00969999999999982,0.00670000000000015,0.0383,0.03330000000000011,,,,0.0289236087755899,0.020246526142912932,False,False,False,False,192
28d,XRP/USDT:USDT,2026-04-06T00:00:00+00:00,4h_flip,supertrend_trend,ranging,LONG,66.19,1.3259,0.01683392523133512,1.28381519,1.41006963,0.04208480999999997,False,(allowed),8,,,,True,0.022699999999999942,0.000600000000000156,0.022699999999999942,0.000600000000000156,0.031099999999999905,0.014800000000000146,0.06999999999999984,0.03190000000000004,,,,0.031505429156030426,0.022053800409221298,False,False,False,False,192
28d,XRP/USDT:USDT,2026-04-06T08:00:00+00:00,adaptive_trend_route,adaptive_trend,ranging,LONG,61.05,1.3437,0.01682466002089612,1.3016383499477595,1.4278233001044804,0.042061650052240385,False,ALLOW_ADAPTIVE_TREND_ROUTE,16,,,,True,0.01330000000000009,0.00649999999999995,0.01330000000000009,0.00649999999999995,0.01330000000000009,0.038999999999999924,0.052200000000000024,0.049699999999999855,,,,0.031945964990225784,0.02236217549315805,False,False,False,False,192
28d,XRP/USDT:USDT,2026-04-09T04:00:00+00:00,4h_flip,supertrend_trend,trending,SHORT,66.09,1.3304,0.022588270005608275,1.39816481,1.19487038,0.0677648099999999,False,(allowed),8,,,,True,0.005300000000000082,0.0045999999999999375,0.006000000000000005,0.00770000000000004,0.009500000000000064,0.038799999999999946,0.009500000000000064,0.038799999999999946,,,,0.01963260872420364,0.013742826106942548,False,False,False,False,192
28d,XRP/USDT:USDT,2026-04-11T07:00:00+00:00,1h_continuation,supertrend_trend,trending,SHORT,47.21,1.3455,0.01856987264312122,1.40120962,1.23408076,0.055709620000000015,False,(allowed),2,,,,True,0.0041999999999999815,0.0027000000000001467,0.006299999999999972,0.0033000000000000806,0.021499999999999853,0.029400000000000093,0.02739999999999987,0.029400000000000093,,,,0.024152022577070165,0.016906415803949113,False,False,False,False,192
28d,XRP/USDT:USDT,2026-04-12T02:00:00+00:00,1h_continuation,supertrend_trend,trending,SHORT,47.95,1.3286,0.017855023061972713,1.38216507,1.22146986,0.0535650700000001,False,(allowed),2,,,,True,0.0045999999999999375,0.008099999999999996,0.0045999999999999375,0.008099999999999996,0.010499999999999954,0.010199999999999987,0.010499999999999954,0.055500000000000105,,,,0.024803477340737116,0.017362434138515983,False,False,False,False,192
28d,XRP/USDT:USDT,2026-04-12T13:30:00+00:00,15m_fast,supertrend_trend,ranging,SHORT,49.54,1.3295,0.01713159098657216,1.37232898,1.24384205,0.04282898000000013,False,ALLOW_15M_FAST,1,,,,True,0.011399999999999855,0.0020999999999999908,0.011399999999999855,0.009300000000000086,0.011399999999999855,0.009300000000000086,0.011399999999999855,0.054600000000000204,,,,0.031042065442604422,0.021729445809823094,False,False,False,False,192
28d,XRP/USDT:USDT,2026-04-12T16:00:00+00:00,adaptive_trend_route,adaptive_trend,ranging,SHORT,65.8,1.3231,0.017029334487531293,1.3656733362188282,1.2379533275623436,0.042573336218828306,False,ALLOW_ADAPTIVE_TREND_ROUTE,48,,,,True,0.0005999999999999339,0.010199999999999987,0.0014999999999998348,0.015700000000000047,0.0044999999999999485,0.0233000000000001,0.0044999999999999485,0.07190000000000007,,,,0.0310781375741667,0.021754696301916687,False,False,False,False,192
28d,XRP/USDT:USDT,2026-04-14T13:30:00+00:00,15m_fast,supertrend_trend,trending,LONG,57.21,1.3728,0.017898198756236574,1.3191054,1.48018919,0.05369460000000004,False,ALLOW_15M_FAST,2,,,,True,0.022199999999999998,0.007400000000000073,0.022199999999999998,0.021300000000000097,0.022199999999999998,0.024399999999999977,0.057700000000000085,0.024399999999999977,,,,0.025566816774871198,0.017896771742409837,False,False,False,False,192
28d,XRP/USDT:USDT,2026-04-15T15:00:00+00:00,1h_continuation,supertrend_trend,trending,LONG,67.84,1.3759,0.017698733167673484,1.3228038,1.4820924,0.05309619999999993,False,(allowed),8,True,,,False,0.01110000000000011,0.004899999999999904,0.032400000000000206,0.004899999999999904,0.057800000000000074,0.004899999999999904,0.1333000000000002,0.004899999999999904,,1335.0,,0.025913342197746766,0.018139339538422734,False,False,False,False,192
28d,XRP/USDT:USDT,2026-04-15T15:00:00+00:00,aligned_trend,supertrend_trend,trending,LONG,45.88,1.3759,0.017698733167673484,1.3228038,1.4820924,0.05309619999999993,False,ALLOW_ALIGNED_TREND,4,True,,,False,0.01110000000000011,0.004899999999999904,0.032400000000000206,0.004899999999999904,0.057800000000000074,0.004899999999999904,0.1333000000000002,0.004899999999999904,,1335.0,,0.025913342197746766,0.018139339538422734,False,False,False,False,192
28d,XRP/USDT:USDT,2026-04-15T22:30:00+00:00,15m_fast,supertrend_trend,trending,LONG,47.69,1.3949,0.019423907680289898,1.33662828,1.51144345,0.05827172000000003,False,ALLOW_15M_FAST,1,True,,,False,0.009099999999999886,0.010199999999999987,0.020100000000000007,0.010199999999999987,0.07079999999999997,0.010199999999999987,0.11430000000000007,0.010199999999999987,,1245.0,,0.023937855275251864,0.016756498692676303,False,False,False,False,192
28d,XRP/USDT:USDT,2026-04-16T12:30:00+00:00,15m_fast,supertrend_trend,trending,LONG,52.4,1.4164,0.01995095864370991,1.35654712,1.53610575,0.05985288,False,ALLOW_15M_FAST,1,,,,True,0.024799999999999933,0.0244000000000002,0.0492999999999999,0.0244000000000002,0.0492999999999999,0.0244000000000002,0.0928,0.0244000000000002,,,,0.02366469249265867,0.016565284744861068,False,False,False,False,192
28d,XRP/USDT:USDT,2026-04-16T15:30:00+00:00,15m_fast,supertrend_trend,trending,LONG,52.4,1.4155,0.01995095864370991,1.35564712,1.53520575,0.05985288,False,ALLOW_15M_FAST,1,True,,,False,0.03770000000000007,0.0020000000000000018,0.05020000000000002,0.0020000000000000018,0.09370000000000012,0.0020000000000000018,0.09370000000000012,0.0020000000000000018,,1290.0,,0.023649655622252432,0.0165547589355767,False,False,False,False,192
28d,XRP/USDT:USDT,2026-04-17T08:00:00+00:00,15m_fast,supertrend_trend,trending,LONG,54.0,1.4366,0.02365160682249024,1.36564518,1.57850964,0.07095482000000009,False,ALLOW_15M_FAST,1,True,,,False,0.021999999999999797,0.0047000000000001485,0.0726,0.0047000000000001485,0.0726,0.0047000000000001485,0.0726,0.0233000000000001,,390.0,,0.020246686553499794,0.014172680587449856,False,False,False,False,192
28d,XRP/USDT:USDT,2026-04-17T09:00:00+00:00,aligned_trend,supertrend_trend,trending,LONG,45.0,1.446,0.02365160682249024,1.37504518,1.58790964,0.07095481999999986,False,ALLOW_ALIGNED_TREND,4,,,,True,0.014599999999999946,0.014100000000000001,0.06320000000000014,0.014100000000000001,0.06320000000000014,0.014100000000000001,0.06320000000000014,0.03269999999999995,,,,0.020379165220911037,0.014265415654637724,False,False,False,False,192
28d,XRP/USDT:USDT,2026-04-17T13:00:00+00:00,15m_fast,supertrend_trend,trending,LONG,60.0,1.4581,0.023869349192312365,1.38649195,1.6013161,0.07160805000000003,False,ALLOW_15M_FAST,2,,,,True,0.051100000000000145,0.0033999999999998476,0.051100000000000145,0.0033999999999998476,0.051100000000000145,0.034499999999999975,0.051100000000000145,0.04600000000000004,,,,0.020362235810080002,0.014253565067056,False,False,False,False,192
28d,XRP/USDT:USDT,2026-04-17T13:00:00+00:00,aligned_trend,supertrend_trend,trending,LONG,45.0,1.4581,0.023869349192312365,1.38649195,1.6013161,0.07160805000000003,False,ALLOW_ALIGNED_TREND,6,,,,True,0.051100000000000145,0.0033999999999998476,0.051100000000000145,0.0033999999999998476,0.051100000000000145,0.034499999999999975,0.051100000000000145,0.04600000000000004,,,,0.020362235810080002,0.014253565067056,False,False,False,False,192
28d,XRP/USDT:USDT,2026-04-19T08:00:00+00:00,4h_flip,supertrend_trend,trending,SHORT,83.88,1.4192,0.02377664367151011,1.49052993,1.27654014,0.07132992999999987,False,(allowed),8,,,,True,0.007100000000000106,0.011600000000000055,0.007100000000000106,0.026799999999999935,0.030899999999999928,0.026799999999999935,0.030899999999999928,0.026799999999999935,,,,0.01989627635972729,0.013927393451809104,False,False,False,False,192
28d,XRP/USDT:USDT,2026-04-19T16:00:00+00:00,15m_fast,supertrend_trend,trending,SHORT,46.58,1.4306,0.023641595818802093,1.50152479,1.28875043,0.07092478999999985,False,ALLOW_15M_FAST,1,,,,True,0.020199999999999996,0.0009999999999998899,0.042300000000000004,0.0009999999999998899,0.042300000000000004,0.0039000000000000146,0.042300000000000004,0.018199999999999994,,,,0.020170662472176557,0.01411946373052359,False,False,False,False,192
28d,XRP/USDT:USDT,2026-04-20T05:30:00+00:00,15m_fast,supertrend_trend,trending,SHORT,56.72,1.3995,0.02355334767270706,1.47016004,1.25817991,0.07066003999999992,False,ALLOW_15M_FAST,1,,,,True,0.004999999999999893,0.032200000000000006,0.004999999999999893,0.032200000000000006,0.004999999999999893,0.037000000000000144,0.004999999999999893,0.0596000000000001,,,,0.0198061025722601,0.013864271800582069,False,False,False,False,192
28d,XRP/USDT:USDT,2026-04-21T18:00:00+00:00,1h_continuation,supertrend_trend,trending,SHORT,48.91,1.4236,0.021145683521311413,1.48703705,1.2967259,0.0634370500000001,False,(allowed),2,,,,True,0.013299999999999867,0.007600000000000051,0.013299999999999867,0.010199999999999987,0.013299999999999867,0.03859999999999997,0.015600000000000058,0.03859999999999997,,,,0.022441144410088387,0.01570880108706187,False,False,False,False,192
28d,XRP/USDT:USDT,2026-04-22T08:00:00+00:00,4h_flip,supertrend_trend,ranging,LONG,80.88,1.4537,0.021435390645881274,1.40011152,1.56087695,0.05358847999999994,False,(allowed),8,,,,True,0.001100000000000101,0.006000000000000005,0.008499999999999952,0.007200000000000095,0.008499999999999952,0.043299999999999894,0.008499999999999952,0.045700000000000074,,,,0.027127098958582174,0.018988969271007523,False,False,False,False,192
28d,XRP/USDT:USDT,2026-04-23T12:00:00+00:00,adaptive_trend_route,adaptive_trend,ranging,SHORT,68.17,1.4156,0.018687789720420678,1.4623194743010517,1.3221610513978965,0.04671947430105172,False,ALLOW_ADAPTIVE_TREND_ROUTE,8,,,,True,0.0024999999999999467,0.02079999999999993,0.0024999999999999467,0.024899999999999922,0.0024999999999999467,0.02970000000000006,0.0024999999999999467,0.03469999999999995,,,,0.03029999847340176,0.021209998931381233,False,False,False,False,192
28d,XRP/USDT:USDT,2026-04-24T08:00:00+00:00,adaptive_trend_route,adaptive_trend,ranging,LONG,74.46,1.432,0.01783483706317335,1.3874129073420665,1.5211741853158667,0.04458709265793348,False,ALLOW_ADAPTIVE_TREND_ROUTE,64,,,,True,0.00770000000000004,0.008899999999999908,0.01540000000000008,0.008899999999999908,0.018299999999999983,0.008899999999999908,0.018299999999999983,0.014999999999999902,,,,0.03211691802796209,0.02248184261957346,False,False,False,False,192
28d,XRP/USDT:USDT,2026-04-27T04:00:00+00:00,adaptive_trend_route,adaptive_trend,ranging,LONG,71.26,1.4419,0.01356997242139285,1.4079750689465178,1.5097498621069643,0.033924931053482155,False,ALLOW_ADAPTIVE_TREND_ROUTE,8,,,,True,0.00019999999999997797,0.03059999999999996,0.00019999999999997797,0.03059999999999996,0.00019999999999997797,0.03059999999999996,0.00019999999999997797,0.03059999999999996,,,,0.042502665597959975,0.029751865918571978,False,True,True,True,16
60d,ADA/USDT:USDT,2026-02-27T06:00:00+00:00,1h_continuation,supertrend_trend,trending,LONG,75.01,0.2949,0.00783143998980495,0.27140568,0.34188864,0.023494320000000013,False,(allowed),10,,,,True,0.00019999999999997797,0.005699999999999983,0.00019999999999997797,0.01479999999999998,0.00019999999999997797,0.022699999999999998,0.00019999999999997797,0.0358,,,,0.01255197000807003,0.00878637900564902,False,False,False,False,192
60d,ADA/USDT:USDT,2026-02-27T06:00:00+00:00,aligned_trend,supertrend_trend,trending,LONG,51.25,0.2949,0.00783143998980495,0.27140568,0.34188864,0.023494320000000013,False,ALLOW_ALIGNED_TREND,4,,,,True,0.00019999999999997797,0.005699999999999983,0.00019999999999997797,0.01479999999999998,0.00019999999999997797,0.022699999999999998,0.00019999999999997797,0.0358,,,,0.01255197000807003,0.00878637900564902,False,False,False,False,192
60d,ADA/USDT:USDT,2026-02-27T12:00:00+00:00,4h_flip,supertrend_trend,trending,SHORT,79.4,0.2817,0.008116904889168556,0.30605071,0.23299857,0.024350709999999998,False,(allowed),8,,,,True,0.0025000000000000022,0.0030999999999999917,0.007500000000000007,0.0030999999999999917,0.02260000000000001,0.0030999999999999917,0.02260000000000001,0.01050000000000001,,,,0.011568451186844245,0.008097915830790971,False,False,False,False,192
60d,ADA/USDT:USDT,2026-03-01T00:00:00+00:00,4h_flip,supertrend_trend,trending,LONG,69.0,0.2808,0.008475866046714657,0.2553724,0.3316552,0.025427599999999995,False,(allowed),8,,,,True,0.011400000000000021,0.003400000000000014,0.011400000000000021,0.003400000000000014,0.011400000000000021,0.011900000000000022,0.011400000000000021,0.0126,,,,0.011043118501156225,0.007730182950809359,False,False,False,False,192
60d,ADA/USDT:USDT,2026-03-02T12:00:00+00:00,adaptive_trend_route,adaptive_trend,ranging,SHORT,74.75,0.2718,0.008429792331610914,0.2928744808290273,0.22965103834194542,0.021074480829027298,False,ALLOW_ADAPTIVE_TREND_ROUTE,8,,,,True,0.0022999999999999687,0.014800000000000035,0.0022999999999999687,0.016699999999999993,0.009299999999999975,0.016699999999999993,0.013600000000000001,0.016699999999999993,,,,0.01289711486631887,0.009027980406423209,False,False,False,False,192
60d,ADA/USDT:USDT,2026-03-03T00:00:00+00:00,adaptive_trend_route,adaptive_trend,ranging,SHORT,72.05,0.2768,0.008970391309238034,0.29922597827309505,0.23194804345380982,0.02242597827309506,False,ALLOW_ADAPTIVE_TREND_ROUTE,24,,,,True,0.005400000000000016,0.00020000000000003348,0.009299999999999975,0.00020000000000003348,0.016699999999999993,0.00020000000000003348,0.018600000000000005,0.008199999999999985,,,,0.012342828331911972,0.00863997983233838,False,False,False,False,192
60d,ADA/USDT:USDT,2026-03-05T04:00:00+00:00,adaptive_trend_route,adaptive_trend,ranging,LONG,69.03,0.2739,0.008321472924336975,0.2530963176891575,0.3155073646216848,0.020803682310842453,False,ALLOW_ADAPTIVE_TREND_ROUTE,16,,,,True,0.0024000000000000132,0.0033999999999999586,0.0037000000000000366,0.003899999999999959,0.0040000000000000036,0.008999999999999952,0.0040000000000000036,0.018699999999999994,,,,0.013165938409723212,0.009216156886806248,False,False,False,False,192
60d,ADA/USDT:USDT,2026-03-06T00:00:00+00:00,adaptive_trend_route,adaptive_trend,ranging,SHORT,73.46,0.2689,0.007783902627059864,0.2883597565676496,0.22998048686470066,0.019459756567649644,False,ALLOW_ADAPTIVE_TREND_ROUTE,32,,,,True,0.0019999999999999463,0.0024000000000000132,0.0019999999999999463,0.0029000000000000137,0.01369999999999999,0.0029000000000000137,0.017799999999999983,0.0029000000000000137,,,,0.013818261244183581,0.009672782870928506,False,False,False,False,192
60d,ADA/USDT:USDT,2026-03-07T00:00:00+00:00,adaptive_trend_route,adaptive_trend,ranging,SHORT,82.05,0.2589,0.007195516596961111,0.2768887914924028,0.22292241701519447,0.01798879149240279,False,ALLOW_ADAPTIVE_TREND_ROUTE,32,,,,True,0.0005000000000000004,0.0020000000000000018,0.0021000000000000463,0.0020000000000000018,0.007800000000000029,0.0020000000000000018,0.013300000000000006,0.0020000000000000018,,,,0.014392295341759969,0.01007460673923198,False,False,False,False,192
60d,ADA/USDT:USDT,2026-03-08T16:00:00+00:00,1h_continuation,supertrend_trend,trending,SHORT,54.67,0.2494,0.005835788261632185,0.26690736,0.21438527,0.017507359999999972,False,(allowed),4,,,,True,0.0012000000000000066,0.004699999999999982,0.003799999999999998,0.0050000000000000044,0.003799999999999998,0.010599999999999998,0.003799999999999998,0.0242,,,,0.014245437347492734,0.009971806143244914,False,False,False,False,192
60d,ADA/USDT:USDT,2026-03-08T22:30:00+00:00,15m_fast,supertrend_trend,trending,SHORT,53.07,0.2489,0.005840374814372743,0.26642112,0.21385775,0.01752112,False,ALLOW_15M_FAST,1,,,,True,0.0013000000000000234,0.004599999999999993,0.0013000000000000234,0.010399999999999965,0.0013000000000000234,0.013899999999999968,0.0013000000000000234,0.025399999999999978,,,,0.014205712876802397,0.009943999013761678,False,False,False,False,192
60d,ADA/USDT:USDT,2026-03-10T12:00:00+00:00,4h_flip,supertrend_trend,trending,LONG,81.54,0.2641,0.006362011459959375,0.24501397,0.30227207,0.019086030000000004,False,(allowed),8,,,,True,0.009500000000000008,0.003300000000000025,0.010199999999999987,0.003300000000000025,0.010199999999999987,0.007699999999999985,0.010199999999999987,0.007699999999999985,,,,0.013837345954082644,0.009686142167857851,False,False,False,False,192
60d,ADA/USDT:USDT,2026-03-11T15:00:00+00:00,1h_continuation,supertrend_trend,trending,LONG,64.34,0.2636,0.006454601236123326,0.2442362,0.30232761,0.019363800000000014,False,(allowed),8,,,,True,0.0030000000000000027,0.004500000000000004,0.0030999999999999917,0.004500000000000004,0.0030999999999999917,0.005900000000000016,0.017799999999999983,0.005900000000000016,,,,0.013613030500211726,0.009529121350148207,False,False,False,False,192
60d,ADA/USDT:USDT,2026-03-11T17:30:00+00:00,15m_fast,supertrend_trend,trending,LONG,58.91,0.2655,0.006700701147828804,0.2453979,0.30570421,0.02010210000000001,False,ALLOW_15M_FAST,2,,,,True,0.0011999999999999789,0.003200000000000036,0.0011999999999999789,0.005099999999999993,0.0011999999999999789,0.007800000000000029,0.01589999999999997,0.007800000000000029,,,,0.013207575327950803,0.009245302729565563,False,False,False,False,192
60d,ADA/USDT:USDT,2026-03-13T00:00:00+00:00,1h_continuation,supertrend_trend,trending,LONG,65.72,0.2634,0.005665908592104319,0.24640227,0.29739545,0.016997730000000016,False,(allowed),8,True,,,False,0.009499999999999953,0.0007000000000000339,0.012399999999999967,0.0007000000000000339,0.01799999999999996,0.0007000000000000339,0.01799999999999996,0.005400000000000016,,795.0,,0.015496186843772655,0.010847330790640859,False,False,False,False,192
60d,ADA/USDT:USDT,2026-03-14T08:00:00+00:00,4h_flip,supertrend_trend,trending,SHORT,75.33,0.2615,0.00600452290666489,0.27951357,0.22547286,0.01801356999999998,False,(allowed),8,,,,True,0.0024000000000000132,0.00019999999999997797,0.0024000000000000132,0.00019999999999997797,0.003500000000000003,0.005599999999999994,0.003500000000000003,0.030899999999999983,,,,0.014516833698150912,0.010161783588705639,False,False,False,False,192
60d,ADA/USDT:USDT,2026-03-16T00:00:00+00:00,4h_flip,supertrend_trend,trending,LONG,84.29,0.2701,0.0051811262194405875,0.25455662,0.30118676,0.015543379999999996,False,(allowed),8,True,,,False,0.01040000000000002,0.0014000000000000123,0.022299999999999986,0.0014000000000000123,0.02350000000000002,0.0014000000000000123,0.02350000000000002,0.0014000000000000123,,315.0,,0.017377172789959462,0.012164020952971623,False,False,False,False,192
60d,ADA/USDT:USDT,2026-03-16T19:30:00+00:00,15m_fast,supertrend_trend,trending,LONG,48.51,0.2881,0.006594578976297447,0.26831626,0.32766747,0.01978374000000005,False,ALLOW_15M_FAST,1,,,,True,0.0033999999999999586,0.0016000000000000458,0.0050000000000000044,0.0016000000000000458,0.0050000000000000044,0.006500000000000006,0.007399999999999962,0.01870000000000005,,,,0.014562463922392797,0.010193724745674959,False,False,False,False,192
60d,ADA/USDT:USDT,2026-03-18T16:00:00+00:00,4h_flip,supertrend_trend,trending,SHORT,78.45,0.2712,0.00718959452036455,0.29276878,0.22806243,0.02156878000000001,False,(allowed),8,,,,True,0.0015999999999999903,0.003699999999999981,0.0015999999999999903,0.003699999999999981,0.008199999999999985,0.005400000000000016,0.008900000000000019,0.005400000000000016,,,,0.01257372925126038,0.008801610475882266,False,False,False,False,192
60d,ADA/USDT:USDT,2026-03-19T03:00:00+00:00,15m_fast,supertrend_trend,trending,SHORT,48.1,0.272,0.006886436091538818,0.29265931,0.23068138,0.020659309999999986,False,ALLOW_15M_FAST,1,,,,True,0.0021000000000000463,0.004599999999999993,0.006000000000000005,0.004599999999999993,0.009700000000000042,0.004599999999999993,0.01050000000000001,0.004599999999999993,,,,0.013165976985678623,0.009216183889975036,False,False,False,False,192
60d,ADA/USDT:USDT,2026-03-19T05:30:00+00:00,15m_fast,supertrend_trend,trending,SHORT,61.93,0.2715,0.006794547799286045,0.29188364,0.23073271,0.02038363999999998,False,ALLOW_15M_FAST,2,,,,True,0.005500000000000005,0.0006999999999999784,0.008500000000000008,0.0006999999999999784,0.009200000000000041,0.0013999999999999568,0.010000000000000009,0.0013999999999999568,,,,0.013319505250288972,0.009323653675202279,False,False,False,False,192
60d,ADA/USDT:USDT,2026-03-19T12:00:00+00:00,15m_fast,supertrend_trend,trending,SHORT,54.86,0.2686,0.006749890704486437,0.28884967,0.22810066,0.020249669999999997,False,ALLOW_15M_FAST,1,,,,True,0.005599999999999994,0.0,0.006300000000000028,0.00040000000000001146,0.006300000000000028,0.0042999999999999705,0.007099999999999995,0.0042999999999999705,,,,0.013264413691679917,0.009285089584175942,False,False,False,False,192
60d,ADA/USDT:USDT,2026-03-20T14:00:00+00:00,1h_continuation,supertrend_trend,trending,SHORT,66.16,0.2658,0.006106654779448756,0.28411996,0.22916007,0.018319960000000024,False,(allowed),8,,,,True,0.0020000000000000018,0.0018000000000000238,0.0042999999999999705,0.0018000000000000238,0.0042999999999999705,0.0018000000000000238,0.013799999999999979,0.0018000000000000238,,,,0.014508765302980993,0.010156135712086694,False,False,False,False,192
60d,ADA/USDT:USDT,2026-03-21T08:00:00+00:00,15m_fast,supertrend_trend,trending,SHORT,53.8,0.2648,0.005380218571551043,0.28094066,0.23251869,0.01614066000000003,False,ALLOW_15M_FAST,1,,,,True,0.0010000000000000009,0.0009000000000000119,0.0020999999999999908,0.0009000000000000119,0.012799999999999978,0.0014000000000000123,0.017299999999999982,0.0014000000000000123,,,,0.016405772750308818,0.01148404092521617,False,False,False,False,192
60d,ADA/USDT:USDT,2026-03-21T17:00:00+00:00,aligned_trend,supertrend_trend,trending,SHORT,45.32,0.2639,0.004957943564245545,0.27877383,0.23415234,0.014873829999999977,False,ALLOW_ALIGNED_TREND,6,,,,True,0.0005000000000000004,0.0021999999999999797,0.011900000000000022,0.0022999999999999687,0.011900000000000022,0.0022999999999999687,0.016400000000000026,0.0030999999999999917,,,,0.01774257202079091,0.012419800414553634,False,False,False,False,192
60d,ADA/USDT:USDT,2026-03-22T08:30:00+00:00,15m_fast,supertrend_trend,trending,SHORT,48.99,0.2552,0.005172725586693484,0.27071818,0.22416365,0.015518179999999993,False,ALLOW_15M_FAST,1,,,,True,0.0005999999999999894,0.0020999999999999908,0.0005999999999999894,0.0020999999999999908,0.007699999999999985,0.0020999999999999908,0.007699999999999985,0.0131,,,,0.01644522746868512,0.011511659228079585,False,False,False,False,192
60d,ADA/USDT:USDT,2026-03-23T06:30:00+00:00,15m_fast,supertrend_trend,trending,SHORT,54.0,0.2509,0.004854023809387794,0.26546207,0.22177586,0.014562069999999983,False,ALLOW_15M_FAST,1,False,False,True,False,0.003400000000000014,0.0006999999999999784,0.003400000000000014,0.01429999999999998,0.003400000000000014,0.016100000000000003,0.003400000000000014,0.019399999999999973,510.0,,,0.01722969330596545,0.012060785314175815,False,False,False,False,192
60d,ADA/USDT:USDT,2026-03-23T16:00:00+00:00,4h_flip,supertrend_trend,trending,LONG,83.27,0.261,0.0060689833488429285,0.24279305,0.2974139,0.01820695,False,(allowed),8,,,,True,0.002599999999999991,0.002599999999999991,0.003400000000000014,0.002599999999999991,0.007299999999999973,0.0030999999999999917,0.01579999999999998,0.003200000000000036,,,,0.014335185190270749,0.010034629633189523,False,False,False,False,192
60d,ADA/USDT:USDT,2026-03-24T04:00:00+00:00,15m_fast,supertrend_trend,trending,LONG,49.34,0.2614,0.005792695487393556,0.24402191,0.29615617,0.017378090000000013,False,ALLOW_15M_FAST,1,,,,True,0.0043999999999999595,0.0019000000000000128,0.006899999999999962,0.0019000000000000128,0.007699999999999985,0.0036000000000000476,0.01539999999999997,0.0036000000000000476,,,,0.015041929233880123,0.010529350463716086,False,False,False,False,192
60d,ADA/USDT:USDT,2026-03-24T21:00:00+00:00,1h_continuation,supertrend_trend,trending,LONG,50.85,0.2645,0.005677537375454164,0.24746739,0.29856522,0.017032610000000004,False,(allowed),4,,,,True,0.0042999999999999705,0.0010999999999999899,0.004599999999999993,0.0010999999999999899,0.012299999999999978,0.0010999999999999899,0.012299999999999978,0.0121,,,,0.015529035186034318,0.010870324630224021,False,False,False,False,192
60d,ADA/USDT:USDT,2026-03-25T00:00:00+00:00,1h_continuation,supertrend_trend,trending,LONG,45.51,0.2663,0.005786284705778869,0.24894115,0.30101771,0.01735884999999998,False,(allowed),2,,,,True,0.0028000000000000247,0.0007999999999999674,0.005300000000000027,0.0007999999999999674,0.01050000000000001,0.0007999999999999674,0.01050000000000001,0.013899999999999968,,,,0.015340877995950207,0.010738614597165144,False,False,False,False,192
60d,ADA/USDT:USDT,2026-03-26T12:00:00+00:00,4h_flip,supertrend_trend,trending,SHORT,68.62,0.2571,0.005415815258028678,0.27334745,0.22460511,0.016247449999999997,False,(allowed),8,,,,True,0.002799999999999969,0.002599999999999991,0.0041999999999999815,0.002599999999999991,0.0131,0.002599999999999991,0.01319999999999999,0.002599999999999991,,,,0.0158240216156997,0.011076815130989789,False,False,False,False,192
60d,ADA/USDT:USDT,2026-03-26T23:30:00+00:00,15m_fast,supertrend_trend,trending,SHORT,57.28,0.2542,0.005285065196973705,0.2700552,0.22248961,0.015855200000000014,False,ALLOW_15M_FAST,2,,,,True,0.0008999999999999564,0.0018000000000000238,0.0017999999999999683,0.0018000000000000238,0.010199999999999987,0.0018000000000000238,0.010299999999999976,0.0018000000000000238,,,,0.016032594984610713,0.011222816489227499,False,False,False,False,192
60d,ADA/USDT:USDT,2026-03-29T00:00:00+00:00,1h_continuation,supertrend_trend,trending,SHORT,66.29,0.2458,0.004671555612547638,0.25981467,0.21777067,0.014014670000000035,False,(allowed),8,,,,True,0.0010000000000000009,0.0014000000000000123,0.0032999999999999974,0.0014000000000000123,0.013399999999999995,0.0014000000000000123,0.013399999999999995,0.007000000000000034,,,,0.01753876473723601,0.012277135316065207,False,False,False,False,192
60d,ADA/USDT:USDT,2026-03-30T08:00:00+00:00,4h_flip,supertrend_trend,trending,LONG,75.27,0.2485,0.004801147249878428,0.23409656,0.27730688,0.01440343999999999,False,(allowed),8,,,,True,0.004300000000000026,0.0010000000000000009,0.004300000000000026,0.0012999999999999956,0.004300000000000026,0.006200000000000011,0.006199999999999983,0.014300000000000007,,,,0.017252822936742903,0.01207697605572003,False,False,False,False,192
60d,ADA/USDT:USDT,2026-03-31T03:00:00+00:00,1h_continuation,supertrend_trend,trending,LONG,52.21,0.2481,0.0048328370107189175,0.23360149,0.27709702,0.014498509999999992,False,(allowed),4,,,,True,0.0,0.004899999999999988,0.0,0.008699999999999986,0.0,0.013899999999999996,0.006599999999999995,0.013899999999999996,,,,0.01711210324371264,0.011978472270598846,False,False,False,False,192
60d,ADA/USDT:USDT,2026-03-31T16:00:00+00:00,4h_flip,supertrend_trend,trending,SHORT,85.1,0.2378,0.00507109167698727,0.25301328,0.20737345,0.015213279999999996,False,(allowed),8,False,False,True,False,0.00360000000000002,0.0041999999999999815,0.00360000000000002,0.004599999999999993,0.00360000000000002,0.01689999999999997,0.00360000000000002,0.01689999999999997,840.0,,,0.015631080214128713,0.010941756149890099,False,False,False,False,192
60d,ADA/USDT:USDT,2026-04-01T08:00:00+00:00,4h_flip,supertrend_trend,trending,LONG,69.56,0.2498,0.005598408199355303,0.23300478,0.28339045,0.01679522,False,(allowed),8,,,,True,0.00020000000000000573,0.0040999999999999925,0.0011000000000000176,0.004599999999999993,0.0022999999999999965,0.014600000000000002,0.0022999999999999965,0.015199999999999991,,,,0.014873279421168643,0.010411295594818048,False,False,False,False,192
60d,ADA/USDT:USDT,2026-04-02T01:00:00+00:00,15m_fast,supertrend_trend,trending,LONG,50.97,0.2499,0.005287771672787037,0.23403668,0.28162663,0.015863320000000014,False,ALLOW_15M_FAST,1,,,,True,9.999999999998899e-05,0.013300000000000006,9.999999999998899e-05,0.014700000000000019,9.999999999998899e-05,0.015300000000000008,0.0014000000000000123,0.015300000000000008,,,,0.015753322759674507,0.011027325931772155,False,False,False,False,192
60d,ADA/USDT:USDT,2026-04-02T08:00:00+00:00,4h_flip,supertrend_trend,trending,SHORT,81.87,0.2387,0.005699660268882701,0.25579898,0.20450204,0.017098980000000014,False,(allowed),8,,,,True,0.002799999999999997,0.0005000000000000004,0.0040999999999999925,0.004599999999999993,0.0040999999999999925,0.006500000000000006,0.0040999999999999925,0.012600000000000028,,,,0.013959897023097273,0.00977192791616809,False,False,False,False,192
60d,ADA/USDT:USDT,2026-04-03T00:00:00+00:00,adaptive_trend_route,adaptive_trend,ranging,SHORT,90.0,0.2392,0.005444707854528289,0.25281176963632074,0.21197646072735854,0.013611769636320742,False,ALLOW_ADAPTIVE_TREND_ROUTE,24,,,,True,0.0005999999999999894,0.0022000000000000075,0.0005999999999999894,0.006000000000000005,0.0005999999999999894,0.012100000000000027,0.0005999999999999894,0.012100000000000027,,,,0.0175730273425826,0.012301119139807817,False,False,False,False,192
60d,ADA/USDT:USDT,2026-04-03T20:00:00+00:00,adaptive_trend_route,adaptive_trend,ranging,LONG,68.73,0.2475,0.005181307478713061,0.23454673130321735,0.2734065373935653,0.01295326869678265,False,ALLOW_ADAPTIVE_TREND_ROUTE,16,,,,True,0.0012000000000000066,0.002599999999999991,0.0012000000000000066,0.0030999999999999917,0.0024000000000000132,0.00470000000000001,0.0024000000000000132,0.008000000000000007,,,,0.019107146295936437,0.013375002407155508,False,False,False,False,192
60d,ADA/USDT:USDT,2026-04-05T06:00:00+00:00,1h_continuation,supertrend_trend,ranging,SHORT,45.36,0.2439,0.0042731827791337796,0.25458296,0.22253409,0.010682960000000019,False,(allowed),2,False,False,True,False,0.002600000000000019,0.00020000000000000573,0.004400000000000015,0.00020000000000000573,0.004400000000000015,0.01539999999999997,0.004400000000000015,0.016100000000000003,1080.0,,,0.022830751027804987,0.015981525719463492,False,False,False,False,192
60d,ADA/USDT:USDT,2026-04-05T16:00:00+00:00,adaptive_trend_route,adaptive_trend,ranging,SHORT,69.05,0.2434,0.004412165658074679,0.2544304141451867,0.2213391717096266,0.011030414145186684,False,ALLOW_ADAPTIVE_TREND_ROUTE,16,False,False,True,False,0.0010000000000000009,0.0007999999999999952,0.0015000000000000013,0.007500000000000007,0.0015000000000000013,0.016600000000000004,0.003700000000000009,0.016600000000000004,480.0,,,0.022066261229748287,0.0154463828608238,False,False,False,False,192
60d,ADA/USDT:USDT,2026-04-06T00:00:00+00:00,adaptive_trend_route,adaptive_trend,ranging,LONG,64.1,0.2507,0.0045666122255848,0.23928346943603798,0.27353306112792397,0.011416530563961996,False,ALLOW_ADAPTIVE_TREND_ROUTE,8,,,,True,0.008599999999999997,0.0,0.008599999999999997,0.0,0.00930000000000003,0.006199999999999983,0.015600000000000003,0.010999999999999982,,,,0.021959385874319157,0.01537157011202341,False,False,False,False,192
60d,ADA/USDT:USDT,2026-04-06T10:30:00+00:00,15m_fast,supertrend_trend,ranging,LONG,50.37,0.2583,0.004815089112876691,0.24626228,0.28237545,0.012037719999999974,False,ALLOW_15M_FAST,1,False,False,True,False,0.00030000000000002247,0.003999999999999948,0.00030000000000002247,0.007299999999999973,0.00030000000000002247,0.01629999999999998,0.008000000000000007,0.018599999999999978,750.0,,,0.021457551762293903,0.01502028623360573,False,False,False,False,192
60d,ADA/USDT:USDT,2026-04-07T00:00:00+00:00,4h_flip,supertrend_trend,trending,SHORT,68.53,0.2458,0.0048789192043125545,0.26043676,0.21652648,0.014636759999999999,False,(allowed),8,False,False,True,False,0.002599999999999991,0.0006000000000000172,0.003599999999999992,0.0006000000000000172,0.006099999999999994,0.02049999999999999,0.006099999999999994,0.02049999999999999,1350.0,,,0.0167933340438731,0.01175533383071117,False,False,False,False,192
60d,ADA/USDT:USDT,2026-04-08T00:00:00+00:00,4h_flip,supertrend_trend,trending,LONG,70.09,0.2627,0.005818436610921134,0.24524469,0.29761062,0.01745531,False,(allowed),8,,,,True,0.0017000000000000348,0.0031999999999999806,0.0017000000000000348,0.0031999999999999806,0.0017000000000000348,0.01319999999999999,0.0017000000000000348,0.015399999999999997,,,,0.015049861618040583,0.010534903132628408,False,False,False,False,192
60d,ADA/USDT:USDT,2026-04-09T04:00:00+00:00,4h_flip,supertrend_trend,trending,SHORT,65.54,0.249,0.005452430057668959,0.26535729,0.21628542,0.016357290000000024,False,(allowed),8,,,,True,0.0007999999999999952,0.0025000000000000022,0.0007999999999999952,0.0031999999999999806,0.0007999999999999952,0.0121,0.0007999999999999952,0.0121,,,,0.015222570486920486,0.010655799340844343,False,False,False,False,192
60d,ADA/USDT:USDT,2026-04-11T05:00:00+00:00,1h_continuation,supertrend_trend,trending,SHORT,46.98,0.2526,0.004854870432399932,0.26716461,0.22347078,0.014564610000000033,False,(allowed),2,,,,True,0.0033999999999999864,9.999999999998899e-05,0.003699999999999981,9.999999999998899e-05,0.010499999999999982,0.003300000000000025,0.017499999999999988,0.003300000000000025,,,,0.01734340981323904,0.012140386869267326,False,False,False,False,192
60d,ADA/USDT:USDT,2026-04-12T02:00:00+00:00,1h_continuation,supertrend_trend,ranging,SHORT,60.25,0.2438,0.00495649786446322,0.25619124,0.21901751,0.012391239999999998,False,(allowed),4,,,,True,0.001899999999999985,0.0010000000000000009,0.005499999999999977,0.0010000000000000009,0.008699999999999986,0.0010000000000000009,0.008699999999999986,0.00520000000000001,,,,0.01967518989221418,0.013772632924549926,False,False,False,False,192
60d,ADA/USDT:USDT,2026-04-12T08:00:00+00:00,adaptive_trend_route,adaptive_trend,ranging,SHORT,71.6,0.2413,0.005010449689256553,0.2538261242231414,0.21624775155371723,0.012526124223141394,False,ALLOW_ADAPTIVE_TREND_ROUTE,8,,,,True,0.002999999999999975,0.00010000000000001674,0.0040999999999999925,0.00010000000000001674,0.006199999999999983,0.00010000000000001674,0.006199999999999983,0.007700000000000012,,,,0.019263739980656603,0.01348461798645962,False,False,False,False,192
60d,ADA/USDT:USDT,2026-04-15T00:00:00+00:00,adaptive_trend_route,adaptive_trend,ranging,SHORT,84.15,0.2393,0.0048973848601742654,0.25154346215043566,0.2148130756991287,0.012243462150435647,False,ALLOW_ADAPTIVE_TREND_ROUTE,40,,,,True,0.0005000000000000004,0.001799999999999996,0.0013000000000000234,0.0024999999999999745,0.0013000000000000234,0.011199999999999988,0.0013000000000000234,0.022199999999999998,,,,0.019545125150036525,0.013681587605025566,False,False,False,False,192
60d,ADA/USDT:USDT,2026-04-16T16:00:00+00:00,15m_fast,supertrend_trend,trending,LONG,49.62,0.2533,0.00512841408211713,0.23791476,0.28407048,0.015385240000000022,False,ALLOW_15M_FAST,1,,,,True,0.007399999999999962,0.0027000000000000357,0.008199999999999985,0.0027000000000000357,0.014600000000000002,0.0027000000000000357,0.014600000000000002,0.0039000000000000146,,,,0.016463831568438298,0.011524682097906809,False,False,False,False,192
60d,ADA/USDT:USDT,2026-04-17T13:00:00+00:00,1h_continuation,supertrend_trend,trending,LONG,65.4,0.2603,0.005425050108941803,0.24402485,0.2928503,0.016275149999999988,False,(allowed),6,,,,True,0.007600000000000051,0.0006999999999999784,0.007600000000000051,0.0012999999999999678,0.007600000000000051,0.010899999999999965,0.007600000000000051,0.016199999999999964,,,,0.01599370819931,0.011195595739517,False,False,False,False,192
60d,ADA/USDT:USDT,2026-04-18T20:00:00+00:00,4h_flip,supertrend_trend,trending,SHORT,69.92,0.2486,0.005323890494705113,0.26457167,0.21665666,0.015971669999999993,False,(allowed),8,,,,True,0.0007999999999999952,0.0020999999999999908,0.001899999999999985,0.0020999999999999908,0.004499999999999976,0.0023000000000000242,0.00789999999999999,0.0023000000000000242,,,,0.01556505988415739,0.010895541918910174,False,False,False,False,192
60d,ADA/USDT:USDT,2026-04-19T18:00:00+00:00,1h_continuation,supertrend_trend,trending,SHORT,60.05,0.2449,0.004893001006742995,0.259579,0.21554199,0.014678999999999998,False,(allowed),4,,,,True,0.0015000000000000013,0.0023999999999999855,0.004200000000000009,0.0023999999999999855,0.004200000000000009,0.004299999999999998,0.004200000000000009,0.007400000000000018,,,,0.01668369779957763,0.011678588459704342,False,False,False,False,192
60d,ADA/USDT:USDT,2026-04-21T04:00:00+00:00,adaptive_trend_route,adaptive_trend,ranging,SHORT,66.66,0.2469,0.004754311321925056,0.25878577830481264,0.22312844339037474,0.011885778304812633,False,ALLOW_ADAPTIVE_TREND_ROUTE,8,,,,True,0.00020000000000000573,0.0032999999999999696,0.00020000000000000573,0.005400000000000016,0.0031000000000000194,0.008599999999999997,0.0031000000000000194,0.010599999999999998,,,,0.02077272465195052,0.014540907256365362,False,False,False,False,192
60d,ADA/USDT:USDT,2026-04-21T16:00:00+00:00,adaptive_trend_route,adaptive_trend,ranging,SHORT,61.31,0.2487,0.0044700881830427655,0.2598752204576069,0.22634955908478618,0.01117522045760691,False,ALLOW_ADAPTIVE_TREND_ROUTE,16,,,,True,0.0049000000000000155,0.0005999999999999894,0.0049000000000000155,0.0012999999999999956,0.0049000000000000155,0.008800000000000002,0.0049000000000000155,0.008800000000000002,,,,0.022254594523968548,0.015578216166777983,False,False,False,False,192
60d,ADA/USDT:USDT,2026-04-22T04:00:00+00:00,adaptive_trend_route,adaptive_trend,ranging,LONG,69.2,0.2542,0.004782027601364781,0.24224493099658803,0.2781101380068239,0.01195506900341195,False,ALLOW_ADAPTIVE_TREND_ROUTE,40,,,,True,0.003300000000000025,0.0010000000000000009,0.003300000000000025,0.0010000000000000009,0.003300000000000025,0.009199999999999986,0.003300000000000025,0.009799999999999975,,,,0.021262947117030598,0.01488406298192142,False,False,False,False,192
60d,ADA/USDT:USDT,2026-04-23T08:00:00+00:00,adaptive_trend_route,adaptive_trend,ranging,SHORT,84.77,0.2467,0.004275789678129922,0.2573894741953248,0.2253210516093504,0.010689474195324816,False,ALLOW_ADAPTIVE_TREND_ROUTE,32,,,,True,0.0020999999999999908,0.0012000000000000066,0.0020999999999999908,0.00410000000000002,0.0022999999999999965,0.005100000000000021,0.0022999999999999965,0.006200000000000011,,,,0.023078777823131613,0.016155144476192127,False,False,False,False,192
60d,ADA/USDT:USDT,2026-04-24T16:00:00+00:00,adaptive_trend_route,adaptive_trend,ranging,LONG,60.41,0.252,0.004098194133976068,0.24175451466505982,0.2724909706698804,0.010245485334940185,False,ALLOW_ADAPTIVE_TREND_ROUTE,48,,,,True,0.00040000000000001146,0.0015000000000000013,0.0009000000000000119,0.0022000000000000075,0.0018000000000000238,0.002599999999999991,0.0023000000000000242,0.0040999999999999925,,,,0.024596199375797673,0.017217339563058372,False,False,False,False,192
60d,ADA/USDT:USDT,2026-04-26T12:00:00+00:00,adaptive_trend_route,adaptive_trend,ranging,LONG,63.32,0.2534,0.003406088459610202,0.2448847788509745,0.270430442298051,0.008515221149025504,False,ALLOW_ADAPTIVE_TREND_ROUTE,40,,,,True,0.00040000000000001146,0.0020999999999999908,0.00040000000000001146,0.0027000000000000357,0.00269999999999998,0.007400000000000018,0.00269999999999998,0.007400000000000018,,,,0.02975847550700425,0.020830932854902975,False,False,True,True,80
60d,AVAX/USDT:USDT,2026-02-27T04:00:00+00:00,1h_continuation,supertrend_trend,trending,LONG,70.16,9.406,0.23210212057441174,8.70969364,10.79861272,0.6963063600000012,False,(allowed),8,,,,True,0.07499999999999929,0.06900000000000084,0.07499999999999929,0.42100000000000115,0.07499999999999929,0.6300000000000008,0.07499999999999929,0.9800000000000004,,,,0.013508421781469847,0.009455895247028891,False,False,False,False,192
60d,AVAX/USDT:USDT,2026-02-27T05:00:00+00:00,aligned_trend,supertrend_trend,trending,LONG,47.62,9.396,0.23210212057441174,8.69969364,10.78861272,0.6963063600000012,False,ALLOW_ALIGNED_TREND,2,,,,True,0.03999999999999915,0.05900000000000105,0.03999999999999915,0.41100000000000136,0.03999999999999915,0.620000000000001,0.03999999999999915,0.9700000000000006,,,,0.013494060286911618,0.009445842200838132,False,False,False,False,192
60d,AVAX/USDT:USDT,2026-02-27T07:00:00+00:00,aligned_trend,supertrend_trend,trending,LONG,47.62,9.402,0.23210212057441174,8.70569364,10.79461272,0.6963063599999995,False,ALLOW_ALIGNED_TREND,2,False,False,True,False,0.02200000000000024,0.3279999999999994,0.02200000000000024,0.49099999999999966,0.02200000000000024,0.8929999999999989,0.025000000000000355,0.9759999999999991,1395.0,,,0.013502677183646587,0.00945187402855261,False,False,False,False,192
60d,AVAX/USDT:USDT,2026-02-27T12:00:00+00:00,4h_flip,supertrend_trend,trending,SHORT,73.32,9.027,0.24103703253609995,9.7501111,7.5807778,0.7231111000000006,False,(allowed),8,,,,True,0.11599999999999966,0.027000000000001023,0.17799999999999905,0.027000000000001023,0.6009999999999991,0.027000000000001023,0.6009999999999991,0.40000000000000036,,,,0.01248355888880698,0.008738491222164885,False,False,False,False,192
60d,AVAX/USDT:USDT,2026-03-01T00:00:00+00:00,4h_flip,supertrend_trend,trending,LONG,67.65,9.162,0.2522061306787782,8.40538161,10.67523678,0.7566183900000016,False,(allowed),8,,,,True,0.2649999999999988,0.10800000000000054,0.2649999999999988,0.10800000000000054,0.2649999999999988,0.3240000000000016,0.3149999999999995,0.3240000000000016,,,,0.012109142628690246,0.008476399840083172,False,False,False,False,192
60d,AVAX/USDT:USDT,2026-03-01T14:00:00+00:00,15m_fast,supertrend_trend,trending,LONG,56.17,9.162,0.24566321760250573,8.42501035,10.63597931,0.7369896499999999,False,ALLOW_15M_FAST,1,,,,True,0.06599999999999895,0.22000000000000064,0.06599999999999895,0.3240000000000016,0.06599999999999895,0.3240000000000016,0.3149999999999995,0.3240000000000016,,,,0.012431653551715417,0.008702157486200792,False,False,False,False,192
60d,AVAX/USDT:USDT,2026-03-06T20:00:00+00:00,adaptive_trend_route,adaptive_trend,ranging,SHORT,68.34,8.961,0.21505771849189573,9.49864429622974,7.885711407540522,0.5376442962297396,False,ALLOW_ADAPTIVE_TREND_ROUTE,72,,,,True,0.04100000000000037,0.10299999999999976,0.04100000000000037,0.1120000000000001,0.10100000000000087,0.1120000000000001,0.17300000000000004,0.1120000000000001,,,,0.01666715347459186,0.011667007432214301,False,False,False,False,192
60d,AVAX/USDT:USDT,2026-03-08T12:00:00+00:00,adaptive_trend_route,adaptive_trend,ranging,SHORT,66.65,8.908,0.16018138650416494,9.308453466260412,8.107093067479175,0.4004534662604122,False,ALLOW_ADAPTIVE_TREND_ROUTE,8,,,,True,0.06899999999999906,0.1120000000000001,0.10200000000000031,0.1120000000000001,0.23499999999999943,0.3810000000000002,0.23499999999999943,0.6900000000000013,,,,0.022244781854896433,0.015571347298427506,False,False,False,False,192
60d,AVAX/USDT:USDT,2026-03-08T20:00:00+00:00,adaptive_trend_route,adaptive_trend,ranging,SHORT,67.5,8.956,0.16233497101634634,9.361837427540866,8.144325144918268,0.4058374275408667,False,ALLOW_ADAPTIVE_TREND_ROUTE,8,False,False,True,False,0.2829999999999995,0.03300000000000125,0.2829999999999995,0.1349999999999998,0.2829999999999995,0.5739999999999998,0.2829999999999995,0.9990000000000006,1395.0,,,0.02206794985437403,0.01544756489806182,False,False,False,False,192
60d,AVAX/USDT:USDT,2026-03-10T01:00:00+00:00,15m_fast,supertrend_trend,ranging,LONG,49.78,9.322,0.20316382011657352,8.81409045,10.3378191,0.507909549999999,False,ALLOW_15M_FAST,1,True,,,False,0.17900000000000027,0.019999999999999574,0.17900000000000027,0.019999999999999574,0.6330000000000009,0.019999999999999574,0.6330000000000009,0.019999999999999574,,915.0,,0.018353661591911426,0.012847563114338,False,False,False,False,192
60d,AVAX/USDT:USDT,2026-03-10T08:30:00+00:00,15m_fast,supertrend_trend,trending,LONG,51.34,9.41,0.20287594693724967,8.80137216,10.62725568,0.6086278400000005,False,ALLOW_15M_FAST,1,,,,True,0.1880000000000006,0.0,0.5440000000000005,0.10400000000000098,0.5449999999999999,0.10400000000000098,0.5449999999999999,0.10400000000000098,,,,0.015461008158943227,0.01082270571126026,False,False,False,False,192
60d,AVAX/USDT:USDT,2026-03-10T15:00:00+00:00,15m_fast,supertrend_trend,trending,LONG,52.34,9.646,0.20288480787030336,9.03734558,10.86330885,0.6086544200000006,False,ALLOW_15M_FAST,1,,,,True,0.3089999999999993,0.03700000000000081,0.3089999999999993,0.14400000000000013,0.3089999999999993,0.1800000000000015,0.3089999999999993,0.21799999999999997,,,,0.015848073525860526,0.011093651468102367,False,False,False,False,192
60d,AVAX/USDT:USDT,2026-03-12T22:00:00+00:00,1h_continuation,supertrend_trend,trending,LONG,80.0,9.651,0.1980783007322044,9.0567651,10.8394698,0.5942349,False,(allowed),12,True,,,False,0.31700000000000017,0.031000000000000583,0.35599999999999987,0.031000000000000583,0.6289999999999996,0.031000000000000583,0.6289999999999996,0.1379999999999999,,930.0,,0.01624105214957923,0.011368736504705462,False,False,False,False,192
60d,AVAX/USDT:USDT,2026-03-13T00:00:00+00:00,aligned_trend,supertrend_trend,trending,LONG,55.0,9.673,0.19507270782276115,9.08778188,10.84343625,0.5852181200000004,False,ALLOW_ALIGNED_TREND,4,True,,,False,0.33399999999999963,0.025000000000000355,0.33399999999999963,0.025000000000000355,0.6069999999999993,0.025000000000000355,0.6069999999999993,0.16000000000000014,,810.0,,0.01652887986448539,0.011570215905139772,False,False,False,False,192
60d,AVAX/USDT:USDT,2026-03-13T10:00:00+00:00,15m_fast,supertrend_trend,trending,LONG,70.0,9.944,0.2055116715410543,9.32746499,11.17707003,0.6165350100000015,False,ALLOW_15M_FAST,2,,,,True,0.3359999999999985,0.004000000000001336,0.3359999999999985,0.22800000000000153,0.3359999999999985,0.4060000000000006,0.3359999999999985,0.43100000000000094,,,,0.016128848871047853,0.011290194209733496,False,False,False,False,192
60d,AVAX/USDT:USDT,2026-03-14T08:00:00+00:00,4h_flip,supertrend_trend,trending,SHORT,85.0,9.588,0.2103861953511352,10.21915859,8.32568283,0.6311585900000001,False,(allowed),8,,,,True,0.07499999999999929,0.019000000000000128,0.07499999999999929,0.019000000000000128,0.07499999999999929,0.2110000000000003,0.07499999999999929,0.9290000000000003,,,,0.015191110684241813,0.01063377747896927,False,False,False,False,192
60d,AVAX/USDT:USDT,2026-03-14T18:30:00+00:00,15m_fast,supertrend_trend,trending,SHORT,49.5,9.559,0.1909248317058257,10.1317745,8.41345101,0.5727745000000013,False,ALLOW_15M_FAST,1,,,,True,0.005999999999998451,0.06900000000000084,0.005999999999998451,0.19400000000000084,0.005999999999998451,0.31900000000000084,0.005999999999998451,0.9580000000000002,,,,0.016688941284920992,0.011682258899444693,False,False,False,False,192
60d,AVAX/USDT:USDT,2026-03-15T17:00:00+00:00,1h_continuation,supertrend_trend,trending,SHORT,65.0,9.702,0.1716451769406728,10.21693553,8.67212894,0.5149355300000007,False,(allowed),8,False,False,True,False,0.03500000000000014,0.125,0.03500000000000014,0.33999999999999986,0.03500000000000014,0.8149999999999995,0.03500000000000014,0.8409999999999993,630.0,,,0.01884119357621329,0.013188835503349303,False,False,False,False,192
60d,AVAX/USDT:USDT,2026-03-16T00:00:00+00:00,4h_flip,supertrend_trend,trending,LONG,100.0,9.945,0.17864813726006995,9.40905559,11.01688882,0.5359444100000008,False,(allowed),8,True,,,False,0.46499999999999986,0.07000000000000028,0.5719999999999992,0.07000000000000028,0.5719999999999992,0.07000000000000028,0.597999999999999,0.07000000000000028,,315.0,,0.018556028973228746,0.01298922028126012,False,False,False,False,192
60d,AVAX/USDT:USDT,2026-03-16T23:00:00+00:00,1h_continuation,supertrend_trend,trending,LONG,80.0,10.493,0.22032259220061423,9.83203222,11.81493555,0.66096778,False,(allowed),8,,,,True,0.049999999999998934,0.14100000000000001,0.049999999999998934,0.2569999999999997,0.049999999999998934,0.2989999999999995,0.049999999999998934,1.016,,,,0.01587520650401446,0.011112644552810124,False,False,False,False,192
60d,AVAX/USDT:USDT,2026-03-17T04:00:00+00:00,1h_continuation,supertrend_trend,trending,LONG,48.0,10.346,0.22637509225461114,9.66687472,11.70425055,0.6791252800000009,False,(allowed),6,,,,True,0.04899999999999949,0.10999999999999943,0.04899999999999949,0.14499999999999957,0.04899999999999949,0.19400000000000084,0.04899999999999949,0.8689999999999998,,,,0.015234302572273537,0.010664011800591476,False,False,False,False,192
60d,AVAX/USDT:USDT,2026-03-18T16:00:00+00:00,4h_flip,supertrend_trend,trending,SHORT,84.03,9.557,0.22632710866581415,10.23598133,8.19903735,0.6789813299999992,False,(allowed),8,,,,True,0.0730000000000004,0.1559999999999988,0.0730000000000004,0.17499999999999893,0.23099999999999987,0.18599999999999994,0.23099999999999987,0.18599999999999994,,,,0.014075497480910136,0.009852848236637094,False,False,False,False,192
60d,AVAX/USDT:USDT,2026-03-19T03:00:00+00:00,15m_fast,supertrend_trend,trending,SHORT,68.12,9.615,0.22476674165572744,10.28930022,8.26639955,0.6743002199999992,False,ALLOW_15M_FAST,1,,,,True,0.05400000000000027,0.1280000000000001,0.1850000000000005,0.1280000000000001,0.2889999999999997,0.1280000000000001,0.2889999999999997,0.1280000000000001,,,,0.01425922714366015,0.009981459000562106,False,False,False,False,192
60d,AVAX/USDT:USDT,2026-03-19T05:00:00+00:00,15m_fast,supertrend_trend,trending,SHORT,67.51,9.617,0.21842626010888982,10.27227878,8.30644244,0.6552787799999997,False,ALLOW_15M_FAST,2,,,,True,0.18700000000000117,0.009999999999999787,0.19500000000000028,0.009999999999999787,0.29100000000000037,0.009999999999999787,0.29100000000000037,0.026999999999999247,,,,0.014676196290073676,0.010273337403051573,False,False,False,False,192
60d,AVAX/USDT:USDT,2026-03-19T12:30:00+00:00,15m_fast,supertrend_trend,trending,SHORT,67.33,9.486,0.21286243856327738,10.12458732,8.20882537,0.6385873199999992,False,ALLOW_15M_FAST,2,,,,True,0.16000000000000014,0.023999999999999133,0.16000000000000014,0.08799999999999919,0.16000000000000014,0.12599999999999945,0.16000000000000014,0.15799999999999947,,,,0.014854663885277293,0.010398264719694104,False,False,False,False,192
60d,AVAX/USDT:USDT,2026-03-19T23:00:00+00:00,15m_fast,supertrend_trend,trending,SHORT,60.93,9.46,0.21508036794486665,10.1052411,8.16951779,0.6452410999999998,False,ALLOW_15M_FAST,1,,,,True,0.030000000000001137,0.13099999999999845,0.030000000000001137,0.1399999999999988,0.05200000000000138,0.18399999999999928,0.05200000000000138,0.18399999999999928,,,,0.014661186337944072,0.010262830436560849,False,False,False,False,192
60d,AVAX/USDT:USDT,2026-03-20T07:30:00+00:00,15m_fast,supertrend_trend,trending,SHORT,60.83,9.493,0.2038601131769512,10.10458034,8.26983932,0.6115803399999997,False,ALLOW_15M_FAST,1,,,,True,0.0129999999999999,0.11899999999999977,0.07800000000000118,0.11899999999999977,0.08500000000000085,0.1509999999999998,0.45199999999999996,0.1509999999999998,,,,0.015522081694123792,0.010865457185886654,False,False,False,False,192
60d,AVAX/USDT:USDT,2026-03-20T13:00:00+00:00,15m_fast,supertrend_trend,trending,SHORT,60.34,9.482,0.19528754656584052,10.06786264,8.31027472,0.5858626400000002,False,ALLOW_15M_FAST,1,,,,True,0.06700000000000017,0.05500000000000149,0.07399999999999984,0.05799999999999983,0.07399999999999984,0.1620000000000008,0.44099999999999895,0.1620000000000008,,,,0.01618468110545502,0.011329276773818512,False,False,False,False,192
60d,AVAX/USDT:USDT,2026-03-20T14:00:00+00:00,aligned_trend,supertrend_trend,trending,SHORT,52.04,9.448,0.19528754656584052,10.03386264,8.27627472,0.5858626400000002,False,ALLOW_ALIGNED_TREND,6,,,,True,0.040000000000000924,0.08099999999999952,0.040000000000000924,0.1639999999999997,0.040000000000000924,0.19599999999999973,0.40700000000000003,0.19599999999999973,,,,0.01612664702429224,0.01128865291700457,False,False,False,False,192
60d,AVAX/USDT:USDT,2026-03-20T19:00:00+00:00,aligned_trend,supertrend_trend,trending,SHORT,51.99,9.457,0.19048129323970905,10.02844388,8.31411224,0.5714438799999986,False,ALLOW_ALIGNED_TREND,2,,,,True,0.040000000000000924,0.1869999999999994,0.040000000000000924,0.1869999999999994,0.040000000000000924,0.1869999999999994,0.4710000000000001,0.1869999999999994,,,,0.016549306644075047,0.011584514650852534,False,False,False,False,192
60d,AVAX/USDT:USDT,2026-03-22T00:00:00+00:00,1h_continuation,supertrend_trend,trending,SHORT,62.26,9.208,0.17231486756765899,9.7249446,8.17411079,0.5169446000000004,False,(allowed),6,,,,True,0.16699999999999982,0.15000000000000036,0.16699999999999982,0.15000000000000036,0.3409999999999993,0.15000000000000036,0.3409999999999993,0.5459999999999994,,,,0.017812353586825345,0.01246864751077774,False,False,False,False,192
60d,AVAX/USDT:USDT,2026-03-22T08:00:00+00:00,15m_fast,supertrend_trend,trending,SHORT,50.45,9.189,0.17860312560680797,9.72480938,8.11738125,0.5358093799999999,False,ALLOW_15M_FAST,1,,,,True,0.1349999999999998,0.0009999999999994458,0.1349999999999998,0.0009999999999994458,0.3219999999999992,0.0009999999999994458,0.3219999999999992,0.5649999999999995,,,,0.01714975575828852,0.012004829030801965,False,False,False,False,192
60d,AVAX/USDT:USDT,2026-03-23T09:00:00+00:00,1h_continuation,supertrend_trend,trending,SHORT,70.0,8.978,0.1787344258805683,9.51420328,7.90559344,0.5362032800000005,False,(allowed),6,False,False,True,False,0.06400000000000006,0.6059999999999999,0.06400000000000006,0.7759999999999998,0.06400000000000006,0.7759999999999998,0.06400000000000006,0.7759999999999998,120.0,,,0.01674364990829596,0.011720554935807169,False,False,False,False,192
60d,AVAX/USDT:USDT,2026-03-23T09:00:00+00:00,aligned_trend,supertrend_trend,trending,SHORT,45.0,8.978,0.1787344258805683,9.51420328,7.90559344,0.5362032800000005,False,ALLOW_ALIGNED_TREND,4,False,False,True,False,0.06400000000000006,0.6059999999999999,0.06400000000000006,0.7759999999999998,0.06400000000000006,0.7759999999999998,0.06400000000000006,0.7759999999999998,120.0,,,0.01674364990829596,0.011720554935807169,False,False,False,False,192
60d,AVAX/USDT:USDT,2026-03-23T12:00:00+00:00,4h_flip,supertrend_trend,trending,LONG,84.6,9.38,0.21382482403195627,8.73852553,10.66294894,0.6414744700000004,False,(allowed),8,,,,True,0.3739999999999988,0.040000000000000924,0.3739999999999988,0.040000000000000924,0.3739999999999988,0.040000000000000924,0.3999999999999986,0.040000000000000924,,,,0.014622561674200372,0.01023579317194026,False,False,False,False,192
60d,AVAX/USDT:USDT,2026-03-24T04:00:00+00:00,15m_fast,supertrend_trend,trending,LONG,64.17,9.572,0.21499064970784829,8.92702805,10.8619439,0.6449719499999986,False,ALLOW_15M_FAST,2,,,,True,0.04400000000000048,0.10199999999999854,0.05600000000000094,0.10199999999999854,0.08500000000000085,0.22199999999999953,0.22000000000000064,0.22199999999999953,,,,0.014840955486513823,0.010388668840559678,False,False,False,False,192
60d,AVAX/USDT:USDT,2026-03-24T07:30:00+00:00,15m_fast,supertrend_trend,trending,LONG,57.75,9.558,0.21499064970784829,8.91302805,10.8479439,0.6449719500000004,False,ALLOW_15M_FAST,1,,,,True,0.07000000000000028,0.05000000000000071,0.07000000000000028,0.1720000000000006,0.12899999999999956,0.20800000000000018,0.23399999999999999,0.20800000000000018,,,,0.014819249116182485,0.010373474381327739,False,False,False,False,192
60d,AVAX/USDT:USDT,2026-03-24T21:00:00+00:00,15m_fast,supertrend_trend,trending,LONG,47.86,9.552,0.1954868270071287,8.96553952,10.72492096,0.5864604799999995,False,ALLOW_15M_FAST,1,,,,True,0.10500000000000043,0.04400000000000048,0.10500000000000043,0.04400000000000048,0.2400000000000002,0.04400000000000048,0.2400000000000002,0.5709999999999997,,,,0.016287542512668556,0.01140127975886799,False,False,False,False,192
60d,AVAX/USDT:USDT,2026-03-24T21:00:00+00:00,1h_continuation,supertrend_trend,trending,LONG,66.44,9.552,0.1954868270071287,8.96553952,10.72492096,0.5864604799999995,False,(allowed),8,,,,True,0.10500000000000043,0.04400000000000048,0.10500000000000043,0.04400000000000048,0.2400000000000002,0.04400000000000048,0.2400000000000002,0.5709999999999997,,,,0.016287542512668556,0.01140127975886799,False,False,False,False,192
60d,AVAX/USDT:USDT,2026-03-25T16:30:00+00:00,15m_fast,supertrend_trend,trending,LONG,58.17,9.721,0.18632371456081875,9.16202886,10.83894229,0.5589711400000006,False,ALLOW_15M_FAST,2,False,False,True,False,0.016000000000000014,0.10200000000000031,0.016000000000000014,0.1120000000000001,0.016000000000000014,0.5990000000000002,0.016000000000000014,1.0630000000000006,1350.0,,,0.017390879965645437,0.012173615975951806,False,False,False,False,192
60d,AVAX/USDT:USDT,2026-03-26T12:00:00+00:00,4h_flip,supertrend_trend,trending,SHORT,66.99,9.231,0.17755965139233285,9.76367895,8.16564209,0.5326789499999993,False,(allowed),8,True,,,False,0.10899999999999999,0.0990000000000002,0.25,0.0990000000000002,0.5730000000000004,0.0990000000000002,0.5730000000000004,0.0990000000000002,,1365.0,,0.017329387617062795,0.012130571331943956,False,False,False,False,192
60d,AVAX/USDT:USDT,2026-03-27T03:30:00+00:00,15m_fast,supertrend_trend,trending,SHORT,52.82,9.083,0.18021448764903608,9.62364346,8.00171307,0.5406434600000001,False,ALLOW_15M_FAST,1,,,,True,0.09200000000000053,0.012000000000000455,0.4250000000000007,0.012000000000000455,0.4250000000000007,0.012000000000000455,0.4250000000000007,0.012000000000000455,,,,0.016800351196331866,0.011760245837432307,False,False,False,False,192
60d,AVAX/USDT:USDT,2026-03-27T08:30:00+00:00,15m_fast,supertrend_trend,trending,SHORT,60.31,9.02,0.16797575720758737,9.52392727,8.01214546,0.5039272700000001,False,ALLOW_15M_FAST,2,,,,True,0.3620000000000001,0.012000000000000455,0.3620000000000001,0.012000000000000455,0.3620000000000001,0.012000000000000455,0.3620000000000001,0.012000000000000455,,,,0.017899408380895914,0.012529585866627137,False,False,False,False,192
60d,AVAX/USDT:USDT,2026-03-27T18:00:00+00:00,15m_fast,supertrend_trend,trending,SHORT,53.32,8.719,0.18391277024531766,9.27073831,7.61552338,0.5517383100000011,False,ALLOW_15M_FAST,1,,,,True,0.058999999999999275,0.08000000000000007,0.058999999999999275,0.08000000000000007,0.058999999999999275,0.277000000000001,0.1609999999999996,0.277000000000001,,,,0.015802781575924976,0.011061947103147483,False,False,False,False,192
60d,AVAX/USDT:USDT,2026-03-28T01:30:00+00:00,15m_fast,supertrend_trend,trending,SHORT,50.51,8.731,0.17463907230336068,9.25491722,7.68316557,0.5239172199999995,False,ALLOW_15M_FAST,1,,,,True,0.032999999999999474,0.04100000000000037,0.032999999999999474,0.11400000000000077,0.032999999999999474,0.26500000000000057,0.36599999999999966,0.26500000000000057,,,,0.016664846404552246,0.01166539248318657,False,False,False,False,192
60d,AVAX/USDT:USDT,2026-03-28T10:00:00+00:00,15m_fast,supertrend_trend,trending,SHORT,52.43,8.792,0.1656275674452447,9.2888827,7.7982346,0.49688270000000045,False,ALLOW_15M_FAST,1,,,,True,0.028999999999999915,0.14400000000000013,0.028999999999999915,0.20400000000000063,0.08699999999999974,0.20400000000000063,0.4269999999999996,0.2870000000000008,,,,0.01769431698869772,0.012386021892088404,False,False,False,False,192
60d,AVAX/USDT:USDT,2026-03-29T00:00:00+00:00,1h_continuation,supertrend_trend,trending,SHORT,67.48,8.752,0.16132387426602546,9.23597162,7.78405675,0.48397162000000016,False,(allowed),16,,,,True,0.030000000000001137,0.06299999999999883,0.030000000000001137,0.06299999999999883,0.38700000000000045,0.06299999999999883,0.38700000000000045,0.32699999999999996,,,,0.018083704990800902,0.012658593493560633,False,False,False,False,192
60d,AVAX/USDT:USDT,2026-03-29T13:00:00+00:00,15m_fast,supertrend_trend,trending,SHORT,52.67,8.7,0.14636208154608513,9.13908624,7.82182751,0.43908623999999996,False,ALLOW_15M_FAST,1,,,,True,0.08899999999999864,0.008000000000000895,0.14199999999999946,0.008000000000000895,0.3349999999999991,0.37900000000000134,0.3349999999999991,0.37900000000000134,,,,0.019813875287916106,0.013869712701541272,False,False,False,False,192
60d,AVAX/USDT:USDT,2026-03-29T23:00:00+00:00,15m_fast,supertrend_trend,trending,SHORT,53.53,8.553,0.14219995806779795,8.97959987,7.69980025,0.42659986999999866,False,ALLOW_15M_FAST,1,False,False,True,False,0.034000000000000696,0.3019999999999996,0.034000000000000696,0.3309999999999995,0.034000000000000696,0.5259999999999998,0.034000000000000696,0.5259999999999998,570.0,,,0.020049232551336758,0.014034462785935727,False,False,False,False,192
60d,AVAX/USDT:USDT,2026-03-30T08:00:00+00:00,4h_flip,supertrend_trend,trending,LONG,84.21,8.914,0.1616717594296473,8.42898472,9.88403056,0.48501527999999894,False,(allowed),8,,,,True,0.16500000000000092,0.026999999999999247,0.16500000000000092,0.04699999999999882,0.16500000000000092,0.18099999999999916,0.5660000000000007,0.2259999999999991,,,,0.0183788024162868,0.01286516169140076,False,False,False,False,192
60d,AVAX/USDT:USDT,2026-03-31T02:00:00+00:00,1h_continuation,supertrend_trend,trending,LONG,58.69,8.996,0.16441662643352123,8.50275012,9.98249976,0.4932498800000005,False,(allowed),6,,,,True,0.07099999999999973,0.09999999999999964,0.07099999999999973,0.30799999999999983,0.07099999999999973,0.30799999999999983,0.484,0.30799999999999983,,,,0.01823822035192384,0.012766754246346688,False,False,False,False,192
60d,AVAX/USDT:USDT,2026-03-31T21:00:00+00:00,1h_continuation,supertrend_trend,trending,LONG,52.11,8.936,0.18144957175280657,8.39165128,10.02469743,0.5443487200000003,False,(allowed),4,,,,True,0.03700000000000081,0.09399999999999942,0.05000000000000071,0.09399999999999942,0.5440000000000005,0.09399999999999942,0.5440000000000005,0.32399999999999984,,,,0.016415947483076645,0.011491163238153652,False,False,False,False,192
60d,AVAX/USDT:USDT,2026-04-01T13:00:00+00:00,15m_fast,supertrend_trend,trending,LONG,53.56,9.227,0.19910199445105972,8.62969402,10.42161197,0.5973059799999998,False,ALLOW_15M_FAST,1,False,False,True,False,0.026999999999999247,0.08900000000000041,0.07499999999999929,0.14000000000000057,0.07499999999999929,0.5990000000000002,0.07499999999999929,0.6150000000000002,1200.0,,,0.015447693994290839,0.010813385796003586,False,False,False,False,192
60d,AVAX/USDT:USDT,2026-04-02T04:00:00+00:00,4h_flip,supertrend_trend,trending,SHORT,70.02,8.765,0.21094687274876917,9.39784062,7.49931876,0.6328406199999996,False,(allowed),8,,,,True,0.11400000000000077,0.013999999999999346,0.13700000000000045,0.013999999999999346,0.15300000000000047,0.07899999999999885,0.15300000000000047,0.37899999999999956,,,,0.013850248740354254,0.009695174118247978,False,False,False,False,192
60d,AVAX/USDT:USDT,2026-04-04T08:00:00+00:00,adaptive_trend_route,adaptive_trend,ranging,SHORT,71.46,8.871,0.15592223834064983,9.260805595851625,8.09138880829675,0.3898055958516249,False,ALLOW_ADAPTIVE_TREND_ROUTE,16,,,,True,0.034000000000000696,0.026999999999999247,0.040000000000000924,0.09799999999999898,0.09500000000000064,0.2370000000000001,0.13000000000000078,0.7919999999999998,,,,0.022757497825599833,0.015930248477919882,False,False,False,False,192
60d,AVAX/USDT:USDT,2026-04-05T06:00:00+00:00,1h_continuation,supertrend_trend,trending,SHORT,47.07,8.871,0.14070613553916314,9.29311841,8.02676319,0.4221184099999995,False,(allowed),2,False,False,True,False,0.09500000000000064,0.0019999999999988916,0.13000000000000078,0.0019999999999988916,0.13000000000000078,0.7919999999999998,0.3460000000000001,0.7919999999999998,1110.0,,,0.021015430243850323,0.014710801170695226,False,False,False,False,192
60d,AVAX/USDT:USDT,2026-04-06T00:00:00+00:00,4h_flip,supertrend_trend,trending,LONG,81.08,9.065,0.1486958413584045,8.61891248,9.95717505,0.44608751999999896,False,(allowed),8,True,,,False,0.5980000000000008,0.0,0.5980000000000008,0.0,0.5980000000000008,0.270999999999999,0.5980000000000008,0.6049999999999986,,60.0,,0.020321124428677183,0.014224787100074026,False,False,False,False,192
60d,AVAX/USDT:USDT,2026-04-07T00:00:00+00:00,4h_flip,supertrend_trend,trending,SHORT,74.12,8.892,0.19778816215651518,9.48536449,7.70527103,0.5933644900000008,False,(allowed),8,False,False,True,False,0.26699999999999946,0.019000000000000128,0.4319999999999986,0.019000000000000128,0.4319999999999986,0.7270000000000003,0.4319999999999986,0.7270000000000003,1395.0,,,0.014985729934732,0.010490010954312401,False,False,False,False,192
60d,AVAX/USDT:USDT,2026-04-07T11:00:00+00:00,15m_fast,supertrend_trend,trending,SHORT,60.36,8.616,0.20836836430842373,9.24110509,7.36578981,0.6251050899999999,False,ALLOW_15M_FAST,2,False,False,True,False,0.09399999999999942,0.062000000000001165,0.09399999999999942,0.07900000000000063,0.09399999999999942,1.0030000000000001,0.09399999999999942,1.0030000000000001,690.0,,,0.013783282423760142,0.009648297696632098,False,False,False,False,192
60d,AVAX/USDT:USDT,2026-04-09T09:00:00+00:00,1h_continuation,supertrend_trend,trending,LONG,61.7,9.152,0.21636204198189085,8.50291387,10.45017225,0.6490861299999988,False,(allowed),6,,,,True,0.0010000000000012221,0.10899999999999999,0.23600000000000065,0.10899999999999999,0.548,0.10899999999999999,0.548,0.10899999999999999,,,,0.014099823701363047,0.009869876590954133,False,False,False,False,192
60d,AVAX/USDT:USDT,2026-04-09T15:00:00+00:00,15m_fast,supertrend_trend,trending,LONG,55.69,9.153,0.20933618184032723,8.52499145,10.40901709,0.6280085500000006,False,ALLOW_15M_FAST,1,,,,True,0.23499999999999943,0.022999999999999687,0.5469999999999988,0.022999999999999687,0.5469999999999988,0.022999999999999687,0.5469999999999988,0.022999999999999687,,,,0.014574642335681566,0.010202249634977095,False,False,False,False,192
60d,AVAX/USDT:USDT,2026-04-10T05:30:00+00:00,15m_fast,supertrend_trend,trending,LONG,51.35,9.403,0.22098796567944573,8.7400361,10.72892779,0.6629639000000012,False,ALLOW_15M_FAST,1,,,,True,0.006000000000000227,0.16300000000000026,0.006000000000000227,0.16300000000000026,0.15700000000000003,0.16300000000000026,0.20699999999999896,0.3830000000000009,,,,0.01418327604263216,0.009928293229842513,False,False,False,False,192
60d,AVAX/USDT:USDT,2026-04-10T19:00:00+00:00,15m_fast,supertrend_trend,trending,LONG,47.12,9.511,0.20879247835194686,8.88462256,10.76375487,0.6263774399999988,False,ALLOW_15M_FAST,1,,,,True,0.04100000000000037,0.12099999999999866,0.04100000000000037,0.20599999999999952,0.04100000000000037,0.32699999999999996,0.0990000000000002,0.5869999999999997,,,,0.015184135622764473,0.010628894935935131,False,False,False,False,192
60d,AVAX/USDT:USDT,2026-04-10T19:00:00+00:00,1h_continuation,supertrend_trend,trending,LONG,65.2,9.511,0.20879247835194686,8.88462256,10.76375487,0.6263774399999988,False,(allowed),8,,,,True,0.04100000000000037,0.12099999999999866,0.04100000000000037,0.20599999999999952,0.04100000000000037,0.32699999999999996,0.0990000000000002,0.5869999999999997,,,,0.015184135622764473,0.010628894935935131,False,False,False,False,192
60d,AVAX/USDT:USDT,2026-04-11T17:00:00+00:00,1h_continuation,supertrend_trend,trending,LONG,67.32,9.442,0.18148454720735555,8.89754636,10.53090728,0.5444536400000004,False,(allowed),8,,,,True,0.16799999999999926,0.08500000000000085,0.16799999999999926,0.12199999999999989,0.16799999999999926,0.5180000000000007,0.16799999999999926,0.5180000000000007,,,,0.017342156074114948,0.012139509251880462,False,False,False,False,192
60d,AVAX/USDT:USDT,2026-04-11T17:00:00+00:00,aligned_trend,supertrend_trend,trending,LONG,45.49,9.442,0.18148454720735555,8.89754636,10.53090728,0.5444536400000004,False,ALLOW_ALIGNED_TREND,8,,,,True,0.16799999999999926,0.08500000000000085,0.16799999999999926,0.12199999999999989,0.16799999999999926,0.5180000000000007,0.16799999999999926,0.5180000000000007,,,,0.017342156074114948,0.012139509251880462,False,False,False,False,192
60d,AVAX/USDT:USDT,2026-04-12T04:00:00+00:00,4h_flip,supertrend_trend,trending,SHORT,72.21,9.078,0.20740326173999998,9.70020979,7.83358043,0.6222097900000012,False,(allowed),8,,,,True,0.08899999999999864,0.011000000000001009,0.1039999999999992,0.011000000000001009,0.15399999999999991,0.08999999999999986,0.15399999999999991,0.6379999999999999,,,,0.014589934369242216,0.01021295405846955,False,False,False,False,192
60d,AVAX/USDT:USDT,2026-04-13T11:00:00+00:00,1h_continuation,supertrend_trend,trending,SHORT,60.37,8.986,0.1845872095395654,9.53976163,7.87847674,0.5537616299999986,False,(allowed),2,False,False,True,False,0.025000000000000355,0.3330000000000002,0.025000000000000355,0.4009999999999998,0.025000000000000355,0.7299999999999986,0.025000000000000355,0.7299999999999986,690.0,,,0.016227198695583197,0.011359039086908235,False,False,False,False,192
60d,AVAX/USDT:USDT,2026-04-13T20:00:00+00:00,4h_flip,supertrend_trend,trending,LONG,65.82,9.404,0.1941006192997176,8.82169814,10.56860372,0.5823018599999994,False,(allowed),8,,,,True,0.3119999999999994,0.1609999999999996,0.3119999999999994,0.1609999999999996,0.3119999999999994,0.1980000000000004,0.3119999999999994,0.1980000000000004,,,,0.016149699401612785,0.011304789581128946,False,False,False,False,192
60d,AVAX/USDT:USDT,2026-04-14T14:00:00+00:00,15m_fast,supertrend_trend,trending,LONG,53.55,9.491,0.20060726748800597,8.8891782,10.6946436,0.6018217999999997,False,ALLOW_15M_FAST,1,,,,True,0.040000000000000924,0.21899999999999942,0.040000000000000924,0.28500000000000014,0.040000000000000924,0.28500000000000014,0.12700000000000067,0.28500000000000014,,,,0.015770448993373126,0.01103931429536119,False,False,False,False,192
60d,AVAX/USDT:USDT,2026-04-14T16:30:00+00:00,15m_fast,supertrend_trend,trending,LONG,53.64,9.451,0.20477817695314843,8.83666547,10.67966906,0.6143345300000007,False,ALLOW_15M_FAST,1,,,,True,0.02099999999999902,0.245000000000001,0.02099999999999902,0.245000000000001,0.02099999999999902,0.245000000000001,0.19599999999999973,0.245000000000001,,,,0.015384126300046963,0.010768888410032873,False,False,False,False,192
60d,AVAX/USDT:USDT,2026-04-15T19:00:00+00:00,1h_continuation,supertrend_trend,trending,LONG,65.58,9.47,0.19259704336642397,8.89220887,10.62558226,0.5777911300000014,False,(allowed),8,,,,True,0.09699999999999953,0.04600000000000115,0.09699999999999953,0.13400000000000034,0.3780000000000001,0.21300000000000097,0.5359999999999996,0.21300000000000097,,,,0.016390005848653265,0.011473004094057285,False,False,False,False,192
60d,AVAX/USDT:USDT,2026-04-16T03:00:00+00:00,15m_fast,supertrend_trend,trending,LONG,54.13,9.44,0.1929535731067635,8.86113928,10.59772144,0.5788607199999998,False,ALLOW_15M_FAST,1,,,,True,0.12300000000000111,0.02999999999999936,0.17800000000000082,0.10200000000000031,0.4429999999999996,0.18299999999999983,0.5660000000000007,0.18299999999999983,,,,0.01630789527401342,0.01141552669180939,False,False,False,False,192
60d,AVAX/USDT:USDT,2026-04-16T04:00:00+00:00,aligned_trend,supertrend_trend,trending,LONG,45.22,9.48,0.1916711750277089,8.90498647,10.63002705,0.5750135299999997,False,ALLOW_ALIGNED_TREND,4,,,,True,0.1379999999999999,0.025000000000000355,0.1379999999999999,0.14200000000000124,0.4029999999999987,0.22300000000000075,0.5259999999999998,0.22300000000000075,,,,0.01648656858561225,0.011540598009928574,False,False,False,False,192
60d,AVAX/USDT:USDT,2026-04-16T12:30:00+00:00,15m_fast,supertrend_trend,trending,LONG,54.32,9.511,0.18865014581470824,8.94504956,10.64290087,0.5659504399999999,False,ALLOW_15M_FAST,1,,,,True,0.136000000000001,0.25399999999999956,0.3719999999999999,0.25399999999999956,0.3719999999999999,0.25399999999999956,0.495000000000001,0.25399999999999956,,,,0.016805358433858626,0.011763750903701038,False,False,False,False,192
60d,AVAX/USDT:USDT,2026-04-16T13:00:00+00:00,aligned_trend,supertrend_trend,trending,LONG,45.36,9.504,0.18865014581470824,8.93804956,10.63590087,0.5659504399999999,False,ALLOW_ALIGNED_TREND,2,,,,True,0.14300000000000068,0.2469999999999999,0.37899999999999956,0.2469999999999999,0.37899999999999956,0.2469999999999999,0.5020000000000007,0.2469999999999999,,,,0.01679298985967747,0.011755092901774226,False,False,False,False,192
60d,AVAX/USDT:USDT,2026-04-16T15:30:00+00:00,15m_fast,supertrend_trend,trending,LONG,54.32,9.466,0.18865014581470824,8.90004956,10.59790087,0.5659504399999999,False,ALLOW_15M_FAST,1,,,,True,0.38200000000000145,0.06199999999999939,0.4169999999999998,0.06199999999999939,0.5400000000000009,0.06199999999999939,0.5400000000000009,0.1399999999999988,,,,0.016725846171265456,0.011708092319885819,False,False,False,False,192
60d,AVAX/USDT:USDT,2026-04-16T16:00:00+00:00,aligned_trend,supertrend_trend,trending,LONG,45.43,9.582,0.20060370682794335,8.98018888,10.78562224,0.6018111200000007,False,ALLOW_ALIGNED_TREND,2,,,,True,0.2839999999999989,0.17800000000000082,0.3009999999999984,0.17800000000000082,0.4239999999999995,0.17800000000000082,0.4239999999999995,0.2560000000000002,,,,0.01592193909610708,0.011145357367274957,False,False,False,False,192
60d,AVAX/USDT:USDT,2026-04-16T19:00:00+00:00,15m_fast,supertrend_trend,trending,LONG,54.39,9.774,0.20060370682794335,9.17218888,10.97762224,0.6018111199999989,False,ALLOW_15M_FAST,1,,,,True,0.10899999999999999,0.13399999999999856,0.10899999999999999,0.22399999999999842,0.2320000000000011,0.3329999999999984,0.2320000000000011,0.48299999999999876,,,,0.01624097607235974,0.011368683250651818,False,False,False,False,192
60d,AVAX/USDT:USDT,2026-04-16T19:00:00+00:00,aligned_trend,supertrend_trend,trending,LONG,45.43,9.774,0.20060370682794335,9.17218888,10.97762224,0.6018111199999989,False,ALLOW_ALIGNED_TREND,2,,,,True,0.10899999999999999,0.13399999999999856,0.10899999999999999,0.22399999999999842,0.2320000000000011,0.3329999999999984,0.2320000000000011,0.48299999999999876,,,,0.01624097607235974,0.011368683250651818,False,False,False,False,192
60d,AVAX/USDT:USDT,2026-04-17T13:00:00+00:00,15m_fast,supertrend_trend,trending,LONG,55.52,9.728,0.21778281393033302,9.07465156,11.03469688,0.6533484400000003,False,ALLOW_15M_FAST,1,,,,True,0.27800000000000047,0.019000000000000128,0.27800000000000047,0.019000000000000128,0.27800000000000047,0.38700000000000045,0.27800000000000047,0.6069999999999993,,,,0.014889451637781513,0.010422616146447058,False,False,False,False,192
60d,AVAX/USDT:USDT,2026-04-17T13:00:00+00:00,1h_continuation,supertrend_trend,trending,LONG,68.92,9.728,0.21778281393033302,9.07465156,11.03469688,0.6533484400000003,False,(allowed),8,,,,True,0.27800000000000047,0.019000000000000128,0.27800000000000047,0.019000000000000128,0.27800000000000047,0.38700000000000045,0.27800000000000047,0.6069999999999993,,,,0.014889451637781513,0.010422616146447058,False,False,False,False,192
60d,AVAX/USDT:USDT,2026-04-17T13:00:00+00:00,aligned_trend,supertrend_trend,trending,LONG,46.69,9.728,0.21778281393033302,9.07465156,11.03469688,0.6533484400000003,False,ALLOW_ALIGNED_TREND,8,,,,True,0.27800000000000047,0.019000000000000128,0.27800000000000047,0.019000000000000128,0.27800000000000047,0.38700000000000045,0.27800000000000047,0.6069999999999993,,,,0.014889451637781513,0.010422616146447058,False,False,False,False,192
60d,AVAX/USDT:USDT,2026-04-19T00:00:00+00:00,4h_flip,supertrend_trend,trending,SHORT,84.34,9.328,0.20184505555076296,9.93353517,8.11692967,0.6055351700000013,False,(allowed),8,,,,True,0.125,0.004000000000001336,0.20699999999999896,0.004000000000001336,0.3669999999999991,0.0259999999999998,0.3669999999999991,0.10400000000000098,,,,0.015404555279588433,0.010783188695711902,False,False,False,False,192
60d,AVAX/USDT:USDT,2026-04-19T18:00:00+00:00,1h_continuation,supertrend_trend,trending,SHORT,62.48,9.144,0.18921359932281714,9.7116408,8.0087184,0.5676407999999995,False,(allowed),6,,,,True,0.04299999999999926,0.08300000000000018,0.18299999999999983,0.08300000000000018,0.18299999999999983,0.17900000000000027,0.18299999999999983,0.3879999999999999,,,,0.01610877865016047,0.011276145055112327,False,False,False,False,192
60d,AVAX/USDT:USDT,2026-04-21T20:00:00+00:00,adaptive_trend_route,adaptive_trend,ranging,SHORT,77.93,9.201,0.1845255595698674,9.662313898924669,8.278372202150663,0.46131389892466856,False,ALLOW_ADAPTIVE_TREND_ROUTE,8,False,False,True,False,0.009999999999999787,0.19699999999999918,0.009999999999999787,0.40499999999999936,0.009999999999999787,0.47199999999999953,0.05900000000000105,0.47199999999999953,570.0,,,0.019945204385663873,0.013961643069964712,False,False,False,False,192
60d,AVAX/USDT:USDT,2026-04-22T04:00:00+00:00,adaptive_trend_route,adaptive_trend,ranging,LONG,81.83,9.557,0.19026438554748762,9.081339036131281,10.508321927737438,0.4756609638687195,False,ALLOW_ADAPTIVE_TREND_ROUTE,40,,,,True,0.11599999999999966,0.028999999999999915,0.11599999999999966,0.028999999999999915,0.11599999999999966,0.34999999999999964,0.11599999999999966,0.4150000000000009,,,,0.020092041865848162,0.014064429306093711,False,False,False,False,192
60d,AVAX/USDT:USDT,2026-04-23T12:00:00+00:00,adaptive_trend_route,adaptive_trend,ranging,SHORT,73.49,9.268,0.16091484507002204,9.670287112675055,8.46342577464989,0.40228711267505446,False,ALLOW_ADAPTIVE_TREND_ROUTE,8,,,,True,0.02800000000000047,0.17799999999999905,0.12600000000000122,0.17799999999999905,0.12600000000000122,0.19699999999999918,0.12600000000000122,0.22999999999999865,,,,0.023038272189162032,0.016126790532413424,False,False,False,False,192
60d,AVAX/USDT:USDT,2026-04-23T20:00:00+00:00,adaptive_trend_route,adaptive_trend,ranging,SHORT,69.11,9.266,0.17126841233078435,9.694171030826961,8.409657938346077,0.4281710308269613,False,ALLOW_ADAPTIVE_TREND_ROUTE,8,,,,True,0.0039999999999995595,0.13400000000000034,0.0039999999999995595,0.17099999999999937,0.0039999999999995595,0.21000000000000085,0.0039999999999995595,0.23199999999999932,,,,0.021640884910181395,0.015148619437126977,False,False,False,False,192
60d,AVAX/USDT:USDT,2026-04-24T12:00:00+00:00,adaptive_trend_route,adaptive_trend,ranging,LONG,70.19,9.436,0.1625276740050899,9.029680814987275,10.24863837002545,0.406319185012725,False,ALLOW_ADAPTIVE_TREND_ROUTE,56,,,,True,0.02800000000000047,0.09800000000000075,0.040000000000000924,0.09800000000000075,0.06199999999999939,0.09800000000000075,0.08799999999999919,0.15799999999999947,,,,0.023223121988946906,0.016256185392262833,False,False,False,False,192
60d,AVAX/USDT:USDT,2026-04-25T20:00:00+00:00,adaptive_trend_route,adaptive_trend,ranging,SHORT,63.93,9.3,0.13545428313883975,9.6386357078471,8.622728584305802,0.33863570784710006,False,ALLOW_ADAPTIVE_TREND_ROUTE,8,,,,True,0.019000000000000128,0.0649999999999995,0.019000000000000128,0.0649999999999995,0.019000000000000128,0.24099999999999966,0.09700000000000131,0.2599999999999998,,,,0.027463140432311153,0.019224198302617807,False,False,False,True,144
60d,AVAX/USDT:USDT,2026-04-26T12:00:00+00:00,adaptive_trend_route,adaptive_trend,ranging,LONG,62.73,9.478,0.12525853240130155,9.164853668996745,10.104292662006507,0.31314633100325473,False,ALLOW_ADAPTIVE_TREND_ROUTE,40,,,,True,0.019999999999999574,0.07499999999999929,0.06300000000000061,0.08399999999999963,0.08200000000000074,0.27500000000000036,0.08200000000000074,0.27500000000000036,,,,0.030266999998481505,0.021186899998937053,False,False,True,True,80
60d,DOGE/USDT:USDT,2026-02-27T07:00:00+00:00,1h_continuation,supertrend_trend,trending,LONG,73.59,0.09882,0.002551897899177812,0.09116431,0.11413139,0.007655690000000007,False,(allowed),8,False,False,True,False,9.999999999998899e-05,0.0029600000000000043,9.999999999998899e-05,0.005320000000000005,9.999999999998899e-05,0.010650000000000007,9.999999999998899e-05,0.011230000000000004,1395.0,,,0.012908046172193483,0.009035632320535437,False,False,False,False,192
60d,DOGE/USDT:USDT,2026-02-27T12:00:00+00:00,4h_flip,supertrend_trend,trending,SHORT,76.24,0.09496,0.0025969935967400525,0.10275098,0.07937804,0.007790980000000003,False,(allowed),8,,,,True,0.001460000000000003,0.0005799999999999972,0.0022999999999999965,0.0005799999999999972,0.0073700000000000015,0.0005799999999999972,0.0073700000000000015,0.0029,,,,0.012188453827374728,0.00853191767916231,False,False,False,False,192
60d,DOGE/USDT:USDT,2026-02-28T05:00:00+00:00,15m_fast,supertrend_trend,trending,SHORT,59.41,0.09304,0.0023048457443901674,0.09995454,0.07921093,0.006914539999999997,False,ALLOW_15M_FAST,2,,,,True,0.005080000000000001,7.999999999999674e-05,0.0054499999999999965,7.999999999999674e-05,0.0054499999999999965,0.004820000000000005,0.0054499999999999965,0.004820000000000005,,,,0.013455703488590716,0.009418992442013501,False,False,False,False,192
60d,DOGE/USDT:USDT,2026-03-01T00:00:00+00:00,4h_flip,supertrend_trend,trending,LONG,68.73,0.094,0.002592927558033591,0.08622122,0.10955757,0.007778779999999999,False,(allowed),8,,,,True,0.0038600000000000023,0.0009699999999999986,0.0038600000000000023,0.0009699999999999986,0.0038600000000000023,0.0035099999999999992,0.0038600000000000023,0.0035099999999999992,,,,0.012084157155749361,0.008458910009024552,False,False,False,False,192
60d,DOGE/USDT:USDT,2026-03-02T04:00:00+00:00,adaptive_trend_route,adaptive_trend,ranging,SHORT,90.0,0.09323,0.002731569617731703,0.10005892404432926,0.07957215191134148,0.006828924044329263,False,ALLOW_ADAPTIVE_TREND_ROUTE,24,,,,True,0.002129999999999993,0.00027000000000000635,0.002129999999999993,0.00027000000000000635,0.0025099999999999983,0.00451,0.004979999999999998,0.00451,,,,0.013652223892784131,0.009556556724948892,False,False,False,False,192
60d,DOGE/USDT:USDT,2026-03-03T00:00:00+00:00,adaptive_trend_route,adaptive_trend,ranging,SHORT,79.31,0.09351,0.0028945450892419408,0.10074636272310485,0.0790372745537903,0.00723636272310485,False,ALLOW_ADAPTIVE_TREND_ROUTE,32,,,,True,0.0014899999999999913,0.0002899999999999986,0.00245999999999999,0.0002899999999999986,0.005260000000000001,0.0002899999999999986,0.005260000000000001,0.010760000000000006,,,,0.012922237811743963,0.009045566468220773,False,False,False,False,192
60d,DOGE/USDT:USDT,2026-03-04T00:00:00+00:00,adaptive_trend_route,adaptive_trend,ranging,SHORT,90.0,0.08991,0.002717386820072152,0.09670346705018039,0.07632306589963925,0.006793467050180385,False,ALLOW_ADAPTIVE_TREND_ROUTE,24,False,False,True,False,0.0013900000000000023,0.0006899999999999962,0.0013900000000000023,0.0006899999999999962,0.0013900000000000023,0.014359999999999998,0.0013900000000000023,0.014359999999999998,915.0,,,0.013234773840201764,0.009264341688141234,False,False,False,False,192
60d,DOGE/USDT:USDT,2026-03-06T12:00:00+00:00,4h_flip,supertrend_trend,trending,SHORT,65.69,0.09304,0.00270830707992548,0.10116492,0.07679016,0.008124920000000008,False,(allowed),8,,,,True,0.003129999999999994,0.0004600000000000021,0.003129999999999994,0.0004600000000000021,0.003129999999999994,0.0004600000000000021,0.004419999999999993,0.0004600000000000021,,,,0.011451189673252158,0.00801583277127651,False,False,False,False,192
60d,DOGE/USDT:USDT,2026-03-08T08:00:00+00:00,adaptive_trend_route,adaptive_trend,ranging,SHORT,76.8,0.08926,0.0019157311923613666,0.09404932798090342,0.07968134403819317,0.00478932798090341,False,ALLOW_ADAPTIVE_TREND_ROUTE,16,,,,True,0.00039000000000000146,0.002009999999999998,0.0015300000000000036,0.002009999999999998,0.00273000000000001,0.0025099999999999983,0.00273000000000001,0.0035599999999999937,,,,0.018637270271718354,0.013046089190202847,False,False,False,False,192
60d,DOGE/USDT:USDT,2026-03-08T20:00:00+00:00,adaptive_trend_route,adaptive_trend,ranging,SHORT,74.49,0.08927,0.0019057366726012834,0.09403434168150321,0.07974131663699359,0.004764341681503206,False,ALLOW_ADAPTIVE_TREND_ROUTE,72,,,,True,0.0027400000000000063,0.000789999999999999,0.0027400000000000063,0.0023799999999999932,0.0027400000000000063,0.0035499999999999976,0.0027400000000000063,0.011160000000000003,,,,0.018737111224951915,0.01311597785746634,False,False,False,False,192
60d,DOGE/USDT:USDT,2026-03-10T12:00:00+00:00,adaptive_trend_route,adaptive_trend,ranging,LONG,60.01,0.09446,0.0021267718307456706,0.08914307042313582,0.10509385915372835,0.0053169295768641794,False,ALLOW_ADAPTIVE_TREND_ROUTE,8,True,,,False,0.005249999999999991,0.00023000000000000798,0.005970000000000003,0.00023000000000000798,0.005970000000000003,0.0031100000000000017,0.005970000000000003,0.0034099999999999964,,255.0,,0.017765892633039283,0.012436124843127498,False,False,False,False,192
60d,DOGE/USDT:USDT,2026-03-11T19:00:00+00:00,1h_continuation,supertrend_trend,trending,LONG,63.53,0.09431,0.0024821342092628458,0.0868636,0.10920281,0.007446400000000006,False,(allowed),8,,,,True,0.00019999999999999185,0.0010800000000000115,0.00019999999999999185,0.002579999999999999,0.0014899999999999913,0.002590000000000009,0.007679999999999992,0.002590000000000009,,,,0.012665180489901152,0.008865626342930805,False,False,False,False,192
60d,DOGE/USDT:USDT,2026-03-12T08:00:00+00:00,15m_fast,supertrend_trend,trending,LONG,53.31,0.09283,0.002242602174894735,0.08610219,0.10628561,0.006727810000000001,False,ALLOW_15M_FAST,1,,,,True,0.0023400000000000087,0.0005000000000000004,0.0029700000000000004,0.0005000000000000004,0.005210000000000006,0.0005000000000000004,0.009160000000000001,0.0005000000000000004,,,,0.013797952082475574,0.0096585664577329,False,False,False,False,192
60d,DOGE/USDT:USDT,2026-03-12T16:00:00+00:00,aligned_trend,supertrend_trend,trending,LONG,45.68,0.09405,0.002316325344679645,0.08710102,0.10794795,0.0069489799999999935,False,ALLOW_ALIGNED_TREND,6,True,,,False,0.0008300000000000113,0.000789999999999999,0.0012500000000000011,0.000789999999999999,0.007940000000000003,0.000789999999999999,0.007940000000000003,0.000789999999999999,,1230.0,,0.013534360438510412,0.009474052306957288,False,False,False,False,192
60d,DOGE/USDT:USDT,2026-03-12T23:30:00+00:00,15m_fast,supertrend_trend,trending,LONG,55.26,0.09494,0.002266587820059671,0.08814024,0.10853953,0.006799760000000002,False,ALLOW_15M_FAST,1,True,,,False,0.0031000000000000055,0.0004499999999999921,0.0031000000000000055,0.0004499999999999921,0.007050000000000001,0.0004499999999999921,0.007050000000000001,0.0010000000000000009,,795.0,,0.01396225749144087,0.009773580244008609,False,False,False,False,192
60d,DOGE/USDT:USDT,2026-03-13T00:00:00+00:00,aligned_trend,supertrend_trend,trending,LONG,47.17,0.09469,0.0021982601186268367,0.08809522,0.10787956,0.0065947799999999945,False,ALLOW_ALIGNED_TREND,8,True,,,False,0.0033500000000000058,0.00019999999999999185,0.0033500000000000058,0.00019999999999999185,0.007300000000000001,0.00019999999999999185,0.007300000000000001,0.0007500000000000007,,750.0,,0.014358325827396832,0.010050828079177782,False,False,False,False,192
60d,DOGE/USDT:USDT,2026-03-13T09:00:00+00:00,15m_fast,supertrend_trend,trending,LONG,58.15,0.09729,0.0022116120410608942,0.09065516,0.11055967,0.006634840000000003,False,ALLOW_15M_FAST,1,,,,True,0.004699999999999996,0.00014999999999999736,0.004699999999999996,0.00014999999999999736,0.004699999999999996,0.0031199999999999978,0.004699999999999996,0.0033500000000000058,,,,0.014663503566024192,0.010264452496216934,False,False,False,False,192
60d,DOGE/USDT:USDT,2026-03-15T00:00:00+00:00,1h_continuation,supertrend_trend,trending,LONG,78.11,0.09599,0.0021228395227841407,0.08962148,0.10872704,0.0063685200000000025,False,(allowed),16,,,,True,0.0013999999999999985,0.0006500000000000117,0.0013999999999999985,0.0006500000000000117,0.0020799999999999985,0.001590000000000008,0.007709999999999995,0.001590000000000008,,,,0.015072575731881185,0.01055080301231683,False,False,False,False,192
60d,DOGE/USDT:USDT,2026-03-15T00:00:00+00:00,aligned_trend,supertrend_trend,trending,LONG,53.59,0.09599,0.0021228395227841407,0.08962148,0.10872704,0.0063685200000000025,False,ALLOW_ALIGNED_TREND,2,,,,True,0.0013999999999999985,0.0006500000000000117,0.0013999999999999985,0.0006500000000000117,0.0020799999999999985,0.001590000000000008,0.007709999999999995,0.001590000000000008,,,,0.015072575731881185,0.01055080301231683,False,False,False,False,192
60d,DOGE/USDT:USDT,2026-03-15T03:00:00+00:00,aligned_trend,supertrend_trend,trending,LONG,53.59,0.09684,0.0021228395227841407,0.09047148,0.10957704,0.006368519999999989,False,ALLOW_ALIGNED_TREND,2,,,,True,0.00038000000000000533,0.0013699999999999962,0.00038000000000000533,0.0013699999999999962,0.0016000000000000042,0.0024399999999999977,0.007610000000000006,0.0024399999999999977,,,,0.01520604473252815,0.010644231312769705,False,False,False,False,192
60d,DOGE/USDT:USDT,2026-03-15T09:00:00+00:00,15m_fast,supertrend_trend,trending,LONG,62.24,0.0964,0.002036376935461836,0.09029087,0.10861826,0.006109130000000004,False,ALLOW_15M_FAST,1,True,,,False,0.0001799999999999996,0.0005199999999999927,0.00021000000000000185,0.0020000000000000018,0.006540000000000004,0.0020000000000000018,0.008050000000000002,0.0020000000000000018,,1275.0,,0.01577966093371723,0.01104576265360206,False,False,False,False,192
60d,DOGE/USDT:USDT,2026-03-15T09:00:00+00:00,aligned_trend,supertrend_trend,trending,LONG,54.16,0.0964,0.002036376935461836,0.09029087,0.10861826,0.006109130000000004,False,ALLOW_ALIGNED_TREND,2,True,,,False,0.0001799999999999996,0.0005199999999999927,0.00021000000000000185,0.0020000000000000018,0.006540000000000004,0.0020000000000000018,0.008050000000000002,0.0020000000000000018,,1275.0,,0.01577966093371723,0.01104576265360206,False,False,False,False,192
60d,DOGE/USDT:USDT,2026-03-15T23:00:00+00:00,1h_continuation,supertrend_trend,trending,LONG,78.24,0.0973,0.001922492757729466,0.09153252,0.10883496,0.0057674799999999915,False,(allowed),10,True,,,False,0.0011400000000000021,0.0007199999999999984,0.005250000000000005,0.0007199999999999984,0.006199999999999997,0.0007199999999999984,0.007150000000000004,0.0007199999999999984,,945.0,,0.016870452953456298,0.01180931706741941,False,False,False,False,192
60d,DOGE/USDT:USDT,2026-03-15T23:00:00+00:00,aligned_trend,supertrend_trend,trending,LONG,53.68,0.0973,0.001922492757729466,0.09153252,0.10883496,0.0057674799999999915,False,ALLOW_ALIGNED_TREND,8,True,,,False,0.0011400000000000021,0.0007199999999999984,0.005250000000000005,0.0007199999999999984,0.006199999999999997,0.0007199999999999984,0.007150000000000004,0.0007199999999999984,,945.0,,0.016870452953456298,0.01180931706741941,False,False,False,False,192
60d,DOGE/USDT:USDT,2026-03-16T14:30:00+00:00,15m_fast,supertrend_trend,trending,LONG,63.0,0.10059,0.0023311246786107687,0.09359663,0.11457675,0.006993369999999999,False,ALLOW_15M_FAST,1,,,,True,0.002909999999999996,0.0007800000000000029,0.002909999999999996,0.0007800000000000029,0.0038600000000000023,0.0023299999999999987,0.0038600000000000023,0.006080000000000002,,,,0.014383623346112106,0.010068536342278474,False,False,False,False,192
60d,DOGE/USDT:USDT,2026-03-16T17:00:00+00:00,aligned_trend,supertrend_trend,trending,LONG,55.0,0.1011,0.002436044344424285,0.09379187,0.11571627,0.007308129999999996,False,ALLOW_ALIGNED_TREND,2,,,,True,0.0018500000000000044,0.0002799999999999886,0.0028900000000000037,0.0002799999999999886,0.0033500000000000058,0.0028399999999999953,0.0033500000000000058,0.0076999999999999985,,,,0.013833908263810311,0.009683735784667219,False,False,False,False,192
60d,DOGE/USDT:USDT,2026-03-16T19:30:00+00:00,15m_fast,supertrend_trend,trending,LONG,63.0,0.10234,0.002436044344424285,0.09503187,0.11695627,0.007308129999999996,False,ALLOW_15M_FAST,1,,,,True,0.0010700000000000015,0.0011599999999999944,0.0021100000000000008,0.0011599999999999944,0.0021100000000000008,0.00408,0.0021100000000000008,0.009139999999999995,,,,0.014003582311754177,0.009802507618227924,False,False,False,False,192
60d,DOGE/USDT:USDT,2026-03-18T12:00:00+00:00,4h_flip,supertrend_trend,trending,SHORT,83.66,0.09704,0.0024230559289054334,0.10430917,0.08250166,0.007269170000000005,False,(allowed),8,,,,True,0.0032400000000000068,3.999999999999837e-05,0.003839999999999996,3.999999999999837e-05,0.003909999999999997,3.999999999999837e-05,0.005330000000000001,3.999999999999837e-05,,,,0.013349529588660045,0.00934467071206203,False,False,False,False,192
60d,DOGE/USDT:USDT,2026-03-19T03:00:00+00:00,15m_fast,supertrend_trend,trending,SHORT,66.53,0.09451,0.0024160254649435993,0.10175808,0.08001385,0.007248080000000004,False,ALLOW_15M_FAST,1,,,,True,0.00037999999999999146,0.0015500000000000097,0.0013799999999999923,0.0015500000000000097,0.002799999999999997,0.0015500000000000097,0.002799999999999997,0.0015500000000000097,,,,0.013039315239346138,0.009127520667542296,False,False,False,False,192
60d,DOGE/USDT:USDT,2026-03-19T05:30:00+00:00,15m_fast,supertrend_trend,trending,SHORT,65.63,0.09441,0.0023627379317333426,0.10149821,0.08023357,0.0070882100000000114,False,ALLOW_15M_FAST,2,,,,True,0.0012799999999999895,0.0009500000000000064,0.0023299999999999987,0.0009500000000000064,0.002699999999999994,0.0009700000000000125,0.002699999999999994,0.0009700000000000125,,,,0.013319300641487744,0.00932351044904142,False,False,False,False,192
60d,DOGE/USDT:USDT,2026-03-19T11:30:00+00:00,15m_fast,supertrend_trend,trending,SHORT,58.67,0.09412,0.0023603995080381038,0.1012012,0.0799576,0.00708120000000001,False,ALLOW_15M_FAST,1,,,,True,0.00204,9.000000000000674e-05,0.0024099999999999955,9.000000000000674e-05,0.0024099999999999955,0.0012600000000000111,0.0024099999999999955,0.0012600000000000111,,,,0.013291532508614342,0.009304072756030037,False,False,False,False,192
60d,DOGE/USDT:USDT,2026-03-19T17:30:00+00:00,15m_fast,supertrend_trend,trending,SHORT,58.36,0.09257,0.0022789669227471407,0.0994069,0.0788962,0.006836900000000007,False,ALLOW_15M_FAST,1,,,,True,0.0003500000000000031,0.0013299999999999979,0.0003500000000000031,0.0018299999999999983,0.0003500000000000031,0.002810000000000007,0.0003500000000000031,0.002810000000000007,,,,0.013539762172914612,0.009477833521040228,False,False,False,False,192
60d,DOGE/USDT:USDT,2026-03-22T00:00:00+00:00,1h_continuation,supertrend_trend,trending,SHORT,59.08,0.09129,0.0017850932389302972,0.09664528,0.08057944,0.005355280000000004,False,(allowed),6,,,,True,0.0013900000000000023,0.001570000000000002,0.0013900000000000023,0.001570000000000002,0.0022199999999999998,0.001570000000000002,0.0022199999999999998,0.004479999999999998,,,,0.017046727715450908,0.011932709400815636,False,False,False,False,192
60d,DOGE/USDT:USDT,2026-03-22T06:30:00+00:00,15m_fast,supertrend_trend,trending,SHORT,56.67,0.09193,0.0018690151504352763,0.09753705,0.08071591,0.005607050000000002,False,ALLOW_15M_FAST,1,,,,True,0.0012599999999999972,7.000000000000062e-05,0.0012599999999999972,7.000000000000062e-05,0.0028600000000000014,7.000000000000062e-05,0.0028600000000000014,0.003839999999999996,,,,0.016395430752356402,0.011476801526649481,False,False,False,False,192
60d,DOGE/USDT:USDT,2026-03-22T19:00:00+00:00,15m_fast,supertrend_trend,trending,SHORT,59.39,0.09072,0.0017140802789745995,0.09586224,0.08043552,0.005142240000000006,False,ALLOW_15M_FAST,1,,,,True,0.0016499999999999987,1.0000000000010001e-05,0.0016499999999999987,0.0005800000000000111,0.0016499999999999987,0.0050200000000000106,0.0016499999999999987,0.005049999999999999,,,,0.017642117054046464,0.012349481937832524,False,False,False,False,192
60d,DOGE/USDT:USDT,2026-03-23T07:00:00+00:00,15m_fast,supertrend_trend,trending,SHORT,61.75,0.09031,0.0017100489697183664,0.09544015,0.08004971,0.00513015,False,ALLOW_15M_FAST,1,False,False,True,False,0.001130000000000006,0.0004699999999999982,0.001130000000000006,0.005019999999999997,0.001130000000000006,0.005459999999999993,0.001130000000000006,0.007360000000000005,480.0,,,0.017603773768798184,0.012322641638158728,False,False,False,False,192
60d,DOGE/USDT:USDT,2026-03-23T07:00:00+00:00,aligned_trend,supertrend_trend,trending,SHORT,53.61,0.09031,0.0017100489697183664,0.09544015,0.08004971,0.00513015,False,ALLOW_ALIGNED_TREND,8,False,False,True,False,0.001130000000000006,0.0004699999999999982,0.001130000000000006,0.005019999999999997,0.001130000000000006,0.005459999999999993,0.001130000000000006,0.007360000000000005,480.0,,,0.017603773768798184,0.012322641638158728,False,False,False,False,192
60d,DOGE/USDT:USDT,2026-03-23T16:00:00+00:00,4h_flip,supertrend_trend,trending,LONG,79.32,0.09376,0.002149452473203808,0.08731164,0.10665671,0.00644836,False,(allowed),8,,,,True,0.002009999999999998,0.0007299999999999945,0.002009999999999998,0.0007299999999999945,0.002009999999999998,0.0011599999999999944,0.004189999999999999,0.0013999999999999985,,,,0.01454013113411782,0.010178091793882476,False,False,False,False,192
60d,DOGE/USDT:USDT,2026-03-24T08:00:00+00:00,aligned_trend,supertrend_trend,trending,LONG,45.79,0.0952,0.002179300606184244,0.0886621,0.1082758,0.006537900000000013,False,ALLOW_ALIGNED_TREND,6,,,,True,0.0003899999999999876,0.0017200000000000132,0.0003899999999999876,0.002600000000000005,0.00247,0.002840000000000009,0.0027499999999999886,0.0030100000000000127,,,,0.014561250554459355,0.010192875388121548,False,False,False,False,192
60d,DOGE/USDT:USDT,2026-03-25T00:00:00+00:00,1h_continuation,supertrend_trend,trending,LONG,63.39,0.09506,0.0021270000680244736,0.088679,0.107822,0.006381000000000012,False,(allowed),6,,,,True,0.0003999999999999976,0.0007300000000000084,0.002610000000000001,0.0007300000000000084,0.00288999999999999,0.0007300000000000084,0.00288999999999999,0.004680000000000004,,,,0.01489735151230212,0.010428146058611485,False,False,False,False,192
60d,DOGE/USDT:USDT,2026-03-26T08:00:00+00:00,4h_flip,supertrend_trend,trending,SHORT,67.45,0.09269,0.0019858220568662725,0.09864747,0.08077507,0.005957470000000006,False,(allowed),8,,,,True,0.0016199999999999964,2.0000000000006124e-05,0.0023099999999999926,2.0000000000006124e-05,0.0023099999999999926,4.000000000001225e-05,0.0035099999999999992,4.000000000001225e-05,,,,0.015558618003951325,0.010891032602765928,False,False,False,False,192
60d,DOGE/USDT:USDT,2026-03-27T10:00:00+00:00,1h_continuation,supertrend_trend,trending,SHORT,62.26,0.09099,0.0017509715388146934,0.09624291,0.08048417,0.0052529099999999995,False,(allowed),6,,,,True,0.001810000000000006,0.00010000000000000286,0.001810000000000006,0.00010000000000000286,0.001810000000000006,0.00039000000000000146,0.001810000000000006,0.0043300000000000005,,,,0.017321827329994235,0.012125279130995963,False,False,False,False,192
60d,DOGE/USDT:USDT,2026-03-28T03:30:00+00:00,15m_fast,supertrend_trend,trending,SHORT,52.94,0.09,0.0017033451718056656,0.09511004,0.07977993,0.00511004000000001,False,ALLOW_15M_FAST,1,False,False,True,False,0.00037999999999999146,0.00068,0.00037999999999999146,0.002119999999999997,0.00037999999999999146,0.005320000000000005,0.002140000000000003,0.005320000000000005,705.0,,,0.017612386595799605,0.012328670617059724,False,False,False,False,192
60d,DOGE/USDT:USDT,2026-03-28T16:00:00+00:00,4h_flip,supertrend_trend,trending,LONG,68.9,0.094,0.001806735772905602,0.08857979,0.10484041,0.005420209999999995,False,(allowed),8,,,,True,0.00025999999999999635,0.0021899999999999975,0.00025999999999999635,0.003689999999999999,0.00025999999999999635,0.004070000000000004,0.00025999999999999635,0.0061400000000000066,,,,0.017342501489794694,0.012139751042856285,False,False,False,False,192
60d,DOGE/USDT:USDT,2026-03-29T16:00:00+00:00,adaptive_trend_route,adaptive_trend,ranging,SHORT,84.99,0.09011,0.001639971105693991,0.09420992776423498,0.08191014447153004,0.004099927764234984,False,ALLOW_ADAPTIVE_TREND_ROUTE,16,,,,True,0.0002899999999999986,0.00068,0.002250000000000002,0.0014300000000000007,0.002250000000000002,0.003799999999999998,0.002250000000000002,0.003799999999999998,,,,0.02197843600710703,0.01538490520497492,False,False,False,False,192
60d,DOGE/USDT:USDT,2026-03-31T00:00:00+00:00,adaptive_trend_route,adaptive_trend,ranging,SHORT,77.82,0.09078,0.001749670012756163,0.0951541750318904,0.08203164993621918,0.004374175031890401,False,ALLOW_ADAPTIVE_TREND_ROUTE,56,,,,True,0.00032999999999999696,0.0019699999999999995,0.00032999999999999696,0.0019699999999999995,0.0014900000000000052,0.002030000000000004,0.0014900000000000052,0.003720000000000001,,,,0.020753627675655063,0.014527539372958547,False,False,False,False,192
60d,DOGE/USDT:USDT,2026-04-01T16:00:00+00:00,adaptive_trend_route,adaptive_trend,ranging,LONG,63.05,0.09302,0.0017324000982503918,0.08868899975437403,0.10168200049125196,0.004331000245625979,False,ALLOW_ADAPTIVE_TREND_ROUTE,8,,,,True,0.0012399999999999911,0.00068,0.0012399999999999911,0.0010000000000000009,0.0012399999999999911,0.0041100000000000025,0.0012399999999999911,0.0041100000000000025,,,,0.02147771755357068,0.015034402287499473,False,False,False,False,192
60d,DOGE/USDT:USDT,2026-04-02T08:00:00+00:00,adaptive_trend_route,adaptive_trend,ranging,SHORT,83.38,0.0902,0.001780292565757221,0.09465073141439305,0.0812985371712139,0.004450731414393047,False,ALLOW_ADAPTIVE_TREND_ROUTE,48,,,,True,0.0007599999999999968,0.00032000000000000084,0.0012899999999999995,0.0009499999999999925,0.0012899999999999995,0.0012899999999999995,0.0012899999999999995,0.002360000000000001,,,,0.02026633189059797,0.014186432323418575,False,False,False,False,192
60d,DOGE/USDT:USDT,2026-04-04T04:00:00+00:00,adaptive_trend_route,adaptive_trend,ranging,SHORT,60.92,0.09118,0.0014186373053746862,0.09472659326343671,0.08408681347312656,0.0035465932634367175,False,ALLOW_ADAPTIVE_TREND_ROUTE,24,,,,True,0.0002299999999999941,0.00028000000000000247,0.0005000000000000004,0.00028000000000000247,0.0005000000000000004,0.001920000000000005,0.001559999999999992,0.0024200000000000055,,,,0.025709178703972616,0.017996425092780828,False,False,False,False,192
60d,DOGE/USDT:USDT,2026-04-05T08:00:00+00:00,adaptive_trend_route,adaptive_trend,ranging,SHORT,73.39,0.09003,0.0012589764877101294,0.09317744121927532,0.08373511756144936,0.003147441219275321,False,ALLOW_ADAPTIVE_TREND_ROUTE,32,False,False,True,False,7.999999999999674e-05,0.0005499999999999949,0.0004099999999999937,0.0013999999999999985,0.0004099999999999937,0.0035700000000000037,0.0004099999999999937,0.0035700000000000037,975.0,,,0.028604187887178036,0.020022931521024627,False,False,False,False,192
60d,DOGE/USDT:USDT,2026-04-06T08:00:00+00:00,adaptive_trend_route,adaptive_trend,ranging,LONG,67.27,0.09205,0.001336749841114731,0.08870812539721318,0.09873374920557366,0.003341874602786829,False,ALLOW_ADAPTIVE_TREND_ROUTE,16,,,,True,0.0014199999999999907,0.00015000000000001124,0.0014199999999999907,0.00015000000000001124,0.0014199999999999907,0.0022100000000000036,0.003969999999999987,0.0022100000000000036,,,,0.02754442070424738,0.01928109449297316,False,False,False,False,192
60d,DOGE/USDT:USDT,2026-04-07T04:00:00+00:00,adaptive_trend_route,adaptive_trend,ranging,SHORT,67.17,0.09045,0.0013377550811362296,0.09379438770284057,0.08376122459431885,0.0033443877028405677,False,ALLOW_ADAPTIVE_TREND_ROUTE,32,False,False,True,False,0.00027000000000000635,0.00032000000000000084,0.00027000000000000635,0.0009899999999999909,0.00045000000000000595,0.005569999999999992,0.00045000000000000595,0.005569999999999992,1110.0,,,0.02704530934711187,0.01893171654297831,False,False,False,False,192
60d,DOGE/USDT:USDT,2026-04-08T13:30:00+00:00,15m_fast,supertrend_trend,trending,LONG,53.57,0.09472,0.001483696327306733,0.09026891,0.10362218,0.004451090000000005,False,ALLOW_15M_FAST,1,,,,True,0.0002500000000000002,0.002140000000000003,0.0002500000000000002,0.002140000000000003,0.0002500000000000002,0.0038600000000000023,0.0002500000000000002,0.0038600000000000023,,,,0.021280180809644358,0.014896126566751048,False,False,False,False,192
60d,DOGE/USDT:USDT,2026-04-09T04:00:00+00:00,4h_flip,supertrend_trend,trending,SHORT,69.23,0.09148,0.0015409433778687952,0.09610283,0.08223434,0.0046228299999999944,False,(allowed),8,,,,True,0.0006200000000000094,0.0009799999999999948,0.0006200000000000094,0.0009799999999999948,0.0006200000000000094,0.003489999999999993,0.0006200000000000094,0.003789999999999988,,,,0.019788744124270223,0.013852120886989156,False,False,False,False,192
60d,DOGE/USDT:USDT,2026-04-10T01:00:00+00:00,1h_continuation,supertrend_trend,trending,SHORT,47.15,0.0924,0.0016536144716469297,0.09736084,0.08247831,0.004960840000000008,False,(allowed),2,,,,True,0.0005399999999999988,0.0004900000000000043,0.0005399999999999988,0.0007300000000000084,0.0005399999999999988,0.0028699999999999976,0.0005399999999999988,0.0028699999999999976,,,,0.01862587787552105,0.013038114512864735,False,False,False,False,192
60d,DOGE/USDT:USDT,2026-04-10T20:00:00+00:00,4h_flip,supertrend_trend,trending,LONG,85.61,0.095,0.0016007532352985438,0.09019774,0.10460452,0.004802260000000003,False,(allowed),8,,,,True,0.00018999999999999573,0.0014799999999999952,0.00018999999999999573,0.0017800000000000038,0.00018999999999999573,0.002820000000000003,0.00018999999999999573,0.0047699999999999965,,,,0.019782352475709343,0.01384764673299654,False,False,False,False,192
60d,DOGE/USDT:USDT,2026-04-11T04:00:00+00:00,15m_fast,supertrend_trend,trending,LONG,48.62,0.09361,0.0015502923304359887,0.08895912,0.10291175,0.004650879999999996,False,ALLOW_15M_FAST,1,,,,True,0.00018999999999999573,0.0010000000000000009,0.00018999999999999573,0.0010799999999999976,0.0012599999999999972,0.0031100000000000017,0.0012599999999999972,0.003379999999999994,,,,0.020127373744323673,0.01408916162102657,False,False,False,False,192
60d,DOGE/USDT:USDT,2026-04-11T19:00:00+00:00,1h_continuation,supertrend_trend,trending,LONG,67.56,0.09392,0.0014057151056734213,0.08970285,0.10235429,0.004217150000000003,False,(allowed),8,,,,True,0.0009499999999999925,0.0005500000000000088,0.0009499999999999925,0.0034200000000000064,0.0009499999999999925,0.003689999999999999,0.0009499999999999925,0.003689999999999999,,,,0.02227096498820292,0.015589675491742042,False,False,False,False,192
60d,DOGE/USDT:USDT,2026-04-11T19:00:00+00:00,aligned_trend,supertrend_trend,trending,LONG,45.67,0.09392,0.0014057151056734213,0.08970285,0.10235429,0.004217150000000003,False,ALLOW_ALIGNED_TREND,6,,,,True,0.0009499999999999925,0.0005500000000000088,0.0009499999999999925,0.0034200000000000064,0.0009499999999999925,0.003689999999999999,0.0009499999999999925,0.003689999999999999,,,,0.02227096498820292,0.015589675491742042,False,False,False,False,192
60d,DOGE/USDT:USDT,2026-04-12T16:00:00+00:00,4h_flip,supertrend_trend,trending,SHORT,83.66,0.09059,0.0014294128567152637,0.09487824,0.08201352,0.004288239999999999,False,(allowed),8,,,,True,0.00010000000000000286,0.0006599999999999939,0.00016000000000000736,0.0010999999999999899,0.00016000000000000736,0.00202999999999999,0.00016000000000000736,0.007449999999999998,,,,0.02112521687219,0.014787651810532997,False,False,False,False,192
60d,DOGE/USDT:USDT,2026-04-14T00:00:00+00:00,4h_flip,supertrend_trend,trending,LONG,80.65,0.09409,0.001393226471016064,0.08991032,0.10244936,0.004179679999999991,False,(allowed),8,,,,True,0.00017000000000000348,0.0010899999999999938,0.00017000000000000348,0.001459999999999989,0.003950000000000009,0.0017599999999999977,0.003950000000000009,0.0017599999999999977,,,,0.02251129273054401,0.015757904911380807,False,False,False,False,192
60d,DOGE/USDT:USDT,2026-04-14T14:00:00+00:00,15m_fast,supertrend_trend,trending,LONG,52.31,0.09704,0.0014383522437399021,0.09272494,0.10567011,0.0043150599999999956,False,ALLOW_15M_FAST,1,False,False,True,False,0.0010000000000000009,0.002909999999999996,0.0010000000000000009,0.004710000000000006,0.0010000000000000009,0.004710000000000006,0.0010000000000000009,0.004710000000000006,315.0,,,0.02248867918406699,0.015742075428846893,False,False,False,False,192
60d,DOGE/USDT:USDT,2026-04-15T17:00:00+00:00,1h_continuation,supertrend_trend,trending,LONG,71.87,0.09441,0.0015604052676998705,0.08972878,0.10377243,0.00468122,False,(allowed),8,,,,True,0.002350000000000005,7.999999999999674e-05,0.002350000000000005,7.999999999999674e-05,0.004140000000000005,8.999999999999286e-05,0.007750000000000007,8.999999999999286e-05,,,,0.02016781950004486,0.0141174736500314,False,False,False,False,192
60d,DOGE/USDT:USDT,2026-04-15T17:00:00+00:00,aligned_trend,supertrend_trend,trending,LONG,48.9,0.09441,0.0015604052676998705,0.08972878,0.10377243,0.00468122,False,ALLOW_ALIGNED_TREND,8,,,,True,0.002350000000000005,7.999999999999674e-05,0.002350000000000005,7.999999999999674e-05,0.004140000000000005,8.999999999999286e-05,0.007750000000000007,8.999999999999286e-05,,,,0.02016781950004486,0.0141174736500314,False,False,False,False,192
60d,DOGE/USDT:USDT,2026-04-16T00:00:00+00:00,1h_continuation,supertrend_trend,trending,LONG,45.19,0.09485,0.0016942269910269292,0.08976732,0.10501536,0.005082680000000006,False,(allowed),2,,,,True,0.002579999999999999,0.00038000000000000533,0.0031199999999999978,0.00038000000000000533,0.0049899999999999944,0.0005300000000000027,0.007309999999999997,0.0005300000000000027,,,,0.018661414844137324,0.013062990390896126,False,False,False,False,192
60d,DOGE/USDT:USDT,2026-04-16T02:30:00+00:00,15m_fast,supertrend_trend,trending,LONG,66.48,0.09584,0.0016942269910269292,0.09075732,0.10600536,0.005082679999999992,False,ALLOW_15M_FAST,2,,,,True,0.002130000000000007,0.00023999999999999022,0.002130000000000007,0.0004699999999999982,0.0040000000000000036,0.0015199999999999936,0.006320000000000006,0.0015199999999999936,,,,0.018856193976406175,0.013199335783484322,False,False,False,False,192
60d,DOGE/USDT:USDT,2026-04-16T12:30:00+00:00,15m_fast,supertrend_trend,trending,LONG,62.96,0.09673,0.0017576737242296515,0.09145698,0.10727604,0.005273020000000003,False,ALLOW_15M_FAST,1,,,,True,0.0018200000000000022,0.0024099999999999955,0.0031100000000000017,0.0024099999999999955,0.0031100000000000017,0.0024099999999999955,0.005430000000000004,0.0024099999999999955,,,,0.01834432640118944,0.012841028480832609,False,False,False,False,192
60d,DOGE/USDT:USDT,2026-04-16T16:00:00+00:00,15m_fast,supertrend_trend,trending,LONG,63.0,0.09725,0.001874268458213248,0.09162719,0.10849561,0.005622810000000006,False,ALLOW_15M_FAST,1,,,,True,0.002589999999999995,0.0009200000000000041,0.002589999999999995,0.0009200000000000041,0.004269999999999996,0.0009200000000000041,0.004909999999999998,0.0018600000000000005,,,,0.017295622651307782,0.012106935855915447,False,False,False,False,192
60d,DOGE/USDT:USDT,2026-04-16T16:00:00+00:00,aligned_trend,supertrend_trend,trending,LONG,55.0,0.09725,0.001874268458213248,0.09162719,0.10849561,0.005622810000000006,False,ALLOW_ALIGNED_TREND,8,,,,True,0.002589999999999995,0.0009200000000000041,0.002589999999999995,0.0009200000000000041,0.004269999999999996,0.0009200000000000041,0.004909999999999998,0.0018600000000000005,,,,0.017295622651307782,0.012106935855915447,False,False,False,False,192
60d,DOGE/USDT:USDT,2026-04-17T07:30:00+00:00,15m_fast,supertrend_trend,trending,LONG,63.0,0.09809,0.0020051376831977065,0.09207459,0.11012083,0.006015409999999999,False,ALLOW_15M_FAST,1,,,,True,0.0013999999999999985,0.0004499999999999921,0.0034300000000000025,0.0004499999999999921,0.004070000000000004,0.0004499999999999921,0.004070000000000004,0.004699999999999996,,,,0.01630645292673318,0.011414517048713223,False,False,False,False,192
60d,DOGE/USDT:USDT,2026-04-17T09:00:00+00:00,aligned_trend,supertrend_trend,trending,LONG,55.0,0.0985,0.0019926278486835846,0.09252212,0.11045577,0.005977880000000005,False,ALLOW_ALIGNED_TREND,4,,,,True,0.0016999999999999932,0.0008599999999999997,0.0036599999999999966,0.0008599999999999997,0.0036599999999999966,0.0018400000000000083,0.0036599999999999966,0.005110000000000003,,,,0.016477413397391706,0.011534189378174194,False,False,False,False,192
60d,DOGE/USDT:USDT,2026-04-17T12:30:00+00:00,15m_fast,supertrend_trend,trending,LONG,70.0,0.09902,0.001982440145206185,0.09307268,0.11091464,0.005947319999999992,False,ALLOW_15M_FAST,2,,,,True,0.002579999999999999,0.00010999999999999899,0.003140000000000004,0.00010999999999999899,0.003140000000000004,0.0035499999999999976,0.003140000000000004,0.005639999999999992,,,,0.016649516084555754,0.011654661259189028,False,False,False,False,192
60d,DOGE/USDT:USDT,2026-04-17T13:00:00+00:00,aligned_trend,supertrend_trend,trending,LONG,55.0,0.10006,0.001982440145206185,0.09411268,0.11195464,0.005947319999999992,False,ALLOW_ALIGNED_TREND,6,,,,True,0.0021000000000000046,0.00019999999999999185,0.0021000000000000046,0.0007199999999999984,0.0021000000000000046,0.004589999999999997,0.0021000000000000046,0.0066799999999999915,,,,0.016824384764902535,0.011777069335431772,False,False,False,False,192
60d,DOGE/USDT:USDT,2026-04-18T12:00:00+00:00,4h_flip,supertrend_trend,trending,SHORT,85.0,0.09595,0.0020697142393425734,0.10215914,0.08353171,0.006209140000000002,False,(allowed),8,,,,True,0.0005599999999999911,0.0004100000000000076,0.0019199999999999912,0.0004100000000000076,0.002569999999999989,0.0004100000000000076,0.003489999999999993,0.0011099999999999999,,,,0.015453025700821688,0.01081711799057518,False,False,False,False,192
60d,DOGE/USDT:USDT,2026-04-19T22:00:00+00:00,1h_continuation,supertrend_trend,trending,SHORT,68.56,0.09378,0.0018864389841449548,0.09943932,0.08246137,0.0056593199999999955,False,(allowed),8,,,,True,0.0013200000000000017,0.0004600000000000021,0.0013200000000000017,0.0008500000000000035,0.0013200000000000017,0.0022699999999999942,0.0013200000000000017,0.0022699999999999942,,,,0.016570895443268816,0.011599626810288172,False,False,False,False,192
60d,DOGE/USDT:USDT,2026-04-20T05:30:00+00:00,15m_fast,supertrend_trend,trending,SHORT,59.44,0.09364,0.0018620825934719254,0.09922625,0.0824675,0.005586250000000001,False,ALLOW_15M_FAST,2,,,,True,7.000000000000062e-05,0.0017699999999999938,7.000000000000062e-05,0.0017699999999999938,7.000000000000062e-05,0.0024099999999999955,0.00014000000000000123,0.0037599999999999995,,,,0.01676258670843589,0.011733810695905122,False,False,False,False,192
60d,DOGE/USDT:USDT,2026-04-21T20:00:00+00:00,adaptive_trend_route,adaptive_trend,ranging,SHORT,74.19,0.0938,0.001546592980890431,0.09766648245222607,0.08606703509554783,0.0038664824522260804,False,ALLOW_ADAPTIVE_TREND_ROUTE,8,False,False,True,False,7.000000000000062e-05,0.0014200000000000046,7.000000000000062e-05,0.0031000000000000055,7.000000000000062e-05,0.0047800000000000065,7.000000000000062e-05,0.0047800000000000065,570.0,,,0.02425977646581476,0.01698184352607033,False,False,False,False,192
60d,DOGE/USDT:USDT,2026-04-23T16:00:00+00:00,adaptive_trend_route,adaptive_trend,ranging,LONG,67.93,0.09733,0.001533827667416861,0.09349543083145785,0.10499913833708431,0.0038345691685421485,False,ALLOW_ADAPTIVE_TREND_ROUTE,80,,,,True,7.999999999999674e-05,0.0022800000000000042,0.0003500000000000031,0.0022800000000000042,0.0017500000000000016,0.0022800000000000042,0.0021800000000000014,0.0022800000000000042,,,,0.02538225175294036,0.01776757622705825,False,False,False,False,192
60d,DOGE/USDT:USDT,2026-04-25T14:00:00+00:00,15m_fast,supertrend_trend,ranging,LONG,50.52,0.09823,0.00141861673383848,0.09468346,0.10532308,0.003546540000000001,False,ALLOW_15M_FAST,1,,,,True,0.0005099999999999966,0.0007199999999999984,0.0005099999999999966,0.000899999999999998,0.0009300000000000003,0.000899999999999998,0.002610000000000001,0.000899999999999998,,,,0.02769741776492017,0.01938819243544412,False,False,False,True,168
60d,DOGE/USDT:USDT,2026-04-25T23:00:00+00:00,15m_fast,supertrend_trend,trending,LONG,50.8,0.09799,0.0013662052449933833,0.09389138,0.10618723,0.004098619999999997,False,ALLOW_15M_FAST,1,,,,True,0.00021000000000000185,0.0004899999999999904,0.00068,0.0005799999999999972,0.0019000000000000128,0.0005799999999999972,0.0028500000000000053,0.0005799999999999972,,,,0.023908047098779604,0.016735632969145722,False,False,False,True,132
60d,DOGE/USDT:USDT,2026-04-26T05:30:00+00:00,15m_fast,supertrend_trend,trending,LONG,50.89,0.09841,0.0012860137061422535,0.09455196,0.10612608,0.003858039999999993,False,ALLOW_15M_FAST,1,,,,True,0.00017000000000000348,0.0002500000000000002,0.0007500000000000007,0.00032999999999999696,0.0024300000000000016,0.00032999999999999696,0.0024300000000000016,0.0008799999999999919,,,,0.02550777078516557,0.0178554395496159,False,False,False,True,106
60d,DOGE/USDT:USDT,2026-04-26T15:30:00+00:00,15m_fast,supertrend_trend,trending,LONG,57.47,0.09904,0.0012588587568267387,0.09526342,0.10659315,0.0037765800000000016,False,ALLOW_15M_FAST,2,,,,True,0.0006400000000000017,0.0006200000000000094,0.0008500000000000035,0.0006200000000000094,0.001799999999999996,0.0015099999999999975,0.001799999999999996,0.0015099999999999975,,,,0.026224785387837662,0.018357349771486363,False,False,True,True,66
60d,DOGE/USDT:USDT,2026-04-27T01:00:00+00:00,15m_fast,supertrend_trend,trending,LONG,59.37,0.0999,0.001246349376366016,0.09616095,0.1073781,0.0037390500000000076,False,ALLOW_15M_FAST,2,,,,True,0.0009399999999999964,0.0005600000000000049,0.0009399999999999964,0.002369999999999997,0.0009399999999999964,0.002369999999999997,0.0009399999999999964,0.002369999999999997,,,,0.026718016608496757,0.01870261162594773,False,True,True,True,28
60d,ETH/USDT:USDT,2026-02-26T09:30:00+00:00,15m_fast,supertrend_trend,trending,LONG,50.71,2064.51,49.4624918861284,1916.12252434,2361.28495132,148.3874756600003,False,ALLOW_15M_FAST,1,,,,True,18.139999999999873,12.220000000000255,18.139999999999873,88.71000000000026,18.139999999999873,91.02000000000021,18.139999999999873,230.45000000000027,,,,0.013912966649088396,0.009739076654361878,False,False,False,False,192
60d,ETH/USDT:USDT,2026-02-27T12:00:00+00:00,4h_flip,supertrend_trend,trending,SHORT,75.69,1960.79,52.00123881622498,2116.79371645,1648.7825671,156.00371644999996,False,(allowed),8,,,,True,24.789999999999964,7.210000000000036,54.789999999999964,7.210000000000036,126.73000000000002,7.210000000000036,126.73000000000002,93.88000000000011,,,,0.012568867233547247,0.008798207063483072,False,False,False,False,192
60d,ETH/USDT:USDT,2026-02-28T06:30:00+00:00,15m_fast,supertrend_trend,trending,SHORT,54.3,1879.3,47.707728077629156,2022.42318423,1593.05363153,143.1231842300001,False,ALLOW_15M_FAST,1,False,False,True,False,45.24000000000001,5.480000000000018,45.24000000000001,35.690000000000055,45.24000000000001,175.37000000000012,45.24000000000001,175.37000000000012,1155.0,,,0.013130646932644747,0.009191452852851324,False,False,False,False,192
60d,ETH/USDT:USDT,2026-03-01T04:00:00+00:00,4h_flip,supertrend_trend,trending,LONG,69.67,2022.29,55.89256745364562,1854.61229764,2357.64540472,167.67770236,False,(allowed),8,,,,True,7.3400000000001455,34.07999999999993,7.3400000000001455,51.26999999999998,7.3400000000001455,116.37999999999988,66.71000000000004,116.37999999999988,,,,0.012060577951254316,0.00844240456587802,False,False,False,False,192
60d,ETH/USDT:USDT,2026-03-01T14:00:00+00:00,15m_fast,supertrend_trend,trending,LONG,57.5,2005.86,53.67461173299035,1844.8361648,2327.9076704,161.0238351999999,False,ALLOW_15M_FAST,2,,,,True,21.910000000000082,55.00999999999999,21.910000000000082,99.94999999999982,21.910000000000082,99.94999999999982,83.1400000000001,99.94999999999982,,,,0.01245691358368541,0.00871983950857979,False,False,False,False,192
60d,ETH/USDT:USDT,2026-03-02T16:00:00+00:00,breakout_trader_route,breakout_trader,volatile,LONG,46.24,2046.39,62.13800207083473,2010.82679891,2153.07960327,35.56320109000012,False,ALLOW_BREAKOUT_TRADER_ROUTE,2,True,False,True,False,42.6099999999999,31.930000000000064,42.6099999999999,31.930000000000064,42.6099999999999,120.07000000000016,119.1099999999999,120.07000000000016,600.0,30.0,,0.057542345381710214,0.04027964176719715,False,False,False,False,192
60d,ETH/USDT:USDT,2026-03-05T05:00:00+00:00,15m_fast,supertrend_trend,trending,LONG,49.89,2136.28,63.15591372580957,1946.81225882,2515.21548235,189.4677411800003,False,ALLOW_15M_FAST,1,,,,True,2.0899999999996908,43.850000000000364,26.7199999999998,43.850000000000364,26.7199999999998,82.98000000000002,26.7199999999998,182.0300000000002,,,,0.011275164767866563,0.007892615337506594,False,False,False,False,192
60d,ETH/USDT:USDT,2026-03-06T16:00:00+00:00,4h_flip,supertrend_trend,trending,SHORT,65.9,1976.43,57.70698654758634,2149.55095964,1630.18808071,173.12095964000014,False,(allowed),8,,,,True,22.180000000000064,15.549999999999955,22.180000000000064,15.549999999999955,22.180000000000064,19.309999999999945,53.570000000000164,19.309999999999945,,,,0.011416468601548463,0.007991528021083924,False,False,False,False,192
60d,ETH/USDT:USDT,2026-03-07T04:30:00+00:00,15m_fast,supertrend_trend,trending,SHORT,49.73,1972.84,51.63209163449243,2127.7362749,1663.04745019,154.89627489999998,False,ALLOW_15M_FAST,1,,,,True,6.829999999999927,13.990000000000009,6.829999999999927,20.99000000000001,38.50999999999999,20.99000000000001,66.20999999999981,32.0,,,,0.012736523207376371,0.00891556624516346,False,False,False,False,192
60d,ETH/USDT:USDT,2026-03-08T03:00:00+00:00,15m_fast,supertrend_trend,trending,SHORT,55.16,1941.19,43.01770856124977,2070.24312568,1683.08374863,129.05312568,False,ALLOW_15M_FAST,1,,,,True,13.610000000000127,10.8599999999999,13.610000000000127,37.83999999999992,34.559999999999945,37.83999999999992,34.559999999999945,112.73999999999978,,,,0.015041789881272407,0.010529252916890684,False,False,False,False,192
60d,ETH/USDT:USDT,2026-03-08T17:00:00+00:00,1h_continuation,supertrend_trend,trending,SHORT,61.91,1935.64,40.93784189446728,2058.45352568,1690.01294863,122.81352567999988,False,(allowed),6,,,,True,8.910000000000082,34.51999999999998,29.00999999999999,34.51999999999998,29.00999999999999,103.56999999999994,29.00999999999999,152.3599999999999,,,,0.01576080475894373,0.01103256333126061,False,False,False,False,192
60d,ETH/USDT:USDT,2026-03-10T04:00:00+00:00,adaptive_trend_route,adaptive_trend,ranging,LONG,71.59,2025.61,46.918731655514684,1908.3131708612132,2260.203658277573,117.29682913878673,False,ALLOW_ADAPTIVE_TREND_ROUTE,56,,,,True,33.62999999999988,0.2899999999999636,48.3900000000001,0.2899999999999636,62.3900000000001,17.839999999999918,62.3900000000001,19.70999999999981,,,,0.01726909427025754,0.01208836598918028,False,False,False,False,192
60d,ETH/USDT:USDT,2026-03-11T12:00:00+00:00,adaptive_trend_route,adaptive_trend,ranging,LONG,60.27,2016.96,43.03480850707603,1909.37297873231,2232.13404253538,107.58702126769003,False,ALLOW_ADAPTIVE_TREND_ROUTE,40,,,,True,64.7199999999998,5.4500000000000455,68.01999999999998,5.4500000000000455,68.01999999999998,5.4500000000000455,131.03999999999996,5.4500000000000455,,,,0.01874724270859354,0.013123069896015478,False,False,False,False,192
60d,ETH/USDT:USDT,2026-03-12T12:00:00+00:00,adaptive_trend_route,adaptive_trend,ranging,LONG,77.5,2061.77,42.32678424609843,1955.953039384754,2273.403921230492,105.81696061524599,False,ALLOW_ADAPTIVE_TREND_ROUTE,32,,,,True,32.80000000000018,25.589999999999918,32.80000000000018,25.589999999999918,86.23000000000002,25.589999999999918,147.7199999999998,25.589999999999918,,,,0.019484305616154152,0.013639013931307904,False,False,False,False,192
60d,ETH/USDT:USDT,2026-03-13T08:00:00+00:00,adaptive_trend_route,adaptive_trend,ranging,LONG,80.03,2098.45,44.070274946983794,1988.2743126325404,2318.8013747349187,110.17568736745943,False,ALLOW_ADAPTIVE_TREND_ROUTE,8,True,,,False,34.55000000000018,8.359999999999673,111.03999999999996,8.359999999999673,111.03999999999996,31.31999999999971,111.03999999999996,38.35999999999967,,375.0,,0.019046398076929812,0.01333247865385087,False,False,False,False,192
60d,ETH/USDT:USDT,2026-03-15T04:00:00+00:00,aligned_trend,supertrend_trend,trending,LONG,47.11,2095.17,36.846851326207265,1984.62944602,2316.25110796,110.54055398000014,False,ALLOW_ALIGNED_TREND,2,True,,,False,21.179999999999836,0.17000000000007276,28.079999999999927,0.17000000000007276,158.42999999999984,10.070000000000164,290.6100000000001,10.070000000000164,,1395.0,,0.018953858331296897,0.01326770083190783,False,False,False,False,192
60d,ETH/USDT:USDT,2026-03-15T06:00:00+00:00,aligned_trend,supertrend_trend,trending,LONG,47.11,2106.89,36.846851326207265,1996.34944602,2327.97110796,110.54055397999991,False,ALLOW_ALIGNED_TREND,2,True,,,False,16.360000000000127,4.879999999999654,16.360000000000127,21.789999999999964,181.11000000000013,21.789999999999964,278.8900000000003,21.789999999999964,,1290.0,,0.01905988276828429,0.013341917937799005,False,False,False,False,192
60d,ETH/USDT:USDT,2026-03-15T21:00:00+00:00,1h_continuation,supertrend_trend,trending,LONG,70.84,2128.0,34.127767355471825,2025.61669793,2332.76660413,102.3833020699999,False,(allowed),6,True,True,False,False,74.86999999999989,5.599999999999909,151.9699999999998,5.599999999999909,219.98999999999978,5.599999999999909,257.7800000000002,5.599999999999909,,390.0,1260.0,0.020784639262221464,0.014549247483555025,False,False,False,False,192
60d,ETH/USDT:USDT,2026-03-15T21:00:00+00:00,aligned_trend,supertrend_trend,trending,LONG,48.13,2128.0,34.127767355471825,2025.61669793,2332.76660413,102.3833020699999,False,ALLOW_ALIGNED_TREND,6,True,True,False,False,74.86999999999989,5.599999999999909,151.9699999999998,5.599999999999909,219.98999999999978,5.599999999999909,257.7800000000002,5.599999999999909,,390.0,1260.0,0.020784639262221464,0.014549247483555025,False,False,False,False,192
60d,ETH/USDT:USDT,2026-03-16T11:00:00+00:00,15m_fast,supertrend_trend,trending,LONG,57.09,2277.12,42.87588370261353,2148.49234889,2534.37530222,128.62765111,False,ALLOW_15M_FAST,2,,,,True,30.88000000000011,23.609999999999673,67.88000000000011,23.609999999999673,108.66000000000031,23.609999999999673,108.66000000000031,23.609999999999673,,,,0.017703191968052416,0.01239223437763669,False,False,False,False,192
60d,ETH/USDT:USDT,2026-03-18T16:00:00+00:00,4h_flip,supertrend_trend,trending,SHORT,85.0,2186.25,50.46716011317244,2337.65148034,1883.44703932,151.40148034000003,False,(allowed),8,,,,True,23.2199999999998,32.75,35.55000000000018,32.75,88.23000000000002,46.38999999999987,88.23000000000002,46.38999999999987,,,,0.01444008338023097,0.010108058366161677,False,False,False,False,192
60d,ETH/USDT:USDT,2026-03-19T04:30:00+00:00,15m_fast,supertrend_trend,trending,SHORT,54.32,2193.84,50.83804692734689,2346.35414078,1888.81171844,152.5141407799997,False,ALLOW_15M_FAST,1,,,,True,52.05000000000018,3.8599999999996726,52.05000000000018,3.8599999999996726,95.82000000000016,3.8599999999996726,95.82000000000016,3.8599999999996726,,,,0.0143845022420878,0.01006915156946146,False,False,False,False,192
60d,ETH/USDT:USDT,2026-03-19T12:30:00+00:00,15m_fast,supertrend_trend,trending,SHORT,60.51,2154.69,51.00234658531439,2307.69703976,1848.67592049,153.00703975999977,False,ALLOW_15M_FAST,1,,,,True,56.67000000000007,2.75,56.67000000000007,2.75,56.67000000000007,20.949999999999818,56.67000000000007,20.949999999999818,,,,0.014082293228989682,0.009857605260292779,False,False,False,False,192
60d,ETH/USDT:USDT,2026-03-20T07:00:00+00:00,15m_fast,supertrend_trend,trending,SHORT,59.61,2135.65,48.77602147082374,2281.97806441,1842.99387118,146.32806441000002,False,ALLOW_15M_FAST,1,,,,True,15.610000000000127,39.98999999999978,21.450000000000273,39.98999999999978,21.450000000000273,39.98999999999978,90.08000000000015,39.98999999999978,,,,0.014594944644494663,0.010216461251146265,False,False,False,False,192
60d,ETH/USDT:USDT,2026-03-20T09:30:00+00:00,15m_fast,supertrend_trend,trending,SHORT,66.08,2141.23,48.041305651479206,2285.35391695,1852.98216609,144.12391694999997,False,ALLOW_15M_FAST,2,,,,True,11.0,16.440000000000055,27.0300000000002,16.440000000000055,27.0300000000002,26.300000000000182,95.66000000000008,26.769999999999982,,,,0.014856867932217275,0.010399807552552091,False,False,False,False,192
60d,ETH/USDT:USDT,2026-03-20T10:00:00+00:00,aligned_trend,supertrend_trend,trending,SHORT,51.08,2140.18,48.041305651479206,2284.30391695,1851.93216609,144.12391694999997,False,ALLOW_ALIGNED_TREND,2,,,,True,18.25,17.490000000000236,25.980000000000018,17.490000000000236,25.980000000000018,27.350000000000364,94.6099999999999,27.820000000000164,,,,0.014849582534885445,0.01039470777441981,False,False,False,False,192
60d,ETH/USDT:USDT,2026-03-20T12:00:00+00:00,aligned_trend,supertrend_trend,trending,SHORT,50.53,2140.37,47.85335524780211,2283.93006574,1853.24986851,143.56006574000003,False,ALLOW_ALIGNED_TREND,8,,,,True,26.170000000000073,11.63000000000011,26.170000000000073,11.63000000000011,26.170000000000073,27.16000000000031,94.79999999999995,27.63000000000011,,,,0.01490922972880494,0.010436460810163459,False,False,False,False,192
60d,ETH/USDT:USDT,2026-03-20T14:00:00+00:00,15m_fast,supertrend_trend,trending,SHORT,65.53,2126.27,47.85335524780211,2269.83006574,1839.14986851,143.56006574000003,False,ALLOW_15M_FAST,2,,,,True,12.070000000000164,21.730000000000018,12.070000000000164,31.340000000000146,12.070000000000164,41.26000000000022,80.70000000000005,41.73000000000002,,,,0.014811013000306525,0.010367709100214569,False,False,False,False,192
60d,ETH/USDT:USDT,2026-03-21T08:30:00+00:00,15m_fast,supertrend_trend,trending,SHORT,62.66,2149.32,41.27881342227605,2273.15644027,1901.64711947,123.83644026999991,False,ALLOW_15M_FAST,2,,,,True,0.8700000000003456,10.539999999999964,4.320000000000164,18.679999999999836,103.75000000000023,18.679999999999836,127.74000000000024,18.679999999999836,,,,0.017356119049561258,0.01214928333469288,False,False,False,False,192
60d,ETH/USDT:USDT,2026-03-21T15:00:00+00:00,15m_fast,supertrend_trend,trending,SHORT,61.98,2151.08,39.02389817782777,2268.15169453,1916.93661093,117.07169453000006,False,ALLOW_15M_FAST,2,,,,True,10.929999999999836,5.789999999999964,10.929999999999836,5.789999999999964,105.50999999999999,5.789999999999964,129.5,47.92000000000007,,,,0.018374040015699762,0.012861828010989833,False,False,False,False,192
60d,ETH/USDT:USDT,2026-03-22T12:00:00+00:00,1h_continuation,supertrend_trend,trending,SHORT,61.18,2068.97,41.1852308508549,2192.52569255,1821.85861489,123.55569255,False,(allowed),6,False,False,True,False,2.099999999999909,23.63000000000011,15.959999999999582,23.63000000000011,47.38999999999987,130.0300000000002,47.38999999999987,130.0300000000002,1380.0,,,0.016745242224778415,0.01172166955734489,False,False,False,False,192
60d,ETH/USDT:USDT,2026-03-23T07:00:00+00:00,15m_fast,supertrend_trend,trending,SHORT,51.86,2036.2,40.0104135862991,2156.23124076,1796.13751848,120.03124076000017,False,ALLOW_15M_FAST,1,False,False,True,False,14.620000000000118,22.249999999999773,14.620000000000118,162.79999999999995,14.620000000000118,162.79999999999995,14.620000000000118,162.79999999999995,240.0,,,0.016963916952848445,0.01187474186699391,False,False,False,False,192
60d,ETH/USDT:USDT,2026-03-23T12:00:00+00:00,4h_flip,supertrend_trend,trending,LONG,80.99,2133.89,50.04153008206405,1983.76540975,2434.13918049,150.12459024999998,False,(allowed),8,,,,True,58.65000000000009,28.5,58.65000000000009,28.5,58.65000000000009,28.5,66.22000000000025,31.889999999999873,,,,0.01421412705571065,0.009949888938997455,False,False,False,False,192
60d,ETH/USDT:USDT,2026-03-25T01:00:00+00:00,1h_continuation,supertrend_trend,trending,LONG,62.42,2160.64,47.650996192751215,2017.68701142,2446.54597716,142.95298857999978,False,(allowed),6,,,,True,6.450000000000273,15.519999999999982,29.34999999999991,15.519999999999982,39.470000000000255,15.519999999999982,39.470000000000255,127.41999999999985,,,,0.015114339486444917,0.010580037640511441,False,False,False,False,192
60d,ETH/USDT:USDT,2026-03-25T20:00:00+00:00,adaptive_trend_route,adaptive_trend,ranging,LONG,80.06,2171.73,43.661682277836576,2062.5757943054086,2390.038411389183,109.15420569459138,False,ALLOW_ADAPTIVE_TREND_ROUTE,24,False,False,True,False,13.259999999999764,13.7199999999998,13.259999999999764,29.579999999999927,13.259999999999764,138.51,13.259999999999764,205.52999999999997,900.0,,,0.01989598097645824,0.013927186683520769,False,False,False,False,192
60d,ETH/USDT:USDT,2026-03-26T12:00:00+00:00,adaptive_trend_route,adaptive_trend,ranging,SHORT,76.3,2067.33,43.299290596035235,2175.578226490088,1850.8335470198238,108.2482264900882,False,ALLOW_ADAPTIVE_TREND_ROUTE,16,,,,True,16.789999999999964,26.309999999999945,34.1099999999999,26.309999999999945,87.04999999999995,26.309999999999945,101.12999999999988,26.309999999999945,,,,0.019098049612750894,0.013368634728925625,False,False,False,False,192
60d,ETH/USDT:USDT,2026-03-27T04:30:00+00:00,15m_fast,supertrend_trend,trending,SHORT,51.36,2050.53,40.743413648307,2172.76024094,1806.06951811,122.23024093999993,False,ALLOW_15M_FAST,1,,,,True,1.8500000000003638,21.059999999999945,70.25000000000023,21.059999999999945,84.33000000000015,21.059999999999945,84.33000000000015,21.059999999999945,,,,0.016775963004168167,0.011743174102917718,False,False,False,False,192
60d,ETH/USDT:USDT,2026-03-27T08:30:00+00:00,15m_fast,supertrend_trend,trending,SHORT,57.93,2053.35,39.99531267342794,2173.33593802,1813.37812396,119.98593802000005,False,ALLOW_15M_FAST,2,,,,True,73.06999999999994,3.2800000000002,87.14999999999986,3.2800000000002,87.14999999999986,3.2800000000002,87.14999999999986,3.2800000000002,,,,0.017113255385458038,0.011979278769820625,False,False,False,False,192
60d,ETH/USDT:USDT,2026-03-28T09:00:00+00:00,15m_fast,supertrend_trend,trending,SHORT,55.42,1998.19,37.10464235378064,2109.50392706,1775.56214588,111.31392705999997,False,ALLOW_15M_FAST,1,,,,True,6.990000000000009,5.529999999999973,6.990000000000009,51.17000000000007,10.029999999999973,51.17000000000007,61.65000000000009,76.80999999999995,,,,0.01795094336149819,0.012565660353048732,False,False,False,False,192
60d,ETH/USDT:USDT,2026-03-29T00:00:00+00:00,1h_continuation,supertrend_trend,trending,SHORT,72.39,1993.48,35.71264916353419,2100.61794749,1779.20410502,107.13794748999999,False,(allowed),8,,,,True,2.9500000000000455,25.519999999999982,2.9500000000000455,25.519999999999982,56.940000000000055,25.519999999999982,56.940000000000055,93.50999999999976,,,,0.018606665954526216,0.013024666168168348,False,False,False,False,192
60d,ETH/USDT:USDT,2026-03-29T00:00:00+00:00,aligned_trend,supertrend_trend,trending,SHORT,49.3,1993.48,35.71264916353419,2100.61794749,1779.20410502,107.13794748999999,False,ALLOW_ALIGNED_TREND,2,,,,True,2.9500000000000455,25.519999999999982,2.9500000000000455,25.519999999999982,56.940000000000055,25.519999999999982,56.940000000000055,93.50999999999976,,,,0.018606665954526216,0.013024666168168348,False,False,False,False,192
60d,ETH/USDT:USDT,2026-03-29T05:30:00+00:00,15m_fast,supertrend_trend,trending,SHORT,64.11,1999.23,35.1953170804246,2104.81595124,1788.05809752,105.58595123999976,False,ALLOW_15M_FAST,2,,,,True,0.4700000000000273,10.25,17.019999999999982,10.25,62.690000000000055,59.039999999999964,62.690000000000055,93.76999999999998,,,,0.01893462128740684,0.013254234901184788,False,False,False,False,192
60d,ETH/USDT:USDT,2026-03-29T10:00:00+00:00,aligned_trend,supertrend_trend,trending,SHORT,48.95,1998.06,33.79779443182285,2099.4533833,1795.27323341,101.3933833000001,False,ALLOW_ALIGNED_TREND,4,,,,True,15.849999999999909,9.230000000000018,15.849999999999909,9.230000000000018,61.51999999999998,76.94000000000005,61.51999999999998,94.94000000000005,,,,0.019706019613609224,0.013794213729526458,False,False,False,False,192
60d,ETH/USDT:USDT,2026-03-29T13:30:00+00:00,15m_fast,supertrend_trend,trending,SHORT,57.51,1990.22,32.590094829549784,2087.99028449,1794.67943102,97.77028448999977,False,ALLOW_15M_FAST,1,,,,True,7.3900000000001,12.980000000000018,7.3900000000001,18.769999999999982,53.680000000000064,96.76999999999975,53.680000000000064,102.77999999999997,,,,0.020356082733947303,0.014249257913763112,False,False,False,False,192
60d,ETH/USDT:USDT,2026-03-29T14:00:00+00:00,aligned_trend,supertrend_trend,trending,SHORT,48.9,1986.12,32.590094829549784,2083.89028449,1790.57943102,97.77028449,False,ALLOW_ALIGNED_TREND,6,False,False,True,False,3.2899999999999636,17.080000000000155,3.2899999999999636,22.87000000000012,49.57999999999993,100.86999999999989,49.57999999999993,106.88000000000011,1275.0,,,0.020314147702036617,0.014219903391425632,False,False,False,False,192
60d,ETH/USDT:USDT,2026-03-29T18:00:00+00:00,aligned_trend,supertrend_trend,trending,SHORT,49.02,1994.29,31.81723091315337,2089.74169274,1803.38661452,95.45169274,False,ALLOW_ALIGNED_TREND,2,,,,True,3.8999999999998636,14.700000000000045,57.75,28.99000000000001,57.75,92.69999999999982,57.75,130.22000000000025,,,,0.02089318630977272,0.014625230416840902,False,False,False,False,192
60d,ETH/USDT:USDT,2026-03-29T22:30:00+00:00,15m_fast,supertrend_trend,trending,SHORT,57.72,1993.72,30.73742870507099,2085.93228612,1809.29542777,92.21228611999982,False,ALLOW_15M_FAST,1,False,False,True,False,57.180000000000064,29.559999999999945,57.180000000000064,64.54999999999995,57.180000000000064,93.26999999999975,57.180000000000064,130.7900000000002,765.0,,,0.021620980065557495,0.015134686045890246,False,False,False,False,192
60d,ETH/USDT:USDT,2026-03-29T23:00:00+00:00,aligned_trend,supertrend_trend,trending,SHORT,49.13,1972.83,30.73742870507099,2065.04228612,1788.40542777,92.21228612000004,False,ALLOW_ALIGNED_TREND,4,False,False,True,False,0.5599999999999454,70.43000000000006,0.5599999999999454,85.44000000000005,0.5599999999999454,114.15999999999985,0.5599999999999454,151.6800000000003,525.0,,,0.02139443758538495,0.014976106309769466,False,False,False,False,192
60d,ETH/USDT:USDT,2026-03-30T08:00:00+00:00,4h_flip,supertrend_trend,trending,LONG,76.76,2058.7,35.6978355922161,1951.60649322,2272.88701355,107.09350677999987,False,(allowed),8,,,,True,28.289999999999964,12.299999999999727,28.289999999999964,15.819999999999709,34.30000000000018,46.55999999999972,99.28999999999996,47.44999999999982,,,,0.019223387690806948,0.013456371383564862,False,False,False,False,192
60d,ETH/USDT:USDT,2026-03-30T16:00:00+00:00,15m_fast,supertrend_trend,trending,LONG,55.22,2073.4,36.46818477083938,1963.99544569,2292.20910863,109.4045543100001,False,ALLOW_15M_FAST,1,,,,True,0.599999999999909,61.25999999999999,0.599999999999909,61.25999999999999,19.59999999999991,62.15000000000009,84.58999999999969,62.15000000000009,,,,0.018951679050992504,0.013266175335694751,False,False,False,False,192
60d,ETH/USDT:USDT,2026-03-31T02:00:00+00:00,1h_continuation,supertrend_trend,trending,LONG,52.29,2072.2,38.163179725876816,1957.71046082,2301.17907836,114.48953917999984,False,(allowed),8,,,,True,10.300000000000182,18.460000000000036,10.300000000000182,60.94999999999982,52.3100000000004,60.94999999999982,95.0,60.94999999999982,,,,0.018099470177289283,0.012669629124102497,False,False,False,False,192
60d,ETH/USDT:USDT,2026-03-31T14:00:00+00:00,1h_continuation,supertrend_trend,trending,LONG,63.55,2074.36,40.75615738256244,1952.09152785,2318.8969443,122.2684721500002,False,(allowed),6,,,,True,50.15000000000009,38.06000000000017,50.15000000000009,38.06000000000017,83.62999999999965,38.06000000000017,92.83999999999969,58.81000000000017,,,,0.01696561643017142,0.011875931501119994,False,False,False,False,192
60d,ETH/USDT:USDT,2026-03-31T17:00:00+00:00,15m_fast,supertrend_trend,trending,LONG,51.13,2090.41,41.95928899809367,1964.53213301,2342.16573399,125.8778669899998,False,ALLOW_15M_FAST,1,,,,True,34.100000000000364,2.849999999999909,34.100000000000364,3.4099999999998545,67.57999999999993,9.2199999999998,76.78999999999996,74.8599999999999,,,,0.016606652543342426,0.011624656780339698,False,False,False,False,192
60d,ETH/USDT:USDT,2026-04-01T04:30:00+00:00,15m_fast,supertrend_trend,ranging,LONG,56.32,2109.21,42.06039283119964,2004.05901792,2319.51196416,105.15098207999995,False,ALLOW_15M_FAST,2,,,,True,48.779999999999745,3.9400000000000546,48.779999999999745,3.9400000000000546,57.98999999999978,65.21000000000004,57.98999999999978,93.66000000000008,,,,0.02005887114202406,0.014041209799416842,False,False,False,False,192
60d,ETH/USDT:USDT,2026-04-01T21:30:00+00:00,15m_fast,supertrend_trend,trending,LONG,47.71,2154.51,41.74997994720669,2029.26006016,2405.00987968,125.24993984000025,False,ALLOW_15M_FAST,1,False,False,True,False,9.959999999999582,50.690000000000055,9.959999999999582,117.2800000000002,9.959999999999582,138.96000000000026,9.959999999999582,138.96000000000026,825.0,,,0.017201684909008863,0.012041179436306204,False,False,False,False,192
60d,ETH/USDT:USDT,2026-04-02T01:00:00+00:00,15m_fast,supertrend_trend,trending,LONG,48.0,2154.58,41.28712423669192,2030.71862729,2402.30274542,123.86137270999984,False,ALLOW_15M_FAST,1,False,False,True,False,0.2600000000002183,114.29999999999995,0.2600000000002183,117.34999999999991,0.2600000000002183,139.02999999999997,0.2600000000002183,139.02999999999997,540.0,,,0.01739509221365227,0.012176564549556589,False,False,False,False,192
60d,ETH/USDT:USDT,2026-04-02T04:00:00+00:00,4h_flip,supertrend_trend,trending,SHORT,68.11,2054.73,46.51090107692822,2194.26270323,1775.66459354,139.53270323000015,False,(allowed),8,,,,True,17.5,2.6900000000000546,32.73000000000002,2.6900000000000546,39.180000000000064,21.269999999999982,39.180000000000064,29.289999999999964,,,,0.014725795117815965,0.010308056582471173,False,False,False,False,192
60d,ETH/USDT:USDT,2026-04-03T00:00:00+00:00,adaptive_trend_route,adaptive_trend,ranging,SHORT,75.12,2055.96,42.287916165057524,2161.679790412644,1844.5204191747125,105.71979041264376,False,ALLOW_ADAPTIVE_TREND_ROUTE,16,,,,True,17.610000000000127,5.920000000000073,17.610000000000127,18.639999999999873,17.610000000000127,28.059999999999945,17.610000000000127,28.059999999999945,,,,0.019447257622959815,0.01361308033607187,False,False,False,False,192
60d,ETH/USDT:USDT,2026-04-04T04:00:00+00:00,adaptive_trend_route,adaptive_trend,ranging,SHORT,66.79,2049.21,33.276509644795475,2132.4012741119886,1882.8274517760226,83.1912741119886,False,ALLOW_ADAPTIVE_TREND_ROUTE,32,,,,True,1.7000000000000455,8.289999999999964,2.759999999999991,8.289999999999964,6.210000000000036,34.15000000000009,28.600000000000136,98.51999999999998,,,,0.024632511304508203,0.017242757913155743,False,False,False,False,192
60d,ETH/USDT:USDT,2026-04-05T04:00:00+00:00,adaptive_trend_route,adaptive_trend,ranging,SHORT,67.16,2055.69,26.932847077440833,2123.022117693602,1921.025764612796,67.33211769360196,False,ALLOW_ADAPTIVE_TREND_ROUTE,40,False,False,True,False,29.37000000000012,1.5,29.37000000000012,1.5,35.080000000000155,92.03999999999996,35.080000000000155,118.7199999999998,1170.0,,,0.030530600706107545,0.02137142049427528,False,False,False,False,192
60d,ETH/USDT:USDT,2026-04-06T00:00:00+00:00,adaptive_trend_route,adaptive_trend,ranging,LONG,65.04,2109.35,30.99052422339698,2031.8736894415074,2264.302621116985,77.47631055849251,False,ALLOW_ADAPTIVE_TREND_ROUTE,24,,,,True,38.38000000000011,0.0,38.38000000000011,0.0,65.05999999999995,23.059999999999945,163.6500000000001,51.33999999999969,,,,0.027225741453027735,0.019058019017119412,False,False,False,False,192
60d,ETH/USDT:USDT,2026-04-07T12:00:00+00:00,4h_flip,supertrend_trend,trending,SHORT,67.39,2088.47,35.15400655950884,2193.93201968,1877.54596064,105.46201968000014,False,(allowed),8,False,False,True,False,30.45999999999958,4.140000000000327,30.45999999999958,28.5300000000002,30.45999999999958,184.5300000000002,30.45999999999958,184.5300000000002,645.0,,,0.019803053329880978,0.013862137330916683,False,False,False,False,192
60d,ETH/USDT:USDT,2026-04-08T00:00:00+00:00,4h_flip,supertrend_trend,trending,LONG,72.57,2239.14,44.65300743849889,2105.18097768,2507.05804463,133.9590223199998,False,(allowed),8,,,,True,11.570000000000164,12.859999999999673,20.579999999999927,12.859999999999673,30.51000000000022,61.36999999999989,30.51000000000022,83.13999999999987,,,,0.016715111540984283,0.011700578078688998,False,False,False,False,192
60d,ETH/USDT:USDT,2026-04-08T13:30:00+00:00,15m_fast,supertrend_trend,trending,LONG,45.85,2259.64,40.893049323025515,2136.96085203,2504.99829594,122.67914797000003,False,ALLOW_15M_FAST,1,,,,True,5.269999999999982,73.60999999999967,5.269999999999982,73.60999999999967,5.269999999999982,99.63999999999987,5.269999999999982,103.63999999999987,,,,0.018419104121529868,0.012893372885070906,False,False,False,False,192
60d,ETH/USDT:USDT,2026-04-09T16:00:00+00:00,1h_continuation,supertrend_trend,trending,LONG,65.19,2217.0,41.721051764750214,2091.83684471,2467.32631059,125.16315528999985,False,(allowed),8,,,,True,13.0,25.0,29.15000000000009,35.30000000000018,40.55000000000018,43.190000000000055,40.55000000000018,43.190000000000055,,,,0.017712880398894286,0.012399016279226,False,False,False,False,192
60d,ETH/USDT:USDT,2026-04-10T05:30:00+00:00,15m_fast,supertrend_trend,trending,LONG,59.37,2200.66,42.117904783949086,2074.30628565,2453.3674287,126.35371434999979,False,ALLOW_15M_FAST,2,,,,True,0.6600000000003092,25.409999999999854,27.190000000000055,25.409999999999854,56.89000000000033,25.409999999999854,129.32999999999993,25.409999999999854,,,,0.017416662512224783,0.012191663758557347,False,False,False,False,192
60d,ETH/USDT:USDT,2026-04-10T09:30:00+00:00,15m_fast,supertrend_trend,trending,LONG,59.45,2193.0,41.06805444223845,2069.79583667,2439.40832665,123.20416333000003,False,ALLOW_15M_FAST,2,,,,True,34.84999999999991,3.699999999999818,64.55000000000018,3.699999999999818,64.55000000000018,3.699999999999818,136.98999999999978,3.699999999999818,,,,0.017799723164598675,0.01245980621521907,False,False,False,False,192
60d,ETH/USDT:USDT,2026-04-11T02:30:00+00:00,15m_fast,supertrend_trend,trending,LONG,62.14,2247.99,40.22552121316046,2127.31343636,2489.34312728,120.67656363999959,False,ALLOW_15M_FAST,2,,,,True,3.3400000000001455,20.95999999999958,3.3400000000001455,20.95999999999958,82.0,42.4699999999998,82.0,74.98999999999978,,,,0.018628223510790114,0.01303975645755308,False,False,False,False,192
60d,ETH/USDT:USDT,2026-04-11T09:30:00+00:00,15m_fast,supertrend_trend,trending,LONG,63.19,2244.58,36.92455655624547,2133.80633033,2466.12733934,110.77366966999989,False,ALLOW_15M_FAST,2,,,,True,1.4200000000000728,12.38000000000011,32.42000000000007,12.38000000000011,85.40999999999985,39.059999999999945,85.40999999999985,71.57999999999993,,,,0.020262757446663202,0.014183930212664241,False,False,False,False,192
60d,ETH/USDT:USDT,2026-04-11T10:00:00+00:00,aligned_trend,supertrend_trend,trending,LONG,48.19,2242.5,36.92455655624547,2131.72633033,2464.04733934,110.77366966999989,False,ALLOW_ALIGNED_TREND,2,,,,True,3.5,10.300000000000182,34.5,10.300000000000182,87.48999999999978,36.98000000000002,87.48999999999978,69.5,,,,0.020243980421344857,0.014170786294941397,False,False,False,False,192
60d,ETH/USDT:USDT,2026-04-11T15:30:00+00:00,15m_fast,supertrend_trend,trending,LONG,63.65,2247.04,35.54351680222795,2140.40944959,2460.30110081,106.63055041000007,False,ALLOW_15M_FAST,2,,,,True,80.96000000000004,2.769999999999982,82.94999999999982,2.769999999999982,82.94999999999982,70.03999999999996,82.94999999999982,74.03999999999996,,,,0.02107313515085511,0.014751194605598575,False,False,False,False,192
60d,ETH/USDT:USDT,2026-04-11T16:00:00+00:00,aligned_trend,supertrend_trend,trending,LONG,49.21,2248.39,34.6939798877831,2144.30806034,2456.55387933,104.08193965999999,False,ALLOW_ALIGNED_TREND,8,,,,True,81.59999999999991,3.1700000000000728,81.59999999999991,3.1700000000000728,81.59999999999991,75.38999999999987,81.59999999999991,75.38999999999987,,,,0.02160211471216543,0.015121480298515797,False,False,False,False,192
60d,ETH/USDT:USDT,2026-04-12T04:00:00+00:00,4h_flip,supertrend_trend,trending,SHORT,79.83,2212.71,41.63679439266017,2337.62038318,1962.88923364,124.91038317999983,False,(allowed),8,,,,True,5.710000000000036,7.170000000000073,20.289999999999964,7.170000000000073,39.710000000000036,7.170000000000073,39.710000000000036,183.13999999999987,,,,0.017714380051267752,0.012400066035887426,False,False,False,False,192
60d,ETH/USDT:USDT,2026-04-12T22:30:00+00:00,15m_fast,supertrend_trend,trending,SHORT,46.82,2187.13,37.283256056038304,2298.97976817,1963.43046366,111.84976817000006,False,ALLOW_15M_FAST,1,False,False,True,False,4.480000000000018,20.769999999999982,6.110000000000127,20.769999999999982,12.650000000000091,149.8699999999999,12.650000000000091,229.26999999999998,1410.0,,,0.01955417553191339,0.01368792287233937,False,False,False,False,192
60d,ETH/USDT:USDT,2026-04-13T07:30:00+00:00,15m_fast,supertrend_trend,trending,SHORT,60.04,2183.45,36.027756497298334,2291.53326949,1967.28346102,108.08326949000002,False,ALLOW_15M_FAST,2,False,False,True,False,5.269999999999982,11.170000000000073,8.9699999999998,51.960000000000036,8.9699999999998,212.4000000000001,8.9699999999998,232.95000000000027,870.0,,,0.02020155395282537,0.014141087766977761,False,False,False,False,192
60d,ETH/USDT:USDT,2026-04-13T20:00:00+00:00,4h_flip,supertrend_trend,trending,LONG,84.92,2261.2,38.018034238841516,2147.14589728,2489.30820543,114.05410271999972,False,(allowed),8,True,,,False,134.6500000000001,14.809999999999945,134.6500000000001,14.809999999999945,155.20000000000027,14.809999999999945,155.20000000000027,14.809999999999945,,195.0,,0.01982567874433413,0.01387797512103389,False,False,False,False,192
60d,ETH/USDT:USDT,2026-04-14T14:00:00+00:00,15m_fast,supertrend_trend,trending,LONG,49.38,2390.33,42.67746345000921,2262.29760965,2646.3947807,128.0323903499998,False,ALLOW_15M_FAST,1,,,,True,26.070000000000164,67.7199999999998,26.070000000000164,88.73000000000002,26.070000000000164,88.73000000000002,26.070000000000164,102.32999999999993,,,,0.018669728757430826,0.013068810130201577,False,False,False,False,192
60d,ETH/USDT:USDT,2026-04-15T19:00:00+00:00,1h_continuation,supertrend_trend,trending,LONG,72.3,2357.12,41.570599622319584,2232.40820113,2606.54359773,124.71179886999971,False,(allowed),6,,,,True,27.550000000000182,9.940000000000055,27.550000000000182,13.849999999999909,27.550000000000182,74.42000000000007,106.74000000000024,74.42000000000007,,,,0.018900537249543447,0.013230376074680413,False,False,False,False,192
60d,ETH/USDT:USDT,2026-04-16T12:30:00+00:00,15m_fast,supertrend_trend,trending,LONG,58.35,2339.64,38.504607298242355,2224.12617811,2570.66764379,115.51382188999969,False,ALLOW_15M_FAST,1,,,,True,12.360000000000127,56.940000000000055,24.0300000000002,56.940000000000055,37.320000000000164,56.940000000000055,124.22000000000025,56.940000000000055,,,,0.020254199555685793,0.014177939688980058,False,False,False,False,192
60d,ETH/USDT:USDT,2026-04-16T20:00:00+00:00,1h_continuation,supertrend_trend,trending,LONG,69.8,2358.39,41.586829762259995,2233.62951071,2607.91097857,124.7604892899999,False,(allowed),8,,,,True,5.2800000000002,24.940000000000055,5.2800000000002,36.039999999999964,105.47000000000025,44.309999999999945,105.47000000000025,44.309999999999945,,,,0.018903340419882717,0.013232338293917902,False,False,False,False,192
60d,ETH/USDT:USDT,2026-04-16T20:00:00+00:00,aligned_trend,supertrend_trend,trending,LONG,47.35,2358.39,41.586829762259995,2233.62951071,2607.91097857,124.7604892899999,False,ALLOW_ALIGNED_TREND,2,,,,True,5.2800000000002,24.940000000000055,5.2800000000002,36.039999999999964,105.47000000000025,44.309999999999945,105.47000000000025,44.309999999999945,,,,0.018903340419882717,0.013232338293917902,False,False,False,False,192
60d,ETH/USDT:USDT,2026-04-17T07:30:00+00:00,15m_fast,supertrend_trend,trending,LONG,54.19,2336.22,39.82670525419359,2216.73988424,2575.18023153,119.48011575999999,False,ALLOW_15M_FAST,1,True,,,False,40.74000000000024,7.379999999999654,120.10000000000036,7.379999999999654,127.64000000000033,7.379999999999654,127.64000000000033,44.929999999999836,,420.0,,0.01955321172179621,0.013687248205257345,False,False,False,False,192
60d,ETH/USDT:USDT,2026-04-17T13:00:00+00:00,15m_fast,supertrend_trend,trending,LONG,58.56,2370.72,39.33578157121797,2252.71265529,2606.73468943,118.00734470999987,False,ALLOW_15M_FAST,2,,,,True,93.14000000000033,5.379999999999654,93.14000000000033,5.379999999999654,93.14000000000033,29.199999999999818,93.14000000000033,79.42999999999984,,,,0.020089597014711125,0.014062717910297786,False,False,False,False,192
60d,ETH/USDT:USDT,2026-04-19T04:00:00+00:00,4h_flip,supertrend_trend,ranging,SHORT,66.4,2338.6,37.67585531824399,2432.7896383,2150.22072341,94.1896383000003,False,(allowed),8,,,,True,47.309999999999945,6.2800000000002,47.309999999999945,6.2800000000002,87.69000000000005,10.320000000000164,87.69000000000005,10.320000000000164,,,,0.024828633406058984,0.017380043384241286,False,False,False,False,192
60d,ETH/USDT:USDT,2026-04-19T16:00:00+00:00,15m_fast,supertrend_trend,trending,SHORT,50.01,2329.47,37.71237759992058,2442.6071328,2103.1957344,113.13713280000002,False,ALLOW_15M_FAST,1,,,,True,43.16999999999962,0.580000000000382,78.55999999999995,0.580000000000382,78.55999999999995,2.4100000000003092,78.55999999999995,17.370000000000346,,,,0.020589791718674342,0.014412854203072041,False,False,False,False,192
60d,ETH/USDT:USDT,2026-04-20T05:30:00+00:00,15m_fast,supertrend_trend,trending,SHORT,56.72,2265.01,38.55359460168567,2380.67078381,2033.68843239,115.66078380999988,False,ALLOW_15M_FAST,2,,,,True,2.950000000000273,66.86999999999989,2.950000000000273,66.86999999999989,2.950000000000273,81.82999999999993,2.950000000000273,131.40999999999985,,,,0.019583215030954775,0.013708250521668342,False,False,False,False,192
60d,ETH/USDT:USDT,2026-04-22T12:00:00+00:00,adaptive_trend_route,adaptive_trend,ranging,LONG,85.0,2397.59,40.12630286333019,2297.2742428416745,2598.221514316651,100.3157571583256,False,ALLOW_ADAPTIVE_TREND_ROUTE,16,,,,True,25.409999999999854,8.829999999999927,25.409999999999854,14.300000000000182,25.409999999999854,93.69000000000005,25.409999999999854,114.2800000000002,,,,0.023900432672964326,0.01673030287107503,False,False,False,False,192
60d,ETH/USDT:USDT,2026-04-23T00:00:00+00:00,adaptive_trend_route,adaptive_trend,ranging,LONG,71.39,2373.04,38.52336275172609,2276.731593120685,2565.6568137586305,96.30840687931504,False,ALLOW_ADAPTIVE_TREND_ROUTE,8,,,,True,8.809999999999945,43.039999999999964,8.809999999999945,43.039999999999964,8.809999999999945,89.73000000000002,8.809999999999945,89.73000000000002,,,,0.024640008872472353,0.017248006210730644,False,False,False,False,192
60d,ETH/USDT:USDT,2026-04-23T20:00:00+00:00,adaptive_trend_route,adaptive_trend,ranging,SHORT,69.46,2311.78,38.66877174721958,2408.451929368049,2118.4361412639023,96.67192936804895,False,ALLOW_ADAPTIVE_TREND_ROUTE,8,,,,True,0.36000000000012733,25.980000000000018,13.240000000000236,25.980000000000018,13.340000000000146,25.980000000000018,13.340000000000146,25.980000000000018,,,,0.02391366361582173,0.01673956453107521,False,False,False,False,192
60d,ETH/USDT:USDT,2026-04-24T22:30:00+00:00,15m_fast,supertrend_trend,ranging,SHORT,55.06,2311.85,34.13202306601966,2397.18005767,2141.18988467,85.33005767000031,False,ALLOW_15M_FAST,1,,,,True,6.650000000000091,8.150000000000091,6.650000000000091,8.150000000000091,12.86999999999989,10.36999999999989,12.86999999999989,68.13999999999987,,,,0.027093032199048683,0.01896512253933408,False,False,False,False,192
60d,ETH/USDT:USDT,2026-04-26T16:00:00+00:00,adaptive_trend_route,adaptive_trend,ranging,LONG,74.67,2347.0,24.466519936258546,2285.8337001593536,2469.332599681293,61.16629984064639,False,ALLOW_ADAPTIVE_TREND_ROUTE,24,,,,True,29.51000000000022,7.889999999999873,32.98999999999978,7.889999999999873,56.98999999999978,36.909999999999854,56.98999999999978,36.909999999999854,,,,0.03837080232275822,0.026859561625930752,False,False,True,True,64
60d,LINK/USDT:USDT,2026-02-27T12:00:00+00:00,4h_flip,supertrend_trend,trending,SHORT,71.42,8.841,0.23359898203057863,9.54179695,7.43940611,0.7007969500000009,False,(allowed),8,,,,True,0.11499999999999844,0.02400000000000091,0.2029999999999994,0.02400000000000091,0.6379999999999999,0.02400000000000091,0.6379999999999999,0.3650000000000002,,,,0.012615637097164862,0.008830945968015402,False,False,False,False,192
60d,LINK/USDT:USDT,2026-02-28T04:00:00+00:00,15m_fast,supertrend_trend,trending,SHORT,52.19,8.674,0.21066569985879205,9.3059971,7.4100058,0.6319971000000013,False,ALLOW_15M_FAST,1,,,,True,0.4629999999999992,0.018000000000000682,0.4710000000000001,0.018000000000000682,0.4710000000000001,0.532,0.4710000000000001,0.532,,,,0.013724746521779897,0.009607322565245928,False,False,False,False,192
60d,LINK/USDT:USDT,2026-03-01T00:00:00+00:00,4h_flip,supertrend_trend,trending,LONG,68.57,8.84,0.23793503580664013,8.12619489,10.26761021,0.7138051099999991,False,(allowed),8,,,,True,0.36599999999999966,0.10099999999999909,0.36599999999999966,0.10099999999999909,0.36599999999999966,0.30799999999999983,0.4280000000000008,0.30799999999999983,,,,0.012384332748752683,0.008669032924126878,False,False,False,False,192
60d,LINK/USDT:USDT,2026-03-01T14:00:00+00:00,15m_fast,supertrend_trend,trending,LONG,56.46,8.96,0.2418222571673426,8.23453323,10.41093354,0.7254667700000006,False,ALLOW_15M_FAST,2,,,,True,0.09299999999999997,0.24900000000000055,0.09299999999999997,0.4280000000000008,0.09299999999999997,0.4280000000000008,0.30799999999999983,0.4280000000000008,,,,0.012350669073374641,0.008645468351362248,False,False,False,False,192
60d,LINK/USDT:USDT,2026-03-02T12:00:00+00:00,adaptive_trend_route,adaptive_trend,ranging,SHORT,71.64,8.689,0.24240675392157557,9.295016884803939,7.476966230392122,0.6060168848039389,False,ALLOW_ADAPTIVE_TREND_ROUTE,8,,,,True,0.10800000000000054,0.48799999999999955,0.10800000000000054,0.5790000000000006,0.10800000000000054,0.5790000000000006,0.13700000000000045,0.6069999999999993,,,,0.014337884336029848,0.010036519035220893,False,False,False,False,192
60d,LINK/USDT:USDT,2026-03-03T20:00:00+00:00,adaptive_trend_route,adaptive_trend,ranging,SHORT,74.39,8.802,0.2463375009807071,9.417843752451768,7.570312495096464,0.6158437524517684,False,ALLOW_ADAPTIVE_TREND_ROUTE,24,False,False,True,False,0.1280000000000001,0.08099999999999952,0.1280000000000001,0.09200000000000053,0.1280000000000001,0.8260000000000005,0.1280000000000001,0.8260000000000005,1155.0,,,0.014292586333721644,0.010004810433605151,False,False,False,False,192
60d,LINK/USDT:USDT,2026-03-05T05:00:00+00:00,15m_fast,supertrend_trend,trending,LONG,55.71,9.336,0.2623708465929501,8.54888746,10.91022508,0.7871125400000007,False,ALLOW_15M_FAST,1,,,,True,0.016000000000000014,0.1620000000000008,0.14599999999999902,0.1620000000000008,0.14599999999999902,0.2729999999999997,0.14599999999999902,0.673,,,,0.011861073894210847,0.008302751725947594,False,False,False,False,192
60d,LINK/USDT:USDT,2026-03-05T13:00:00+00:00,1h_continuation,supertrend_trend,trending,LONG,62.17,9.474,0.2572381279296355,8.70228562,11.01742877,0.7717143800000006,False,(allowed),6,,,,True,0.006999999999999673,0.3990000000000009,0.006999999999999673,0.4109999999999996,0.006999999999999673,0.4689999999999994,0.006999999999999673,0.8109999999999999,,,,0.01227656273555508,0.008593593914888557,False,False,False,False,192
60d,LINK/USDT:USDT,2026-03-06T16:00:00+00:00,4h_flip,supertrend_trend,trending,SHORT,66.68,8.784,0.24497679211423326,9.51893038,7.31413925,0.7349303799999998,False,(allowed),8,,,,True,0.12100000000000044,0.04399999999999871,0.12100000000000044,0.04399999999999871,0.12100000000000044,0.06799999999999962,0.26200000000000045,0.06799999999999962,,,,0.011952152529059967,0.008366506770341977,False,False,False,False,192
60d,LINK/USDT:USDT,2026-03-07T04:30:00+00:00,15m_fast,supertrend_trend,trending,SHORT,50.15,8.784,0.2193349170098287,9.44200475,7.4679905,0.6580047499999999,False,ALLOW_15M_FAST,1,,,,True,0.05799999999999983,0.03599999999999959,0.05799999999999983,0.03599999999999959,0.21000000000000085,0.03599999999999959,0.39800000000000146,0.03599999999999959,,,,0.013349447705354713,0.0093446133937483,False,False,False,False,192
60d,LINK/USDT:USDT,2026-03-07T14:30:00+00:00,15m_fast,supertrend_trend,ranging,SHORT,49.88,8.742,0.2004571478299033,9.24314287,7.73971426,0.5011428699999989,False,ALLOW_15M_FAST,1,,,,True,0.062000000000001165,0.06299999999999883,0.1070000000000011,0.06299999999999883,0.22000000000000064,0.06299999999999883,0.35600000000000165,0.21799999999999997,,,,0.017444127260555498,0.012210889082388848,False,False,False,False,192
60d,LINK/USDT:USDT,2026-03-07T18:30:00+00:00,15m_fast,supertrend_trend,ranging,SHORT,49.82,8.722,0.1927816372706245,9.20395409,7.75809181,0.48195409000000033,False,ALLOW_15M_FAST,1,,,,True,0.08699999999999974,0.015000000000000568,0.08699999999999974,0.015000000000000568,0.2259999999999991,0.051000000000000156,0.3360000000000003,0.266,,,,0.018097159420309084,0.01266801159421636,False,False,False,False,192
60d,LINK/USDT:USDT,2026-03-08T15:00:00+00:00,1h_continuation,supertrend_trend,trending,SHORT,62.4,8.581,0.17769068031014232,9.11407204,7.51485592,0.5330720400000004,False,(allowed),6,,,,True,0.08499999999999908,0.0129999999999999,0.19500000000000028,0.11700000000000088,0.19500000000000028,0.38700000000000045,0.19500000000000028,0.5790000000000006,,,,0.01609726145081628,0.011268083015571393,False,False,False,False,192
60d,LINK/USDT:USDT,2026-03-08T22:30:00+00:00,15m_fast,supertrend_trend,trending,SHORT,51.41,8.505,0.17421798455313292,9.02765395,7.45969209,0.5226539499999987,False,ALLOW_15M_FAST,1,False,False,True,False,0.036000000000001364,0.14699999999999847,0.036000000000001364,0.3689999999999998,0.036000000000001364,0.5939999999999994,0.036000000000001364,0.6749999999999989,1245.0,,,0.01627271734959627,0.011390902144717389,False,False,False,False,192
60d,LINK/USDT:USDT,2026-03-09T16:00:00+00:00,4h_flip,supertrend_trend,trending,LONG,66.04,8.923,0.19184883928327198,8.34745348,10.07409304,0.5755465199999996,False,(allowed),8,,,,True,0.17600000000000016,0.0600000000000005,0.17600000000000016,0.08300000000000018,0.2569999999999997,0.08300000000000018,0.2569999999999997,0.08300000000000018,,,,0.015503525240670392,0.010852467668469274,False,False,False,False,192
60d,LINK/USDT:USDT,2026-03-10T00:30:00+00:00,15m_fast,supertrend_trend,ranging,LONG,55.13,8.944,0.1950737440758825,8.45631564,9.91936872,0.48768436000000115,False,ALLOW_15M_FAST,1,,,,True,0.1349999999999998,0.07600000000000051,0.2159999999999993,0.07600000000000051,0.23599999999999888,0.09100000000000108,0.23599999999999888,0.09100000000000108,,,,0.01833973105063279,0.012837811735442952,False,False,False,False,192
60d,LINK/USDT:USDT,2026-03-10T04:00:00+00:00,adaptive_trend_route,adaptive_trend,ranging,LONG,73.7,8.933,0.19778276235617662,8.438543094109558,9.921913811780882,0.49445690589044133,False,ALLOW_ADAPTIVE_TREND_ROUTE,16,,,,True,0.14400000000000013,0.0009999999999994458,0.2270000000000003,0.0009999999999994458,0.2469999999999999,0.08000000000000007,0.2469999999999999,0.10699999999999932,,,,0.018066286249785575,0.012646400374849901,False,False,False,False,192
60d,LINK/USDT:USDT,2026-03-10T15:00:00+00:00,15m_fast,supertrend_trend,trending,LONG,55.04,9.144,0.18744023897037673,8.58167928,10.26864143,0.5623207200000007,False,ALLOW_15M_FAST,1,,,,True,0.03599999999999959,0.20500000000000007,0.03599999999999959,0.2400000000000002,0.03599999999999959,0.28200000000000003,0.03599999999999959,0.3179999999999996,,,,0.01626118276417058,0.011382827934919404,False,False,False,False,192
60d,LINK/USDT:USDT,2026-03-10T20:00:00+00:00,adaptive_trend_route,adaptive_trend,ranging,LONG,67.21,8.967,0.2020224509489473,8.461943872627632,9.977112254744737,0.5050561273723684,False,ALLOW_ADAPTIVE_TREND_ROUTE,24,,,,True,0.04099999999999859,0.06300000000000061,0.04099999999999859,0.06300000000000061,0.20099999999999874,0.10500000000000043,0.20099999999999874,0.14100000000000001,,,,0.017754462353822314,0.012428123647675617,False,False,False,False,192
60d,LINK/USDT:USDT,2026-03-11T16:00:00+00:00,adaptive_trend_route,adaptive_trend,ranging,LONG,72.58,8.992,0.18749803259093573,8.523254918522662,9.929490162954679,0.46874508147733884,False,ALLOW_ADAPTIVE_TREND_ROUTE,56,,,,True,0.15699999999999825,0.027000000000001023,0.15699999999999825,0.027000000000001023,0.15699999999999825,0.16600000000000037,0.6019999999999985,0.16600000000000037,,,,0.019183134619055655,0.013428194233338955,False,False,False,False,192
60d,LINK/USDT:USDT,2026-03-13T00:00:00+00:00,adaptive_trend_route,adaptive_trend,ranging,LONG,63.38,9.052,0.17369507196391984,8.6177623200902,9.9204753598196,0.4342376799097991,False,ALLOW_ADAPTIVE_TREND_ROUTE,32,True,,,False,0.3490000000000002,0.02099999999999902,0.3490000000000002,0.02099999999999902,0.5419999999999998,0.038000000000000256,0.5419999999999998,0.1399999999999988,,795.0,,0.02084572670404904,0.01459200869283433,False,False,False,False,192
60d,LINK/USDT:USDT,2026-03-14T08:00:00+00:00,4h_flip,supertrend_trend,trending,SHORT,68.41,8.974,0.19028441425932033,9.54485324,7.83229351,0.5708532399999999,False,(allowed),8,,,,True,0.06199999999999939,0.02999999999999936,0.06199999999999939,0.036999999999999034,0.06199999999999939,0.2889999999999997,0.06199999999999939,0.8599999999999994,,,,0.015720327697535712,0.011004229388274998,False,False,False,False,192
60d,LINK/USDT:USDT,2026-03-15T16:00:00+00:00,1h_continuation,supertrend_trend,trending,SHORT,50.87,9.152,0.15396067994070944,9.61388204,8.22823592,0.46188204000000077,False,(allowed),4,False,False,True,False,0.03799999999999848,0.08300000000000018,0.03799999999999848,0.40500000000000114,0.03799999999999848,0.6820000000000004,0.03799999999999848,0.9250000000000007,690.0,,,0.019814582961485108,0.013870208073039576,False,False,False,False,192
60d,LINK/USDT:USDT,2026-03-16T00:00:00+00:00,4h_flip,supertrend_trend,trending,LONG,77.24,9.489,0.16834874954071372,8.98395375,10.4990925,0.5050462500000013,False,(allowed),8,True,,,False,0.31899999999999906,0.0840000000000014,0.34499999999999886,0.0840000000000014,0.5879999999999992,0.0840000000000014,0.5879999999999992,0.0840000000000014,,1290.0,,0.018788378292087068,0.013151864804460945,False,False,False,False,192
60d,LINK/USDT:USDT,2026-03-16T11:00:00+00:00,15m_fast,supertrend_trend,trending,LONG,53.28,9.719,0.18374458506316646,9.16776624,10.82146751,0.5512337599999988,False,ALLOW_15M_FAST,1,,,,True,0.09600000000000009,0.13100000000000023,0.20199999999999996,0.13100000000000023,0.35800000000000054,0.13100000000000023,0.35800000000000054,0.13100000000000023,,,,0.01763135842768415,0.012341950899378902,False,False,False,False,192
60d,LINK/USDT:USDT,2026-03-16T17:00:00+00:00,15m_fast,supertrend_trend,trending,LONG,49.19,9.787,0.18625425956977107,9.22823722,10.90452556,0.5587627800000003,False,ALLOW_15M_FAST,1,,,,True,0.1789999999999985,0.02000000000000135,0.28999999999999915,0.02000000000000135,0.28999999999999915,0.11000000000000121,0.28999999999999915,0.7000000000000011,,,,0.0175154830463117,0.01226083813241819,False,False,False,False,192
60d,LINK/USDT:USDT,2026-03-18T12:00:00+00:00,4h_flip,supertrend_trend,trending,SHORT,80.26,9.551,0.1912172333284365,10.1246517,8.4036966,0.5736516999999992,False,(allowed),8,,,,True,0.43299999999999983,0.0,0.4640000000000004,0.0,0.5210000000000008,0.0,0.6639999999999997,0.0,,,,0.01664947563129337,0.011654632941905357,False,False,False,False,192
60d,LINK/USDT:USDT,2026-03-18T20:30:00+00:00,15m_fast,supertrend_trend,trending,SHORT,58.85,9.15,0.20916690016584574,9.7775007,7.8949986,0.6275006999999988,False,ALLOW_15M_FAST,1,,,,True,0.0030000000000001137,0.10699999999999932,0.0030000000000001137,0.1850000000000005,0.2629999999999999,0.1850000000000005,0.2629999999999999,0.1850000000000005,,,,0.014581657040382612,0.01020715992826783,False,False,False,False,192
60d,LINK/USDT:USDT,2026-03-19T04:30:00+00:00,15m_fast,supertrend_trend,trending,SHORT,64.24,9.19,0.20507248024504046,9.80521744,7.95956512,0.6152174400000003,False,ALLOW_15M_FAST,2,,,,True,0.16000000000000014,0.018000000000000682,0.16499999999999915,0.018000000000000682,0.30299999999999905,0.018000000000000682,0.30299999999999905,0.019000000000000128,,,,0.01493780800492261,0.010456465603445826,False,False,False,False,192
60d,LINK/USDT:USDT,2026-03-19T12:30:00+00:00,15m_fast,supertrend_trend,trending,SHORT,57.29,9.029,0.19945535286434612,9.62736606,7.83226788,0.59836606,False,ALLOW_15M_FAST,1,,,,True,0.14199999999999946,0.013999999999999346,0.14199999999999946,0.06099999999999994,0.14199999999999946,0.17999999999999972,0.14199999999999946,0.17999999999999972,,,,0.015089425359453042,0.010562597751617128,False,False,False,False,192
60d,LINK/USDT:USDT,2026-03-20T07:30:00+00:00,15m_fast,supertrend_trend,trending,SHORT,57.63,9.072,0.18678192245831388,9.63234577,7.95130847,0.5603457700000014,False,ALLOW_15M_FAST,1,,,,True,0.01699999999999946,0.13700000000000045,0.10699999999999932,0.13700000000000045,0.11999999999999922,0.13700000000000045,0.4079999999999995,0.13700000000000045,,,,0.016190003540135545,0.01133300247809488,False,False,False,False,192
60d,LINK/USDT:USDT,2026-03-20T15:00:00+00:00,1h_continuation,supertrend_trend,trending,SHORT,71.1,8.996,0.1804293106910971,9.53728793,7.91342414,0.5412879299999993,False,(allowed),8,,,,True,0.040000000000000924,0.0649999999999995,0.04400000000000048,0.16499999999999915,0.04400000000000048,0.1769999999999996,0.33200000000000074,0.1769999999999996,,,,0.016619620540956847,0.011633734378669793,False,False,False,False,192
60d,LINK/USDT:USDT,2026-03-20T15:00:00+00:00,aligned_trend,supertrend_trend,trending,SHORT,48.32,8.996,0.1804293106910971,9.53728793,7.91342414,0.5412879299999993,False,ALLOW_ALIGNED_TREND,6,,,,True,0.040000000000000924,0.0649999999999995,0.04400000000000048,0.16499999999999915,0.04400000000000048,0.1769999999999996,0.33200000000000074,0.1769999999999996,,,,0.016619620540956847,0.011633734378669793,False,False,False,False,192
60d,LINK/USDT:USDT,2026-03-20T21:00:00+00:00,aligned_trend,supertrend_trend,trending,SHORT,48.04,9.023,0.1737732321775276,9.5443197,7.98036061,0.5213197000000012,False,ALLOW_ALIGNED_TREND,2,,,,True,0.022999999999999687,0.1379999999999999,0.022999999999999687,0.15000000000000036,0.022999999999999687,0.15000000000000036,0.359,0.15000000000000036,,,,0.0173079973766577,0.01211559816366039,False,False,False,False,192
60d,LINK/USDT:USDT,2026-03-21T10:30:00+00:00,15m_fast,supertrend_trend,trending,SHORT,60.92,9.104,0.15866464690015605,9.57999394,8.15201212,0.4759939400000004,False,ALLOW_15M_FAST,2,,,,True,0.0259999999999998,0.036000000000001364,0.05999999999999872,0.036000000000001364,0.4399999999999995,0.036000000000001364,0.5349999999999984,0.036000000000001364,,,,0.019126293918783906,0.013388405743148734,False,False,False,False,192
60d,LINK/USDT:USDT,2026-03-21T15:00:00+00:00,15m_fast,supertrend_trend,trending,SHORT,60.37,9.065,0.152688600693002,9.5230658,8.1488684,0.45806579999999997,False,ALLOW_15M_FAST,2,,,,True,0.02099999999999902,0.040000000000000924,0.026999999999999247,0.040000000000000924,0.4009999999999998,0.040000000000000924,0.49599999999999866,0.18400000000000105,,,,0.019789733265395498,0.013852813285776847,False,False,False,False,192
60d,LINK/USDT:USDT,2026-03-21T15:00:00+00:00,aligned_trend,supertrend_trend,trending,SHORT,45.37,9.065,0.152688600693002,9.5230658,8.1488684,0.45806579999999997,False,ALLOW_ALIGNED_TREND,2,,,,True,0.02099999999999902,0.040000000000000924,0.026999999999999247,0.040000000000000924,0.4009999999999998,0.040000000000000924,0.49599999999999866,0.18400000000000105,,,,0.019789733265395498,0.013852813285776847,False,False,False,False,192
60d,LINK/USDT:USDT,2026-03-21T17:00:00+00:00,aligned_trend,supertrend_trend,trending,SHORT,45.05,9.061,0.14835370064350187,9.5060611,8.1708778,0.4450611000000002,False,ALLOW_ALIGNED_TREND,2,,,,True,0.022999999999999687,0.04100000000000037,0.39700000000000024,0.04299999999999926,0.39700000000000024,0.04299999999999926,0.4919999999999991,0.22499999999999964,,,,0.020359002393154548,0.014251301675208184,False,False,False,False,192
60d,LINK/USDT:USDT,2026-03-21T19:00:00+00:00,aligned_trend,supertrend_trend,trending,SHORT,45.05,9.055,0.14835370064350187,9.5000611,8.1648778,0.4450611000000002,False,ALLOW_ALIGNED_TREND,2,,,,True,0.01699999999999946,0.04899999999999949,0.391,0.04899999999999949,0.391,0.04899999999999949,0.4859999999999989,0.23099999999999987,,,,0.020345521098114386,0.014241864768680067,False,False,False,False,192
60d,LINK/USDT:USDT,2026-03-21T23:30:00+00:00,15m_fast,supertrend_trend,trending,SHORT,53.83,9.057,0.1425427220261089,9.48462817,8.20174367,0.4276281700000002,False,ALLOW_15M_FAST,1,True,,,False,0.3930000000000007,0.0129999999999999,0.3930000000000007,0.0129999999999999,0.48799999999999955,0.0129999999999999,0.48799999999999955,0.2289999999999992,,1290.0,,0.02117961499122005,0.014825730493854035,False,False,False,False,192
60d,LINK/USDT:USDT,2026-03-22T08:00:00+00:00,15m_fast,supertrend_trend,trending,SHORT,52.72,8.837,0.16352928582046689,9.32758786,7.85582429,0.49058785999999976,False,ALLOW_15M_FAST,1,,,,True,0.09600000000000009,0.022999999999999687,0.09600000000000009,0.022999999999999687,0.2679999999999989,0.022999999999999687,0.2679999999999989,0.44899999999999984,,,,0.018013083324157273,0.012609158326910092,False,False,False,False,192
60d,LINK/USDT:USDT,2026-03-22T19:00:00+00:00,15m_fast,supertrend_trend,trending,SHORT,49.45,8.762,0.1548237209370352,9.22647116,7.83305767,0.46447115999999866,False,ALLOW_15M_FAST,1,False,False,True,False,0.19299999999999962,0.0009999999999994458,0.19299999999999962,0.007999999999999119,0.19299999999999962,0.5239999999999991,0.19299999999999962,0.5239999999999991,960.0,,,0.018864465126317047,0.013205125588421934,False,False,False,False,192
60d,LINK/USDT:USDT,2026-03-23T07:00:00+00:00,15m_fast,supertrend_trend,trending,SHORT,52.66,8.631,0.1545250418726917,9.09457513,7.70384975,0.4635751300000006,False,ALLOW_15M_FAST,1,False,False,True,False,0.0600000000000005,0.0600000000000005,0.0600000000000005,0.6180000000000003,0.0600000000000005,0.6549999999999994,0.0600000000000005,0.722999999999999,240.0,,,0.018618341324738427,0.013032838927316898,False,False,False,False,192
60d,LINK/USDT:USDT,2026-03-23T12:00:00+00:00,4h_flip,supertrend_trend,trending,LONG,82.12,8.972,0.19525373508410668,8.38623879,10.14352241,0.5857612099999994,False,(allowed),8,,,,True,0.31400000000000006,0.07000000000000028,0.31400000000000006,0.07000000000000028,0.31400000000000006,0.07000000000000028,0.48900000000000077,0.07000000000000028,,,,0.015316821678922728,0.01072177517524591,False,False,False,False,192
60d,LINK/USDT:USDT,2026-03-24T07:00:00+00:00,15m_fast,supertrend_trend,trending,LONG,46.7,9.132,0.19803503560332075,8.53789489,10.32021021,0.5941051099999992,False,ALLOW_15M_FAST,1,,,,True,0.12599999999999945,0.006999999999999673,0.12599999999999945,0.09600000000000009,0.22199999999999953,0.125,0.36100000000000065,0.125,,,,0.015371017428212343,0.01075971219974864,False,False,False,False,192
60d,LINK/USDT:USDT,2026-03-25T00:00:00+00:00,1h_continuation,supertrend_trend,trending,LONG,62.74,9.246,0.19486290212832397,8.66141129,10.41517741,0.5845887100000002,False,(allowed),6,,,,True,0.06599999999999895,0.07399999999999984,0.1120000000000001,0.07399999999999984,0.2469999999999999,0.07399999999999984,0.2469999999999999,0.4410000000000007,,,,0.015816247973724974,0.011071373581607482,False,False,False,False,192
60d,LINK/USDT:USDT,2026-03-25T05:00:00+00:00,15m_fast,supertrend_trend,trending,LONG,56.35,9.266,0.19094412340487216,8.69316763,10.41166474,0.5728323700000004,False,ALLOW_15M_FAST,2,,,,True,0.15199999999999925,0.012000000000000455,0.1999999999999993,0.012000000000000455,0.2270000000000003,0.051000000000000156,0.2270000000000003,0.4610000000000003,,,,0.016175761855078116,0.01132303329855468,False,False,False,False,192
60d,LINK/USDT:USDT,2026-03-25T17:00:00+00:00,15m_fast,supertrend_trend,trending,LONG,50.45,9.421,0.1874643728573265,8.85860688,10.54578624,0.5623931199999994,False,ALLOW_15M_FAST,1,False,False,True,False,0.019000000000000128,0.14499999999999957,0.019000000000000128,0.14499999999999957,0.019000000000000128,0.5719999999999992,0.019000000000000128,0.9029999999999987,1335.0,,,0.0167516274025543,0.01172613918178801,False,False,False,False,192
60d,LINK/USDT:USDT,2026-03-25T23:00:00+00:00,15m_fast,supertrend_trend,trending,LONG,50.56,9.375,0.18650263193894615,8.8154921,10.49401579,0.5595078999999998,False,ALLOW_15M_FAST,1,False,False,True,False,0.018000000000000682,0.14300000000000068,0.018000000000000682,0.30400000000000027,0.018000000000000682,0.5700000000000003,0.018000000000000682,0.8979999999999997,1155.0,,,0.01675579558394082,0.011729056908758575,False,False,False,False,192
60d,LINK/USDT:USDT,2026-03-26T12:00:00+00:00,4h_flip,supertrend_trend,trending,SHORT,65.29,8.939,0.18280265178072286,9.48740796,7.84218409,0.5484079600000005,False,(allowed),8,,,,True,0.08999999999999986,0.0860000000000003,0.13400000000000034,0.0860000000000003,0.39700000000000024,0.0860000000000003,0.46499999999999986,0.0860000000000003,,,,0.01629990928650998,0.011409936500556985,False,False,False,False,192
60d,LINK/USDT:USDT,2026-03-27T03:30:00+00:00,15m_fast,supertrend_trend,trending,SHORT,50.59,8.919,0.17826291033609612,9.45378873,7.84942254,0.5347887299999989,False,ALLOW_15M_FAST,1,,,,True,0.08000000000000007,0.022999999999999687,0.37700000000000067,0.022999999999999687,0.44200000000000017,0.022999999999999687,0.5549999999999997,0.022999999999999687,,,,0.0166776139803844,0.01167432978626908,False,False,False,False,192
60d,LINK/USDT:USDT,2026-03-27T18:00:00+00:00,15m_fast,supertrend_trend,trending,SHORT,49.3,8.539,0.18106127608572567,9.08218383,7.45263234,0.5431838300000003,False,ALLOW_15M_FAST,1,,,,True,0.06199999999999939,0.025000000000000355,0.06199999999999939,0.034000000000000696,0.0649999999999995,0.15399999999999991,0.17499999999999893,0.15399999999999991,,,,0.015720276503812705,0.011004193552668894,False,False,False,False,192
60d,LINK/USDT:USDT,2026-03-28T09:00:00+00:00,15m_fast,supertrend_trend,trending,SHORT,63.55,8.555,0.16129180826437972,9.03887542,7.58724915,0.4838754200000004,False,ALLOW_15M_FAST,2,,,,True,0.08099999999999952,0.014000000000001123,0.08099999999999952,0.1379999999999999,0.19099999999999895,0.1379999999999999,0.37100000000000044,0.26500000000000057,,,,0.01768017065218976,0.01237611945653283,False,False,False,False,192
60d,LINK/USDT:USDT,2026-03-28T10:00:00+00:00,aligned_trend,supertrend_trend,trending,SHORT,48.55,8.534,0.16129180826437972,9.01787542,7.56624915,0.4838754199999986,False,ALLOW_ALIGNED_TREND,4,,,,True,0.0600000000000005,0.1399999999999988,0.0600000000000005,0.15899999999999892,0.16999999999999993,0.15899999999999892,0.3500000000000014,0.2859999999999996,,,,0.01763677105152402,0.012345739736066811,False,False,False,False,192
60d,LINK/USDT:USDT,2026-03-29T00:00:00+00:00,1h_continuation,supertrend_trend,trending,SHORT,63.34,8.428,0.1621527315659866,8.91445819,7.45508361,0.4864581899999987,False,(allowed),6,,,,True,0.021000000000000796,0.1659999999999986,0.021000000000000796,0.1659999999999986,0.24400000000000155,0.1659999999999986,0.24400000000000155,0.4989999999999988,,,,0.01732522994422198,0.012127660960955383,False,False,False,False,192
60d,LINK/USDT:USDT,2026-03-29T10:00:00+00:00,aligned_trend,supertrend_trend,trending,SHORT,51.35,8.501,0.15586128385026393,8.96858385,7.5658323,0.46758385000000047,False,ALLOW_ALIGNED_TREND,4,,,,True,0.09699999999999953,0.02400000000000091,0.11999999999999922,0.02400000000000091,0.31700000000000017,0.31900000000000084,0.31700000000000017,0.42600000000000016,,,,0.018180696360663422,0.012726487452464396,False,False,False,False,192
60d,LINK/USDT:USDT,2026-03-29T10:30:00+00:00,15m_fast,supertrend_trend,trending,SHORT,66.35,8.466,0.15586128385026393,8.93358385,7.5308323,0.46758385000000047,False,ALLOW_15M_FAST,2,,,,True,0.06199999999999939,0.05900000000000105,0.08499999999999908,0.05900000000000105,0.28200000000000003,0.354000000000001,0.28200000000000003,0.4610000000000003,,,,0.018105843475988297,0.012674090433191808,False,False,False,False,192
60d,LINK/USDT:USDT,2026-03-29T13:30:00+00:00,15m_fast,supertrend_trend,trending,SHORT,60.37,8.447,0.15144262071810216,8.90132786,7.53834428,0.45432786000000114,False,ALLOW_15M_FAST,1,False,False,True,False,0.06599999999999895,0.03300000000000125,0.06599999999999895,0.03900000000000148,0.2629999999999999,0.4800000000000004,0.2629999999999999,0.4800000000000004,1305.0,,,0.01859230028288377,0.013014610198018639,False,False,False,False,192
60d,LINK/USDT:USDT,2026-03-29T22:30:00+00:00,15m_fast,supertrend_trend,trending,SHORT,52.9,8.426,0.14428470868040447,8.85885413,7.56029175,0.43285412999999906,False,ALLOW_15M_FAST,1,False,False,True,False,0.24200000000000088,0.1609999999999996,0.24200000000000088,0.3019999999999996,0.24200000000000088,0.5009999999999994,0.24200000000000088,0.5009999999999994,765.0,,,0.01946614209271844,0.013626299464902906,False,False,False,False,192
60d,LINK/USDT:USDT,2026-03-30T00:00:00+00:00,aligned_trend,supertrend_trend,trending,SHORT,45.0,8.409,0.15555008663180425,8.87565026,7.47569948,0.46665025999999976,False,ALLOW_ALIGNED_TREND,2,False,False,True,False,0.015000000000000568,0.2599999999999998,0.015000000000000568,0.33999999999999986,0.015000000000000568,0.5179999999999989,0.015000000000000568,0.5179999999999989,675.0,,,0.018019919243160834,0.012613943470212581,False,False,False,False,192
60d,LINK/USDT:USDT,2026-03-30T08:00:00+00:00,4h_flip,supertrend_trend,trending,LONG,83.72,8.739,0.16079063592232107,8.25662809,9.70374382,0.48237191000000124,False,(allowed),8,,,,True,0.16699999999999982,0.016000000000000014,0.18799999999999883,0.016000000000000014,0.18799999999999883,0.17400000000000126,0.45399999999999885,0.24100000000000144,,,,0.018116726573070927,0.01268170860114965,False,False,False,False,192
60d,LINK/USDT:USDT,2026-03-31T02:00:00+00:00,1h_continuation,supertrend_trend,trending,LONG,57.96,8.788,0.16787584216413506,8.28437247,9.79525505,0.503627530000001,False,(allowed),6,,,,True,0.032999999999999474,0.09500000000000064,0.032999999999999474,0.2900000000000009,0.09999999999999964,0.2900000000000009,0.40499999999999936,0.2900000000000009,,,,0.017449403530422538,0.012214582471295775,False,False,False,False,192
60d,LINK/USDT:USDT,2026-03-31T14:00:00+00:00,1h_continuation,supertrend_trend,trending,LONG,54.3,8.742,0.17334301211173656,8.22197096,9.78205807,0.5200290400000007,False,(allowed),4,,,,True,0.14599999999999902,0.15700000000000003,0.14599999999999902,0.15700000000000003,0.45099999999999874,0.15700000000000003,0.45099999999999874,0.3260000000000005,,,,0.016810599654203905,0.011767419757942734,False,False,False,False,192
60d,LINK/USDT:USDT,2026-04-01T04:30:00+00:00,15m_fast,supertrend_trend,trending,LONG,57.85,8.822,0.17203000752091077,8.30590998,9.85418005,0.51609002,False,ALLOW_15M_FAST,2,,,,True,0.37100000000000044,0.008999999999998565,0.37100000000000044,0.008999999999998565,0.37100000000000044,0.3099999999999987,0.37100000000000044,0.4059999999999988,,,,0.01709391706508876,0.01196574194556213,False,False,False,False,192
60d,LINK/USDT:USDT,2026-04-01T17:00:00+00:00,15m_fast,supertrend_trend,trending,LONG,52.27,9.047,0.18302147468055444,8.49793558,10.14512885,0.5490644200000006,False,ALLOW_15M_FAST,1,False,False,True,False,0.08899999999999864,0.1070000000000011,0.08899999999999864,0.12600000000000122,0.08899999999999864,0.6310000000000002,0.08899999999999864,0.6310000000000002,720.0,,,0.016477119387921717,0.011533983571545201,False,False,False,False,192
60d,LINK/USDT:USDT,2026-04-02T04:00:00+00:00,4h_flip,supertrend_trend,trending,SHORT,68.38,8.56,0.2007482433940154,9.16224473,7.35551054,0.6022447299999989,False,(allowed),8,,,,True,0.06500000000000128,0.004999999999999005,0.11400000000000077,0.004999999999999005,0.14400000000000013,0.11299999999999955,0.14400000000000013,0.2469999999999999,,,,0.014213490917554424,0.009949443642288096,False,False,False,False,192
60d,LINK/USDT:USDT,2026-04-04T04:00:00+00:00,adaptive_trend_route,adaptive_trend,ranging,SHORT,68.02,8.64,0.14208736793573282,8.995218419839333,7.929563160321337,0.355218419839332,False,ALLOW_ADAPTIVE_TREND_ROUTE,32,,,,True,0.0129999999999999,0.03599999999999959,0.018000000000000682,0.03599999999999959,0.03500000000000014,0.1379999999999999,0.16900000000000048,0.38599999999999923,,,,0.024323062987296487,0.01702614409110754,False,False,False,False,192
60d,LINK/USDT:USDT,2026-04-05T04:00:00+00:00,adaptive_trend_route,adaptive_trend,ranging,SHORT,69.74,8.646,0.11697488893585317,8.938437222339633,8.061125555320736,0.29243722233963254,False,ALLOW_ADAPTIVE_TREND_ROUTE,40,False,False,True,False,0.15100000000000158,0.009999999999999787,0.15100000000000158,0.009999999999999787,0.1750000000000007,0.379999999999999,0.1750000000000007,0.5069999999999997,1230.0,,,0.029565319800359258,0.02069572386025148,False,False,False,False,192
60d,LINK/USDT:USDT,2026-04-06T04:00:00+00:00,adaptive_trend_route,adaptive_trend,ranging,LONG,68.67,8.927,0.13777011487687657,8.582574712807808,9.615850574384382,0.3444252871921911,False,ALLOW_ADAPTIVE_TREND_ROUTE,16,,,,True,0.07099999999999973,0.02800000000000047,0.22600000000000087,0.02800000000000047,0.22600000000000087,0.20899999999999963,0.4900000000000002,0.3609999999999989,,,,0.025918538307028213,0.01814297681491975,False,False,False,False,192
60d,LINK/USDT:USDT,2026-04-07T08:00:00+00:00,4h_flip,supertrend_trend,trending,SHORT,67.33,8.76,0.14475263171636582,9.1942579,7.89148421,0.4342579000000004,False,(allowed),8,False,False,True,False,0.09399999999999942,0.1349999999999998,0.19399999999999906,0.1349999999999998,0.19399999999999906,0.657,0.19399999999999906,0.657,885.0,,,0.020172344590622282,0.014120641213435595,False,False,False,False,192
60d,LINK/USDT:USDT,2026-04-08T00:00:00+00:00,4h_flip,supertrend_trend,trending,LONG,72.65,9.285,0.19152563813127665,8.71042309,10.43415383,0.5745769099999993,False,(allowed),8,,,,True,0.0519999999999996,0.11400000000000077,0.0519999999999996,0.11400000000000077,0.0519999999999996,0.45500000000000007,0.0519999999999996,0.6020000000000003,,,,0.01615971654691103,0.011311801582837722,False,False,False,False,192
60d,LINK/USDT:USDT,2026-04-09T04:00:00+00:00,4h_flip,supertrend_trend,trending,SHORT,69.8,8.755,0.18733113856281908,9.31699342,7.63101317,0.5619934199999985,False,(allowed),8,,,,True,0.0129999999999999,0.041999999999999815,0.02200000000000024,0.045999999999999375,0.07000000000000028,0.42799999999999905,0.07000000000000028,0.42799999999999905,,,,0.015578474210605568,0.010904931947423898,False,False,False,False,192
60d,LINK/USDT:USDT,2026-04-09T14:00:00+00:00,15m_fast,supertrend_trend,trending,SHORT,56.45,8.735,0.1700304204954919,9.24509126,7.71481748,0.5100912600000012,False,ALLOW_15M_FAST,2,,,,True,0.049999999999998934,0.28200000000000003,0.049999999999998934,0.33699999999999974,0.049999999999998934,0.4480000000000004,0.049999999999998934,0.4480000000000004,,,,0.01712438672248566,0.01198707070573996,False,False,False,False,192
60d,LINK/USDT:USDT,2026-04-10T08:00:00+00:00,1h_continuation,supertrend_trend,trending,SHORT,47.25,8.895,0.17433288569686875,9.41799866,7.84900269,0.5229986600000007,False,(allowed),2,,,,True,0.019999999999999574,0.12100000000000044,0.019999999999999574,0.2680000000000007,0.019999999999999574,0.27800000000000047,0.1559999999999988,0.391,,,,0.01700769175966911,0.011905384231768377,False,False,False,False,192
60d,LINK/USDT:USDT,2026-04-10T20:00:00+00:00,4h_flip,supertrend_trend,trending,LONG,84.19,9.153,0.17172899047959936,8.63781303,10.18337394,0.5151869700000002,False,(allowed),8,,,,True,0.019999999999999574,0.09100000000000108,0.019999999999999574,0.12900000000000134,0.13299999999999912,0.20899999999999963,0.13299999999999912,0.4740000000000002,,,,0.017766365480866096,0.012436455836606266,False,False,False,False,192
60d,LINK/USDT:USDT,2026-04-11T17:00:00+00:00,1h_continuation,supertrend_trend,trending,LONG,64.75,9.089,0.14714645508966107,8.64756063,9.97187873,0.4414393700000012,False,(allowed),8,,,,True,0.19699999999999918,0.034000000000000696,0.19699999999999918,0.05799999999999983,0.19699999999999918,0.41000000000000014,0.19699999999999918,0.4109999999999996,,,,0.020589463961947878,0.014412624773363514,False,False,False,False,192
60d,LINK/USDT:USDT,2026-04-12T04:00:00+00:00,4h_flip,supertrend_trend,trending,SHORT,69.87,8.788,0.1740396362361461,9.31011891,7.74376218,0.5221189099999997,False,(allowed),8,,,,True,0.03599999999999959,0.02099999999999902,0.045999999999999375,0.02200000000000024,0.10899999999999999,0.051000000000000156,0.10999999999999943,0.6470000000000002,,,,0.016831414897422518,0.011781990428195761,False,False,False,False,192
60d,LINK/USDT:USDT,2026-04-12T13:00:00+00:00,15m_fast,supertrend_trend,trending,SHORT,56.63,8.754,0.15870254348932994,9.23010763,7.80178474,0.47610762999999956,False,ALLOW_15M_FAST,2,,,,True,0.07499999999999929,0.030000000000001137,0.07499999999999929,0.08000000000000007,0.07599999999999874,0.08500000000000085,0.07599999999999874,0.6810000000000009,,,,0.018386598845307325,0.012870619191715128,False,False,False,False,192
60d,LINK/USDT:USDT,2026-04-14T07:30:00+00:00,15m_fast,supertrend_trend,trending,LONG,50.54,9.219,0.18119801204702174,8.67540596,10.30618807,0.5435940399999986,False,ALLOW_15M_FAST,1,,,,True,0.03300000000000125,0.05599999999999916,0.07399999999999984,0.15899999999999892,0.07399999999999984,0.2969999999999988,0.1509999999999998,0.2969999999999988,,,,0.016959347089235976,0.011871542962465183,False,False,False,False,192
60d,LINK/USDT:USDT,2026-04-14T14:00:00+00:00,15m_fast,supertrend_trend,trending,LONG,52.59,9.235,0.17051257161197284,8.72346229,10.25807543,0.5115377099999989,False,ALLOW_15M_FAST,1,,,,True,0.05799999999999983,0.21199999999999974,0.05799999999999983,0.31299999999999883,0.05799999999999983,0.31299999999999883,0.19700000000000095,0.31299999999999883,,,,0.018053409982227937,0.012637386987559555,False,False,False,False,192
60d,LINK/USDT:USDT,2026-04-15T13:00:00+00:00,1h_continuation,supertrend_trend,trending,LONG,63.47,9.159,0.16419851080728148,8.66640447,10.14419106,0.4925955300000009,False,(allowed),6,,,,True,0.08699999999999974,0.05900000000000105,0.21099999999999852,0.05900000000000105,0.21099999999999852,0.05900000000000105,0.5179999999999989,0.05900000000000105,,,,0.018593347771547954,0.013015343440083569,False,False,False,False,192
60d,LINK/USDT:USDT,2026-04-16T03:00:00+00:00,15m_fast,supertrend_trend,trending,LONG,53.34,9.277,0.16489727705670457,8.78230817,10.26638366,0.49469182999999894,False,ALLOW_15M_FAST,1,,,,True,0.08200000000000074,0.016000000000000014,0.08200000000000074,0.06999999999999851,0.40000000000000036,0.15499999999999936,0.588000000000001,0.15499999999999936,,,,0.01875308917068636,0.013127162419480453,False,False,False,False,192
60d,LINK/USDT:USDT,2026-04-16T12:30:00+00:00,15m_fast,supertrend_trend,trending,LONG,54.44,9.314,0.155767244057427,8.84669827,10.24860346,0.46730173000000086,False,ALLOW_15M_FAST,1,,,,True,0.1720000000000006,0.19200000000000017,0.36299999999999955,0.19200000000000017,0.36299999999999955,0.19200000000000017,0.5510000000000002,0.19200000000000017,,,,0.01993144771794443,0.0139520134025611,False,False,False,False,192
60d,LINK/USDT:USDT,2026-04-16T13:00:00+00:00,aligned_trend,supertrend_trend,trending,LONG,45.49,9.325,0.155767244057427,8.85769827,10.25960346,0.4673017299999991,False,ALLOW_ALIGNED_TREND,2,,,,True,0.16100000000000136,0.2029999999999994,0.3520000000000003,0.2029999999999994,0.3520000000000003,0.2029999999999994,0.5400000000000009,0.2029999999999994,,,,0.019954987112930266,0.013968490979051184,False,False,False,False,192
60d,LINK/USDT:USDT,2026-04-16T16:00:00+00:00,15m_fast,supertrend_trend,trending,LONG,46.04,9.453,0.16906958376761083,8.94579125,10.4674175,0.5072087500000002,False,ALLOW_15M_FAST,1,,,,True,0.19899999999999984,0.1529999999999987,0.2240000000000002,0.1529999999999987,0.4120000000000008,0.1529999999999987,0.4120000000000008,0.1529999999999987,,,,0.018637296773764245,0.013046107741634972,False,False,False,False,192
60d,LINK/USDT:USDT,2026-04-17T07:30:00+00:00,15m_fast,supertrend_trend,trending,LONG,57.55,9.43,0.18730097505008775,8.86809707,10.55380585,0.5619029300000005,False,ALLOW_15M_FAST,1,,,,True,0.1739999999999995,0.0030000000000001137,0.4350000000000005,0.0030000000000001137,0.4350000000000005,0.0030000000000001137,0.4350000000000005,0.3349999999999991,,,,0.01678225810283636,0.011747580671985452,False,False,False,False,192
60d,LINK/USDT:USDT,2026-04-17T10:00:00+00:00,aligned_trend,supertrend_trend,trending,LONG,49.03,9.554,0.18342233397508154,9.003733,10.654534,0.5502669999999998,False,ALLOW_ALIGNED_TREND,4,,,,True,0.24799999999999933,0.10400000000000098,0.31099999999999994,0.10400000000000098,0.31099999999999994,0.12400000000000055,0.31099999999999994,0.45899999999999963,,,,0.01736248039588055,0.012153736277116385,False,False,False,False,192
60d,LINK/USDT:USDT,2026-04-18T20:00:00+00:00,4h_flip,supertrend_trend,trending,SHORT,77.55,9.276,0.18131507526966104,9.81994523,8.18810955,0.5439452300000003,False,(allowed),8,,,,True,0.018000000000000682,0.06600000000000072,0.11899999999999977,0.06600000000000072,0.18099999999999916,0.09399999999999942,0.2829999999999995,0.09399999999999942,,,,0.017053187505661177,0.011937231253962824,False,False,False,False,192
60d,LINK/USDT:USDT,2026-04-19T18:00:00+00:00,1h_continuation,supertrend_trend,trending,SHORT,65.65,9.131,0.16920752186979054,9.63862257,8.11575487,0.5076225700000006,False,(allowed),6,,,,True,0.0519999999999996,0.0730000000000004,0.1379999999999999,0.0730000000000004,0.1379999999999999,0.22799999999999976,0.1379999999999999,0.35599999999999987,,,,0.01798777386907755,0.012591441708354287,False,False,False,False,192
60d,LINK/USDT:USDT,2026-04-20T05:30:00+00:00,15m_fast,supertrend_trend,trending,SHORT,57.11,9.101,0.1704740982317528,9.61242229,8.07815541,0.5114222899999987,False,ALLOW_15M_FAST,2,,,,True,0.008000000000000895,0.2579999999999991,0.008000000000000895,0.2579999999999991,0.008000000000000895,0.3009999999999984,0.008000000000000895,0.4549999999999983,,,,0.01779546996279733,0.012456828973958129,False,False,False,False,192
60d,LINK/USDT:USDT,2026-04-21T12:00:00+00:00,adaptive_trend_route,adaptive_trend,ranging,LONG,75.05,9.409,0.16351851012670243,9.000203724683244,10.226592550633512,0.40879627531675666,False,ALLOW_ADAPTIVE_TREND_ROUTE,16,,,,True,0.06599999999999895,0.08200000000000074,0.06599999999999895,0.17600000000000016,0.14699999999999847,0.17600000000000016,0.14699999999999847,0.27000000000000135,,,,0.02301635452208907,0.01611144816546235,False,False,False,False,192
60d,LINK/USDT:USDT,2026-04-22T00:00:00+00:00,adaptive_trend_route,adaptive_trend,ranging,LONG,69.53,9.392,0.16470560012695531,8.98023599968261,10.215528000634777,0.4117640003173886,False,ALLOW_ADAPTIVE_TREND_ROUTE,48,,,,True,0.1330000000000009,0.019999999999999574,0.1639999999999997,0.019999999999999574,0.1639999999999997,0.12399999999999878,0.1639999999999997,0.2530000000000001,,,,0.022809181941016277,0.015966427358711392,False,False,False,False,192
60d,LINK/USDT:USDT,2026-04-23T08:00:00+00:00,adaptive_trend_route,adaptive_trend,ranging,SHORT,76.53,9.232,0.1454453155121505,9.595613288780376,8.504773422439246,0.36361328878037646,False,ALLOW_ADAPTIVE_TREND_ROUTE,16,,,,True,0.07399999999999984,0.04100000000000037,0.07399999999999984,0.15300000000000047,0.08699999999999974,0.1590000000000007,0.08699999999999974,0.2110000000000003,,,,0.025389611119455414,0.01777272778361879,False,False,False,False,192
60d,LINK/USDT:USDT,2026-04-24T20:00:00+00:00,adaptive_trend_route,adaptive_trend,ranging,LONG,75.35,9.403,0.13417574319865538,9.067560642003363,10.073878715993278,0.3354393579966377,False,ALLOW_ADAPTIVE_TREND_ROUTE,48,,,,True,0.0389999999999997,0.0519999999999996,0.0389999999999997,0.06400000000000006,0.03999999999999915,0.12100000000000044,0.13199999999999967,0.12100000000000044,,,,0.0280318924295528,0.01962232470068696,False,False,False,False,192
60d,LINK/USDT:USDT,2026-04-26T00:00:00+00:00,adaptive_trend_route,adaptive_trend,ranging,LONG,60.65,9.342,0.11091110825884756,9.064722229352881,9.896555541294239,0.2772777706471192,False,ALLOW_ADAPTIVE_TREND_ROUTE,8,,,,True,0.0,0.04800000000000004,0.07699999999999996,0.04800000000000004,0.19299999999999962,0.04800000000000004,0.24599999999999866,0.05000000000000071,,,,0.033691846188020624,0.023584292331614434,False,False,False,True,128
60d,LINK/USDT:USDT,2026-04-26T08:00:00+00:00,adaptive_trend_route,adaptive_trend,ranging,LONG,63.9,9.417,0.10674478212114923,9.150138044697126,9.950723910605745,0.2668619553028737,False,ALLOW_ADAPTIVE_TREND_ROUTE,48,,,,True,0.06799999999999962,0.01699999999999946,0.08099999999999952,0.01699999999999946,0.17099999999999937,0.125,0.17099999999999937,0.125,,,,0.03528790752249499,0.024701535265746494,False,False,False,True,96
60d,SOL/USDT:USDT,2026-02-27T12:00:00+00:00,4h_flip,supertrend_trend,trending,SHORT,74.77,83.53,2.3762981708736737,90.65889451,69.27221097,7.128894509999995,True,(allowed),8,,,,True,1.6400000000000006,0.1799999999999926,2.480000000000004,0.1799999999999926,6.469999999999999,0.1799999999999926,6.469999999999999,5.349999999999994,,,,0.01171710422742671,0.008201972959198696,False,False,False,False,192
60d,SOL/USDT:USDT,2026-02-28T06:00:00+00:00,15m_fast,supertrend_trend,trending,SHORT,53.51,81.5,2.142331634171256,87.9269949,68.64601019,6.426994899999997,False,ALLOW_15M_FAST,1,False,False,True,False,4.439999999999998,0.0,4.439999999999998,0.0,4.439999999999998,7.3799999999999955,4.439999999999998,7.3799999999999955,1200.0,,,0.012680887610475627,0.008876621327332938,False,False,False,False,192
60d,SOL/USDT:USDT,2026-03-01T00:00:00+00:00,4h_flip,supertrend_trend,trending,LONG,69.67,84.29,2.447216950984611,76.94834915,98.97330171,7.341650850000008,True,(allowed),8,,,,True,4.589999999999989,0.07000000000000739,4.589999999999989,0.07000000000000739,4.589999999999989,2.6500000000000057,6.029999999999987,2.6500000000000057,,,,0.011481069002348418,0.008036748301643894,False,False,False,False,192
60d,SOL/USDT:USDT,2026-03-04T00:00:00+00:00,adaptive_trend_route,adaptive_trend,ranging,LONG,66.02,86.92,2.73170925060005,80.09072687349988,100.57854625300025,6.8292731265001265,False,ALLOW_ADAPTIVE_TREND_ROUTE,8,True,,,False,1.1400000000000006,1.7999999999999972,1.1400000000000006,2.1700000000000017,7.230000000000004,2.1700000000000017,7.230000000000004,2.1700000000000017,,1170.0,,0.012727562419888873,0.008909293693922212,False,False,False,False,192
60d,SOL/USDT:USDT,2026-03-04T08:00:00+00:00,adaptive_trend_route,adaptive_trend,ranging,LONG,69.69,87.38,2.746116649752083,80.51470837561979,101.1105832487604,6.865291624380205,False,ALLOW_ADAPTIVE_TREND_ROUTE,8,,,,True,4.1000000000000085,0.4399999999999977,5.740000000000009,0.4399999999999977,6.77000000000001,0.4399999999999977,6.77000000000001,0.4399999999999977,,,,0.012727791444385819,0.008909454011070073,False,False,False,False,192
60d,SOL/USDT:USDT,2026-03-05T07:00:00+00:00,15m_fast,supertrend_trend,trending,LONG,56.93,90.81,2.9746571168940044,81.88602865,108.6579427,8.923971350000002,False,ALLOW_15M_FAST,2,,,,True,2.0999999999999943,1.2000000000000028,2.0999999999999943,1.2000000000000028,2.0999999999999943,3.3599999999999994,2.0999999999999943,7.290000000000006,,,,0.010175962745554979,0.007123173921888486,False,False,False,False,192
60d,SOL/USDT:USDT,2026-03-05T09:30:00+00:00,15m_fast,supertrend_trend,trending,LONG,51.71,91.29,2.8778958942587187,82.65631232,108.55737537,8.633687680000008,False,ALLOW_15M_FAST,1,,,,True,1.6199999999999903,0.4700000000000131,1.6199999999999903,3.440000000000012,1.6199999999999903,4.030000000000001,1.6199999999999903,7.77000000000001,,,,0.01057369728713651,0.007401588100995557,False,False,False,False,192
60d,SOL/USDT:USDT,2026-03-06T16:00:00+00:00,4h_flip,supertrend_trend,trending,SHORT,82.89,84.57,2.548045989105509,92.21413797,69.28172407,7.644137970000003,True,(allowed),8,,,,True,1.0499999999999972,1.2600000000000051,1.0499999999999972,1.2600000000000051,1.309999999999988,1.2600000000000051,3.4599999999999937,1.2600000000000051,,,,0.011063379589942168,0.007744365712959518,False,False,False,False,192
60d,SOL/USDT:USDT,2026-03-07T04:30:00+00:00,15m_fast,supertrend_trend,trending,SHORT,50.44,84.23,2.3064602908399436,91.14938087,70.39123825,6.919380869999998,False,ALLOW_15M_FAST,1,,,,True,0.4100000000000108,0.25,0.4100000000000108,0.6400000000000006,2.200000000000003,0.6400000000000006,4.049999999999997,0.6400000000000006,,,,0.012173054436877677,0.008521138105814374,False,False,False,False,192
60d,SOL/USDT:USDT,2026-03-07T14:00:00+00:00,15m_fast,supertrend_trend,trending,SHORT,50.01,84.24,2.091641781387504,90.51492534,71.69014931,6.27492534000001,False,ALLOW_15M_FAST,1,,,,True,0.9799999999999898,0.1600000000000108,2.019999999999996,0.1600000000000108,3.1299999999999955,0.1600000000000108,4.059999999999988,1.4699999999999989,,,,0.01342486092432135,0.009397402647024945,False,False,False,False,192
60d,SOL/USDT:USDT,2026-03-08T14:00:00+00:00,1h_continuation,supertrend_trend,trending,SHORT,62.76,82.03,1.852527155083292,87.58758147,70.91483707,5.557581470000002,True,(allowed),6,,,,True,0.7399999999999949,0.3299999999999983,0.7999999999999972,0.9000000000000057,1.8499999999999943,3.6799999999999926,1.8499999999999943,5.6200000000000045,,,,0.01476001754410628,0.010332012280874395,False,False,False,False,192
60d,SOL/USDT:USDT,2026-03-08T22:30:00+00:00,15m_fast,supertrend_trend,trending,SHORT,51.98,81.27,1.818658618413655,86.72597586,70.35804829,5.4559758600000094,False,ALLOW_15M_FAST,1,False,False,True,False,0.3100000000000023,1.990000000000009,0.3100000000000023,3.3100000000000023,0.3100000000000023,5.730000000000004,0.3100000000000023,7.510000000000005,1245.0,,,0.014895593764595552,0.010426915635216886,False,False,False,False,192
60d,SOL/USDT:USDT,2026-03-09T16:00:00+00:00,4h_flip,supertrend_trend,trending,LONG,67.15,85.01,1.9963031482541884,79.02109056,96.98781889,5.9889094400000005,True,(allowed),8,,,,True,1.9899999999999949,0.7400000000000091,1.9899999999999949,0.7400000000000091,3.569999999999993,0.7400000000000091,3.769999999999996,0.7400000000000091,,,,0.014194570956811795,0.009936199669768258,False,False,False,False,192
60d,SOL/USDT:USDT,2026-03-10T15:00:00+00:00,15m_fast,supertrend_trend,ranging,LONG,55.22,88.07,1.9268713088756588,83.25282173,97.70435654,4.817178269999999,False,ALLOW_15M_FAST,1,,,,True,0.710000000000008,2.039999999999992,0.710000000000008,3.1199999999999903,0.710000000000008,3.769999999999996,0.710000000000008,3.769999999999996,,,,0.018282487187255374,0.01279774103107876,False,False,False,False,192
60d,SOL/USDT:USDT,2026-03-11T00:00:00+00:00,adaptive_trend_route,adaptive_trend,ranging,LONG,71.12,85.83,2.0863105924197596,80.6142235189506,96.26155296209879,5.215776481049403,False,ALLOW_ADAPTIVE_TREND_ROUTE,16,,,,True,0.39000000000000057,0.3999999999999915,1.0,0.7600000000000051,2.230000000000004,1.5300000000000011,2.230000000000004,1.5300000000000011,,,,0.016455843211810945,0.01151909024826766,False,False,False,False,192
60d,SOL/USDT:USDT,2026-03-11T16:00:00+00:00,adaptive_trend_route,adaptive_trend,ranging,LONG,66.23,85.37,2.006769752970136,80.35307561757466,95.40384876485068,5.016924382425344,False,ALLOW_ADAPTIVE_TREND_ROUTE,88,,,,True,2.6899999999999977,0.13000000000000966,2.6899999999999977,0.13000000000000966,2.6899999999999977,0.7400000000000091,8.009999999999991,0.7400000000000091,,,,0.01701640158242317,0.011911481107696218,False,False,False,False,192
60d,SOL/USDT:USDT,2026-03-15T00:00:00+00:00,1h_continuation,supertrend_trend,trending,LONG,68.16,87.99,1.7362058929782782,82.78138232,98.40723536,5.208617679999989,True,(allowed),8,True,,,False,0.6000000000000085,0.47999999999998977,0.6000000000000085,0.47999999999998977,5.240000000000009,0.6799999999999926,9.66000000000001,0.6799999999999926,,1380.0,,0.016893157725487003,0.011825210407840901,False,False,False,False,192
60d,SOL/USDT:USDT,2026-03-15T00:00:00+00:00,aligned_trend,supertrend_trend,trending,LONG,46.12,87.99,1.7362058929782782,82.78138232,98.40723536,5.208617679999989,False,ALLOW_ALIGNED_TREND,2,True,,,False,0.6000000000000085,0.47999999999998977,0.6000000000000085,0.47999999999998977,5.240000000000009,0.6799999999999926,9.66000000000001,0.6799999999999926,,1380.0,,0.016893157725487003,0.011825210407840901,False,False,False,False,192
60d,SOL/USDT:USDT,2026-03-15T03:00:00+00:00,aligned_trend,supertrend_trend,trending,LONG,46.12,88.24,1.7362058929782782,83.03138232,98.65723536,5.208617679999989,False,ALLOW_ALIGNED_TREND,2,,,,True,0.3500000000000085,0.5999999999999943,0.5900000000000034,0.5999999999999943,4.990000000000009,0.9299999999999926,9.41000000000001,0.9299999999999926,,,,0.01694115510509118,0.011858808573563827,False,False,False,False,192
60d,SOL/USDT:USDT,2026-03-15T05:00:00+00:00,aligned_trend,supertrend_trend,trending,LONG,46.57,88.27,1.6893340434798296,83.20199787,98.40600426,5.068002129999996,False,ALLOW_ALIGNED_TREND,6,True,,,False,0.3200000000000074,0.21999999999999886,0.5600000000000023,0.21999999999999886,6.0,0.9599999999999937,9.38000000000001,0.9599999999999937,,1350.0,,0.017417119751684095,0.012191983826178865,False,False,False,False,192
60d,SOL/USDT:USDT,2026-03-15T21:00:00+00:00,15m_fast,supertrend_trend,trending,LONG,56.07,88.7,1.5246884010783883,84.1259348,97.84813041,4.574065200000007,False,ALLOW_15M_FAST,1,True,,,False,4.530000000000001,0.20000000000000284,5.569999999999993,0.20000000000000284,7.239999999999995,0.20000000000000284,8.950000000000003,0.20000000000000284,,390.0,,0.019391940455942752,0.013574358319159926,False,False,False,False,192
60d,SOL/USDT:USDT,2026-03-15T21:00:00+00:00,1h_continuation,supertrend_trend,trending,LONG,69.73,88.7,1.5246884010783883,84.1259348,97.84813041,4.574065200000007,True,(allowed),6,True,,,False,4.530000000000001,0.20000000000000284,5.569999999999993,0.20000000000000284,7.239999999999995,0.20000000000000284,8.950000000000003,0.20000000000000284,,390.0,,0.019391940455942752,0.013574358319159926,False,False,False,False,192
60d,SOL/USDT:USDT,2026-03-15T21:00:00+00:00,aligned_trend,supertrend_trend,trending,LONG,47.3,88.7,1.5246884010783883,84.1259348,97.84813041,4.574065200000007,False,ALLOW_ALIGNED_TREND,6,True,,,False,4.530000000000001,0.20000000000000284,5.569999999999993,0.20000000000000284,7.239999999999995,0.20000000000000284,8.950000000000003,0.20000000000000284,,390.0,,0.019391940455942752,0.013574358319159926,False,False,False,False,192
60d,SOL/USDT:USDT,2026-03-16T11:00:00+00:00,15m_fast,supertrend_trend,trending,LONG,56.02,93.87,1.8362574406593362,88.36122768,104.88754464,5.508772320000006,False,ALLOW_15M_FAST,1,,,,True,1.2099999999999937,1.5500000000000114,1.2099999999999937,1.5500000000000114,3.780000000000001,1.5500000000000114,3.780000000000001,1.5500000000000114,,,,0.01704009433448502,0.011928066034139515,False,False,False,False,192
60d,SOL/USDT:USDT,2026-03-16T18:30:00+00:00,15m_fast,supertrend_trend,trending,LONG,52.17,94.72,1.876619936078713,89.09014019,105.97971962,5.629859809999999,False,ALLOW_15M_FAST,1,,,,True,2.930000000000007,0.5900000000000034,2.930000000000007,0.5900000000000034,2.930000000000007,1.6200000000000045,2.930000000000007,6.209999999999994,,,,0.016824575246394993,0.011777202672476495,False,False,False,False,192
60d,SOL/USDT:USDT,2026-03-18T12:00:00+00:00,4h_flip,supertrend_trend,trending,SHORT,84.39,91.95,1.9350510749762913,97.75515322,80.33969355,5.805153219999994,True,(allowed),8,,,,True,3.4399999999999977,0.04999999999999716,3.4399999999999977,0.04999999999999716,3.4399999999999977,0.04999999999999716,5.159999999999997,0.04999999999999716,,,,0.01583937520946262,0.011087562646623835,False,False,False,False,192
60d,SOL/USDT:USDT,2026-03-19T04:30:00+00:00,15m_fast,supertrend_trend,trending,SHORT,65.02,89.89,2.0034413721469666,95.90032412,77.86935177,6.010324119999993,False,ALLOW_15M_FAST,2,,,,True,1.3200000000000074,0.20000000000000284,1.3200000000000074,0.5699999999999932,3.0999999999999943,0.5699999999999932,3.0999999999999943,0.8900000000000006,,,,0.014955932193553666,0.010469152535487565,False,False,False,False,192
60d,SOL/USDT:USDT,2026-03-19T05:00:00+00:00,aligned_trend,supertrend_trend,trending,SHORT,50.02,89.86,2.0034413721469666,95.87032412,77.83935177,6.010324120000007,False,ALLOW_ALIGNED_TREND,2,,,,True,1.2900000000000063,0.23000000000000398,1.8900000000000006,0.5999999999999943,3.069999999999993,0.5999999999999943,3.069999999999993,0.9200000000000017,,,,0.014950940782208579,0.010465658547546006,False,False,False,False,192
60d,SOL/USDT:USDT,2026-03-19T08:00:00+00:00,aligned_trend,supertrend_trend,trending,SHORT,49.25,89.37,2.011766988422184,95.40530097,77.29939807,6.035300969999994,False,ALLOW_ALIGNED_TREND,2,,,,True,0.3299999999999983,1.0899999999999892,2.2700000000000102,1.0899999999999892,2.5799999999999983,1.0899999999999892,2.5799999999999983,1.4099999999999966,,,,0.01480787792427195,0.010365514546990365,False,False,False,False,192
60d,SOL/USDT:USDT,2026-03-19T12:30:00+00:00,15m_fast,supertrend_trend,trending,SHORT,63.53,88.99,1.9694979178205985,94.89849375,77.17301249,5.908493750000005,False,ALLOW_15M_FAST,2,,,,True,2.1999999999999886,0.07000000000000739,2.1999999999999886,0.23000000000000398,2.1999999999999886,1.440000000000012,2.1999999999999886,1.7900000000000063,,,,0.015061368220961548,0.010542957754673081,False,False,False,False,192
60d,SOL/USDT:USDT,2026-03-19T13:00:00+00:00,aligned_trend,supertrend_trend,trending,SHORT,48.53,88.08,1.9694979178205985,93.98849375,76.26301249,5.908493750000005,False,ALLOW_ALIGNED_TREND,4,,,,True,1.289999999999992,0.8100000000000023,1.289999999999992,1.1400000000000006,1.289999999999992,2.3500000000000085,1.289999999999992,2.700000000000003,,,,0.014907352656504025,0.010435146859552815,False,False,False,False,192
60d,SOL/USDT:USDT,2026-03-22T00:00:00+00:00,1h_continuation,supertrend_trend,trending,SHORT,63.1,87.5,1.599098369090277,92.29729511,77.90540979,4.797295109999993,True,(allowed),6,,,,True,1.3199999999999932,1.6099999999999994,1.3199999999999932,1.6400000000000006,2.4599999999999937,1.6400000000000006,2.5,4.739999999999995,,,,0.018239444935877654,0.012767611455114356,False,False,False,False,192
60d,SOL/USDT:USDT,2026-03-22T12:00:00+00:00,1h_continuation,supertrend_trend,trending,SHORT,66.43,86.79,1.6279770834152105,91.67393125,77.0221375,4.883931249999989,True,(allowed),8,False,False,True,False,0.04000000000000625,0.8900000000000006,0.39000000000000057,0.8900000000000006,1.7900000000000063,5.140000000000001,1.7900000000000063,5.449999999999989,1380.0,,,0.017770520418361784,0.01243936429285325,False,False,False,False,192
60d,SOL/USDT:USDT,2026-03-22T19:00:00+00:00,15m_fast,supertrend_trend,trending,SHORT,54.65,86.95,1.5781215774569817,91.68436473,77.48127054,4.734364729999996,False,ALLOW_15M_FAST,1,False,False,True,False,1.9099999999999966,0.20000000000000284,1.9099999999999966,0.20000000000000284,1.9500000000000028,5.289999999999992,1.9500000000000028,5.289999999999992,960.0,,,0.018365716407320414,0.01285600148512429,False,False,False,False,192
60d,SOL/USDT:USDT,2026-03-23T07:00:00+00:00,15m_fast,supertrend_trend,trending,SHORT,57.7,85.67,1.6110834933210592,90.50325048,76.00349904,4.833250480000004,False,ALLOW_15M_FAST,1,False,False,True,False,0.6700000000000017,0.75,0.6700000000000017,6.260000000000005,0.6700000000000017,6.569999999999993,0.6700000000000017,7.280000000000001,240.0,,,0.017725131431632308,0.012407592002142614,False,False,False,False,192
60d,SOL/USDT:USDT,2026-03-23T07:00:00+00:00,aligned_trend,supertrend_trend,trending,SHORT,49.11,85.67,1.6110834933210592,90.50325048,76.00349904,4.833250480000004,False,ALLOW_ALIGNED_TREND,8,False,False,True,False,0.6700000000000017,0.75,0.6700000000000017,6.260000000000005,0.6700000000000017,6.569999999999993,0.6700000000000017,7.280000000000001,240.0,,,0.017725131431632308,0.012407592002142614,False,False,False,False,192
60d,SOL/USDT:USDT,2026-03-23T16:00:00+00:00,4h_flip,supertrend_trend,trending,LONG,75.19,89.91,2.167350741554798,83.40794778,102.91410445,6.502052219999996,True,(allowed),8,,,,True,1.9500000000000028,0.5600000000000023,2.0900000000000034,0.5600000000000023,2.2900000000000063,1.289999999999992,3.549999999999997,1.5600000000000023,,,,0.013827941849411978,0.009679559294588384,False,False,False,False,192
60d,SOL/USDT:USDT,2026-03-24T07:30:00+00:00,15m_fast,supertrend_trend,trending,LONG,53.48,91.14,2.0837170478119136,84.88884886,103.64230229,6.251151140000005,False,ALLOW_15M_FAST,1,,,,True,1.0600000000000023,0.10999999999999943,1.0600000000000023,2.519999999999996,1.8100000000000023,2.7900000000000063,2.319999999999993,2.7900000000000063,,,,0.01457971467316017,0.01020580027121212,False,False,False,False,192
60d,SOL/USDT:USDT,2026-03-25T00:00:00+00:00,1h_continuation,supertrend_trend,trending,LONG,62.13,90.75,2.096378301885428,84.46086509,103.32826981,6.289134910000001,True,(allowed),6,,,,True,1.1500000000000057,0.0799999999999983,2.200000000000003,0.0799999999999983,2.7099999999999937,0.0799999999999983,2.7099999999999937,5.3799999999999955,,,,0.014429647526832904,0.010100753268783033,False,False,False,False,192
60d,SOL/USDT:USDT,2026-03-25T11:30:00+00:00,15m_fast,supertrend_trend,trending,LONG,49.63,92.97,1.9898874133603943,87.00033776,104.90932448,5.969662240000005,False,ALLOW_15M_FAST,1,,,,True,0.4899999999999949,2.010000000000005,0.4899999999999949,2.010000000000005,0.4899999999999949,5.599999999999994,0.4899999999999949,10.420000000000002,,,,0.015573745425168295,0.010901621797617807,False,False,False,False,192
60d,SOL/USDT:USDT,2026-03-26T04:00:00+00:00,adaptive_trend_route,adaptive_trend,ranging,LONG,68.44,91.01,1.8477145634423555,86.39071359139412,100.24857281721178,4.619286408605888,False,ALLOW_ADAPTIVE_TREND_ROUTE,8,False,False,True,False,0.009999999999990905,2.2900000000000063,0.009999999999990905,3.6400000000000006,0.009999999999990905,5.640000000000001,0.009999999999990905,9.25,840.0,,,0.01970217733857015,0.013791524136999102,False,False,False,False,192
60d,SOL/USDT:USDT,2026-03-27T04:30:00+00:00,15m_fast,supertrend_trend,trending,SHORT,51.81,86.0,1.795941354720215,91.38782406,75.22435187,5.38782406,False,ALLOW_15M_FAST,1,,,,True,0.37000000000000455,0.730000000000004,3.450000000000003,0.730000000000004,4.239999999999995,0.730000000000004,4.400000000000006,0.730000000000004,,,,0.01596191691530477,0.011173341840713336,False,False,False,False,192
60d,SOL/USDT:USDT,2026-03-28T09:30:00+00:00,15m_fast,supertrend_trend,trending,SHORT,60.53,83.1,1.664848271125343,88.09454481,73.11091037,4.994544810000008,False,ALLOW_15M_FAST,1,,,,True,0.5699999999999932,0.19000000000001194,0.5699999999999932,1.25,1.5,1.25,4.329999999999998,1.8800000000000097,,,,0.016638152857016787,0.01164670699991175,False,False,False,False,192
60d,SOL/USDT:USDT,2026-03-28T11:00:00+00:00,aligned_trend,supertrend_trend,trending,SHORT,52.26,82.97,1.664848271125343,87.96454481,72.98091037,4.994544810000008,False,ALLOW_ALIGNED_TREND,2,,,,True,0.4399999999999977,1.1200000000000045,0.4399999999999977,1.3799999999999955,1.3700000000000045,1.3799999999999955,4.200000000000003,2.010000000000005,,,,0.016612124459045523,0.011628487121331865,False,False,False,False,192
60d,SOL/USDT:USDT,2026-03-29T00:00:00+00:00,1h_continuation,supertrend_trend,trending,SHORT,68.36,82.0,1.6026736638799177,86.80802099,72.38395802,4.808020990000003,True,(allowed),16,,,,True,0.20999999999999375,1.1899999999999977,0.20999999999999375,1.1899999999999977,3.230000000000004,1.1899999999999977,3.230000000000004,2.980000000000004,,,,0.017054834030581043,0.01193838382140673,False,False,False,False,192
60d,SOL/USDT:USDT,2026-03-29T06:30:00+00:00,15m_fast,supertrend_trend,trending,SHORT,69.27,82.34,1.5881969736027801,87.10459092,72.81081816,4.764590920000003,False,ALLOW_15M_FAST,2,,,,True,0.3100000000000023,0.23999999999999488,0.7199999999999989,0.45000000000000284,3.5700000000000074,1.8100000000000023,3.5700000000000074,2.6400000000000006,,,,0.017281651537882702,0.012097156076517889,False,False,False,False,192
60d,SOL/USDT:USDT,2026-03-29T13:30:00+00:00,15m_fast,supertrend_trend,trending,SHORT,63.0,82.01,1.4852820843819892,86.46584625,73.09830749,4.455846249999993,False,ALLOW_15M_FAST,1,,,,True,0.9500000000000028,0.36999999999999034,0.9500000000000028,0.36999999999999034,3.240000000000009,2.969999999999999,3.240000000000009,2.969999999999999,,,,0.01840503361174101,0.012883523528218704,False,False,False,False,192
60d,SOL/USDT:USDT,2026-03-29T14:00:00+00:00,aligned_trend,supertrend_trend,trending,SHORT,55.0,81.86,1.4852820843819892,86.31584625,72.94830749,4.455846250000008,False,ALLOW_ALIGNED_TREND,6,,,,True,0.7999999999999972,0.519999999999996,0.7999999999999972,0.519999999999996,3.0900000000000034,3.1200000000000045,3.0900000000000034,3.1200000000000045,,,,0.01837136997265107,0.012859958980855747,False,False,False,False,192
60d,SOL/USDT:USDT,2026-03-29T22:30:00+00:00,15m_fast,supertrend_trend,trending,SHORT,54.0,81.7,1.445064654390593,86.03519396,73.02961207,4.335193959999998,False,ALLOW_15M_FAST,1,,,,True,2.930000000000007,1.3299999999999983,2.930000000000007,2.450000000000003,2.930000000000007,3.280000000000001,2.930000000000007,3.280000000000001,,,,0.01884575425086633,0.013192027975606433,False,False,False,False,192
60d,SOL/USDT:USDT,2026-03-29T23:00:00+00:00,aligned_trend,supertrend_trend,trending,SHORT,45.0,80.85,1.445064654390593,85.18519396,72.17961207,4.335193960000012,False,ALLOW_ALIGNED_TREND,4,,,,True,0.03999999999999204,3.0600000000000023,0.03999999999999204,3.3000000000000114,0.03999999999999204,4.13000000000001,0.9599999999999937,4.13000000000001,,,,0.018649684592197523,0.013054779214538266,False,False,False,False,192
60d,SOL/USDT:USDT,2026-03-30T08:00:00+00:00,4h_flip,supertrend_trend,trending,LONG,85.0,83.98,1.6310484860408645,79.08685454,93.76629092,4.8931454599999995,True,(allowed),8,,,,True,1.0,0.5300000000000011,1.0,0.5300000000000011,1.0,2.0799999999999983,1.0,4.090000000000003,,,,0.017162784283956276,0.012013948998769395,False,False,False,False,192
60d,SOL/USDT:USDT,2026-03-31T12:00:00+00:00,4h_flip,supertrend_trend,trending,SHORT,98.09,80.78,1.817261353954796,86.23178406,69.87643188,5.451784059999994,True,(allowed),8,,,,True,0.45000000000000284,1.769999999999996,0.45000000000000284,2.6700000000000017,0.45000000000000284,3.9200000000000017,2.6700000000000017,5.810000000000002,,,,0.014817167941901223,0.010372017559330855,False,False,False,False,192
60d,SOL/USDT:USDT,2026-04-01T14:00:00+00:00,1h_continuation,supertrend_trend,trending,SHORT,73.84,82.64,1.7207438358248377,87.80223151,72.31553699,5.162231509999998,True,(allowed),6,True,,,False,0.1700000000000017,3.950000000000003,1.2999999999999972,3.950000000000003,6.010000000000005,3.950000000000003,6.010000000000005,3.950000000000003,,1395.0,,0.016008580754256027,0.011206006527979219,False,False,False,False,192
60d,SOL/USDT:USDT,2026-04-01T21:00:00+00:00,1h_continuation,supertrend_trend,trending,SHORT,71.48,82.54,1.848090348236722,88.08427104,71.45145791,5.544271039999998,True,(allowed),8,True,,,False,1.8200000000000074,0.6199999999999903,4.320000000000007,0.6199999999999903,5.910000000000011,0.6199999999999903,5.910000000000011,0.6199999999999903,,990.0,,0.014887439557789013,0.01042120769045231,False,False,False,False,192
60d,SOL/USDT:USDT,2026-04-01T21:00:00+00:00,aligned_trend,supertrend_trend,trending,SHORT,48.61,82.54,1.848090348236722,88.08427104,71.45145791,5.544271039999998,False,ALLOW_ALIGNED_TREND,6,True,,,False,1.8200000000000074,0.6199999999999903,4.320000000000007,0.6199999999999903,5.910000000000011,0.6199999999999903,5.910000000000011,0.6199999999999903,,990.0,,0.014887439557789013,0.01042120769045231,False,False,False,False,192
60d,SOL/USDT:USDT,2026-04-05T07:00:00+00:00,1h_continuation,supertrend_trend,ranging,SHORT,61.73,79.55,1.2502754167283112,82.67568854,73.29862292,3.1256885399999987,True,(allowed),6,False,False,True,False,0.0799999999999983,0.6500000000000057,1.0999999999999943,0.6500000000000057,1.0999999999999943,3.4000000000000057,1.0999999999999943,3.6300000000000097,1020.0,,,0.025450392443771775,0.017815274710640244,False,False,False,False,192
60d,SOL/USDT:USDT,2026-04-05T12:30:00+00:00,15m_fast,supertrend_trend,ranging,SHORT,56.18,79.53,1.211104823607575,82.55776206,73.47447588,3.0277620600000006,False,ALLOW_15M_FAST,1,False,False,True,False,1.0799999999999983,0.7800000000000011,1.0799999999999983,0.7800000000000011,1.0799999999999983,3.6500000000000057,1.0799999999999983,3.6500000000000057,690.0,,,0.026266925347495765,0.01838684774324703,False,False,False,False,192
60d,SOL/USDT:USDT,2026-04-06T00:00:00+00:00,4h_flip,supertrend_trend,ranging,LONG,66.58,81.85,1.3612235049073766,78.44694124,88.65611752,3.4030587599999933,True,(allowed),8,,,,True,1.1000000000000085,0.22999999999998977,1.1000000000000085,0.9399999999999977,1.3300000000000125,2.3299999999999983,5.340000000000003,3.549999999999997,,,,0.02405189148129789,0.01683632403690852,False,False,False,False,192
60d,SOL/USDT:USDT,2026-04-07T08:00:00+00:00,adaptive_trend_route,adaptive_trend,ranging,SHORT,76.35,79.81,1.3662137065137865,83.22553426628447,72.97893146743107,3.4155342662844674,False,ALLOW_ADAPTIVE_TREND_ROUTE,32,False,False,True,False,0.980000000000004,0.7399999999999949,1.5100000000000051,0.7399999999999949,1.5100000000000051,7.3799999999999955,1.5100000000000051,7.3799999999999955,780.0,,,0.0233667689379735,0.01635673825658145,False,False,False,False,192
60d,SOL/USDT:USDT,2026-04-09T16:00:00+00:00,1h_continuation,supertrend_trend,trending,LONG,62.07,83.69,1.5854519760542998,78.93364407,93.20271186,4.756355929999998,True,(allowed),6,,,,True,0.980000000000004,0.8199999999999932,2.240000000000009,0.8199999999999932,2.240000000000009,1.0600000000000023,2.240000000000009,1.0600000000000023,,,,0.017595403126191195,0.012316782188333836,False,False,False,False,192
60d,SOL/USDT:USDT,2026-04-10T14:00:00+00:00,1h_continuation,supertrend_trend,trending,LONG,65.41,84.22,1.5451811011504317,79.5844567,93.49108661,4.635543299999995,True,(allowed),8,,,,True,1.3499999999999943,0.20999999999999375,1.4399999999999977,0.20999999999999375,1.4399999999999977,0.46999999999999886,2.010000000000005,2.510000000000005,,,,0.018168312654958933,0.012717818858471253,False,False,False,False,192
60d,SOL/USDT:USDT,2026-04-10T16:00:00+00:00,aligned_trend,supertrend_trend,trending,LONG,45.04,84.2,1.5962395939254002,79.41128122,93.77743756,4.788718779999996,False,ALLOW_ALIGNED_TREND,2,,,,True,1.2399999999999949,0.12000000000000455,1.4599999999999937,0.12000000000000455,1.4599999999999937,0.45000000000000284,2.030000000000001,2.960000000000008,,,,0.017582991164914484,0.012308093815440138,False,False,False,False,192
60d,SOL/USDT:USDT,2026-04-10T19:30:00+00:00,15m_fast,supertrend_trend,trending,LONG,54.04,85.18,1.5962395939254002,80.39128122,94.75743756,4.788718780000011,False,ALLOW_15M_FAST,1,,,,True,0.47999999999998977,0.5800000000000125,0.47999999999998977,0.8400000000000034,0.7199999999999989,1.4300000000000068,1.0499999999999972,3.940000000000012,,,,0.017787638805551204,0.012451347163885842,False,False,False,False,192
60d,SOL/USDT:USDT,2026-04-11T09:30:00+00:00,15m_fast,supertrend_trend,trending,LONG,62.62,84.61,1.4278227572392586,80.32653173,93.17693654,4.28346827,False,ALLOW_15M_FAST,2,,,,True,0.09000000000000341,0.8599999999999994,0.7399999999999949,0.8599999999999994,1.6200000000000045,2.780000000000001,1.6200000000000045,3.3799999999999955,,,,0.019752685129613437,0.013826879590729407,False,False,False,False,192
60d,SOL/USDT:USDT,2026-04-11T13:00:00+00:00,15m_fast,supertrend_trend,trending,LONG,56.6,84.18,1.397978274579312,79.98606518,92.56786965,4.19393482000001,False,ALLOW_15M_FAST,1,,,,True,1.1699999999999875,0.4000000000000057,2.049999999999997,0.4000000000000057,2.049999999999997,2.3600000000000136,2.049999999999997,2.950000000000003,,,,0.020071842699739384,0.014050289889817569,False,False,False,False,192
60d,SOL/USDT:USDT,2026-04-11T16:00:00+00:00,aligned_trend,supertrend_trend,trending,LONG,48.16,84.63,1.3738369692522183,80.50848909,92.87302182,4.121510909999998,False,ALLOW_ALIGNED_TREND,8,,,,True,1.6000000000000085,0.06999999999999318,1.6000000000000085,0.1799999999999926,1.6000000000000085,3.3900000000000006,1.6000000000000085,3.3999999999999915,,,,0.020533731888143916,0.01437361232170074,False,False,False,False,192
60d,SOL/USDT:USDT,2026-04-12T04:00:00+00:00,4h_flip,supertrend_trend,trending,SHORT,76.08,82.27,1.5392018299734416,86.88760549,73.03478902,4.6176054900000025,True,(allowed),8,,,,True,0.2599999999999909,0.1700000000000017,0.39000000000000057,0.1700000000000017,1.039999999999992,0.5900000000000034,1.039999999999992,4.530000000000001,,,,0.017816593508944385,0.012471615456261067,False,False,False,False,192
60d,SOL/USDT:USDT,2026-04-12T13:00:00+00:00,15m_fast,supertrend_trend,trending,SHORT,61.03,81.97,1.3899750472730183,86.13992514,73.63014972,4.169925140000004,False,ALLOW_15M_FAST,2,,,,True,0.730000000000004,0.21999999999999886,0.730000000000004,0.8799999999999955,0.7399999999999949,0.8900000000000006,0.7399999999999949,4.829999999999998,,,,0.01965742723141546,0.013760199061990823,False,False,False,False,192
60d,SOL/USDT:USDT,2026-04-13T00:00:00+00:00,1h_continuation,supertrend_trend,trending,SHORT,63.75,81.49,1.3606469310709992,85.57194079,73.32611841,4.081940790000004,True,(allowed),6,False,False,True,False,0.14000000000000057,0.9100000000000108,0.14000000000000057,1.0900000000000034,0.14000000000000057,5.310000000000002,0.14000000000000057,6.150000000000006,1335.0,,,0.01996354288127729,0.013974480016894105,False,False,False,False,192
60d,SOL/USDT:USDT,2026-04-13T09:00:00+00:00,15m_fast,supertrend_trend,trending,SHORT,50.66,81.82,1.3214251599540763,85.78427548,73.89144904,3.964275480000012,False,ALLOW_15M_FAST,1,False,False,True,False,0.20999999999999375,0.9500000000000028,0.20999999999999375,2.1300000000000097,0.20999999999999375,4.980000000000004,0.20999999999999375,5.820000000000007,795.0,,,0.020639332562226415,0.014447532793558489,False,False,False,False,192
60d,SOL/USDT:USDT,2026-04-14T00:00:00+00:00,4h_flip,supertrend_trend,trending,LONG,73.85,86.5,1.4970758015787275,82.0087726,95.48245481,4.4912274,True,(allowed),8,,,,True,0.23000000000000398,0.8499999999999943,0.23000000000000398,1.0999999999999943,1.1400000000000006,3.239999999999995,1.1400000000000006,3.9000000000000057,,,,0.019259768498918584,0.013481837949243007,False,False,False,False,192
60d,SOL/USDT:USDT,2026-04-14T09:00:00+00:00,15m_fast,supertrend_trend,trending,LONG,54.1,86.09,1.4174786248306372,81.83756413,94.59487175,4.252435869999999,False,ALLOW_15M_FAST,1,,,,True,0.4299999999999926,0.5400000000000063,1.5499999999999972,1.3900000000000006,1.5499999999999972,3.490000000000009,1.5499999999999972,3.490000000000009,,,,0.020244867325888684,0.01417140712812208,False,False,False,False,192
60d,SOL/USDT:USDT,2026-04-14T14:00:00+00:00,15m_fast,supertrend_trend,trending,LONG,55.0,87.28,1.384801580199877,83.12559526,95.58880948,4.154404740000004,False,ALLOW_15M_FAST,1,False,False,True,False,0.35999999999999943,2.6200000000000045,0.35999999999999943,3.9200000000000017,0.35999999999999943,4.680000000000007,0.35999999999999943,4.680000000000007,750.0,,,0.021009026674661438,0.014706318672263007,False,False,False,False,192
60d,SOL/USDT:USDT,2026-04-15T08:00:00+00:00,4h_flip,supertrend_trend,trending,SHORT,73.21,82.88,1.424567113251088,87.15370134,74.33259732,4.273701340000002,True,(allowed),8,,,,True,0.19999999999998863,0.7700000000000102,0.19999999999998863,1.5900000000000034,0.19999999999998863,2.930000000000007,0.19999999999998863,7.700000000000003,,,,0.019393025718544933,0.013575118002981454,False,False,False,False,192
60d,SOL/USDT:USDT,2026-04-16T16:00:00+00:00,4h_flip,supertrend_trend,trending,LONG,90.08,86.57,1.472663587820506,82.15200924,95.40598153,4.417990759999995,True,(allowed),8,,,,True,3.5700000000000074,0.9899999999999949,4.010000000000005,0.9899999999999949,4.140000000000001,0.9899999999999949,4.140000000000001,0.9899999999999949,,,,0.019594880275394713,0.013716416192776297,False,False,False,False,192
60d,SOL/USDT:USDT,2026-04-17T07:30:00+00:00,15m_fast,supertrend_trend,trending,LONG,59.23,88.1,1.7088199352921465,82.97354019,98.35291961,5.12645981,False,ALLOW_15M_FAST,1,,,,True,1.3800000000000097,0.8399999999999892,2.6099999999999994,0.8399999999999892,2.6099999999999994,0.8399999999999892,2.6099999999999994,3.819999999999993,,,,0.017185348810917527,0.012029744167642268,False,False,False,False,192
60d,SOL/USDT:USDT,2026-04-17T10:00:00+00:00,aligned_trend,supertrend_trend,trending,LONG,51.11,88.65,1.668189939914136,83.64543018,98.65913964,5.00456982,False,ALLOW_ALIGNED_TREND,2,,,,True,1.8299999999999983,1.3900000000000006,2.059999999999988,1.3900000000000006,2.059999999999988,1.6099999999999994,2.059999999999988,4.3700000000000045,,,,0.01771381021516051,0.012399667150612357,False,False,False,False,192
60d,SOL/USDT:USDT,2026-04-17T13:00:00+00:00,15m_fast,supertrend_trend,trending,LONG,66.68,88.82,1.7076049442059833,83.69718517,99.06562967,5.122814829999996,False,ALLOW_15M_FAST,2,,,,True,1.8900000000000006,0.30999999999998806,1.8900000000000006,0.36999999999999034,1.8900000000000006,2.5999999999999943,1.8900000000000006,4.539999999999992,,,,0.017338124243698277,0.012136686970588794,False,False,False,False,192
60d,SOL/USDT:USDT,2026-04-17T13:00:00+00:00,aligned_trend,supertrend_trend,trending,LONG,51.68,88.82,1.7076049442059833,83.69718517,99.06562967,5.122814829999996,False,ALLOW_ALIGNED_TREND,6,,,,True,1.8900000000000006,0.30999999999998806,1.8900000000000006,0.36999999999999034,1.8900000000000006,2.5999999999999943,1.8900000000000006,4.539999999999992,,,,0.017338124243698277,0.012136686970588794,False,False,False,False,192
60d,SOL/USDT:USDT,2026-04-19T04:00:00+00:00,4h_flip,supertrend_trend,trending,SHORT,75.1,85.55,1.44348001195983,89.88044004,76.88911993,4.330440039999999,True,(allowed),8,,,,True,1.269999999999996,0.37000000000000455,1.269999999999996,0.37000000000000455,2.780000000000001,1.5300000000000011,2.780000000000001,1.5300000000000011,,,,0.01975549810406797,0.013828848672847577,False,False,False,False,192
60d,SOL/USDT:USDT,2026-04-19T21:00:00+00:00,1h_continuation,supertrend_trend,trending,SHORT,65.01,84.9,1.4690215696997275,89.30706471,76.08587058,4.40706471,True,(allowed),8,,,,True,2.1300000000000097,0.29999999999999716,2.1300000000000097,0.29999999999999716,2.1300000000000097,1.289999999999992,2.1300000000000097,1.9699999999999989,,,,0.019264523120650977,0.013485166184455685,False,False,False,False,192
60d,SOL/USDT:USDT,2026-04-20T05:30:00+00:00,15m_fast,supertrend_trend,trending,SHORT,58.51,83.86,1.5286971697921126,88.44609151,74.68781698,4.586091510000003,False,ALLOW_15M_FAST,2,,,,True,0.1599999999999966,1.8799999999999955,0.1599999999999966,1.8799999999999955,0.1599999999999966,2.3299999999999983,0.1599999999999966,4.320000000000007,,,,0.018285723217066802,0.012800006251946761,False,False,False,False,192
60d,SOL/USDT:USDT,2026-04-21T20:00:00+00:00,adaptive_trend_route,adaptive_trend,ranging,SHORT,72.8,84.53,1.4149901499915882,88.06747537497897,77.45504925004207,3.5374753749789676,False,ALLOW_ADAPTIVE_TREND_ROUTE,8,False,False,True,False,0.12999999999999545,1.5799999999999983,0.12999999999999545,3.3299999999999983,0.12999999999999545,4.760000000000005,0.12999999999999545,4.760000000000005,555.0,,,0.02389557270077183,0.01672690089054028,False,False,False,False,192
60d,SOL/USDT:USDT,2026-04-22T04:00:00+00:00,adaptive_trend_route,adaptive_trend,ranging,LONG,78.53,87.21,1.4684864048396855,83.53878398790079,94.55243202419842,3.671216012099208,False,ALLOW_ADAPTIVE_TREND_ROUTE,24,,,,True,1.1200000000000045,0.2799999999999869,1.6700000000000017,0.2799999999999869,2.0800000000000125,1.789999999999992,2.0800000000000125,2.789999999999992,,,,0.02375507181069772,0.016628550267488402,False,False,False,False,192
60d,SOL/USDT:USDT,2026-04-23T20:00:00+00:00,adaptive_trend_route,adaptive_trend,ranging,SHORT,67.72,85.24,1.3596352127293865,88.63908803182346,78.44182393635306,3.3990880318234673,False,ALLOW_ADAPTIVE_TREND_ROUTE,8,,,,True,0.01999999999999602,0.9699999999999989,0.01999999999999602,1.0799999999999983,0.44999999999998863,1.5100000000000051,0.44999999999998863,1.6800000000000068,,,,0.025077314621437544,0.01755412023500628,False,False,False,False,192
60d,SOL/USDT:USDT,2026-04-25T04:00:00+00:00,adaptive_trend_route,adaptive_trend,ranging,LONG,68.31,86.42,1.1595156468396597,83.52121088290085,92.2175782341983,2.898789117099156,False,ALLOW_ADAPTIVE_TREND_ROUTE,24,,,,True,0.20999999999999375,0.3500000000000085,0.3499999999999943,0.3500000000000085,0.3499999999999943,0.9399999999999977,1.6599999999999966,0.9399999999999977,,,,0.02981244806330764,0.020868713644315348,False,False,False,False,192
60d,SOL/USDT:USDT,2026-04-26T08:00:00+00:00,adaptive_trend_route,adaptive_trend,ranging,LONG,63.07,86.59,0.9561984999330285,84.19950375016744,91.37099249966515,2.390496249832566,False,ALLOW_ADAPTIVE_TREND_ROUTE,48,,,,True,0.14000000000000057,0.21000000000000796,0.14000000000000057,0.7600000000000051,1.4899999999999949,1.2999999999999972,1.4899999999999949,1.2999999999999972,,,,0.036222604409467236,0.025355823086627066,False,False,False,True,96
60d,SUI/USDT:USDT,2026-02-27T05:00:00+00:00,1h_continuation,supertrend_trend,trending,LONG,71.31,0.9498,0.028430471576759698,0.86450859,1.12038283,0.08529140999999996,True,(allowed),8,,,,True,0.009400000000000075,0.008299999999999974,0.010199999999999987,0.04139999999999999,0.010199999999999987,0.06819999999999993,0.010199999999999987,0.12429999999999997,,,,0.011135939715382832,0.007795157800767983,False,False,False,False,192
60d,SUI/USDT:USDT,2026-02-27T05:00:00+00:00,aligned_trend,supertrend_trend,trending,LONG,48.48,0.9498,0.028430471576759698,0.86450859,1.12038283,0.08529140999999996,False,ALLOW_ALIGNED_TREND,2,,,,True,0.009400000000000075,0.008299999999999974,0.010199999999999987,0.04139999999999999,0.010199999999999987,0.06819999999999993,0.010199999999999987,0.12429999999999997,,,,0.011135939715382832,0.007795157800767983,False,False,False,False,192
60d,SUI/USDT:USDT,2026-02-27T08:00:00+00:00,aligned_trend,supertrend_trend,trending,LONG,48.16,0.9512,0.02760686646413401,0.8683794,1.1168412,0.08282060000000002,False,ALLOW_ALIGNED_TREND,2,False,False,True,False,0.008799999999999919,0.039100000000000024,0.008799999999999919,0.0504,0.008799999999999919,0.11510000000000009,0.008799999999999919,0.12570000000000003,1335.0,,,0.011485065309838371,0.00803954571688686,False,False,False,False,192
60d,SUI/USDT:USDT,2026-02-27T12:00:00+00:00,4h_flip,supertrend_trend,trending,SHORT,74.28,0.9164,0.029056376002410147,1.00356913,0.74206174,0.08716913000000004,True,(allowed),8,True,,,False,0.015599999999999947,0.0026000000000000467,0.025699999999999945,0.0026000000000000467,0.09089999999999998,0.0026000000000000467,0.09089999999999998,0.03259999999999996,,1320.0,,0.010512896021791196,0.007359027215253836,False,False,False,False,192
60d,SUI/USDT:USDT,2026-02-28T04:00:00+00:00,15m_fast,supertrend_trend,trending,SHORT,52.39,0.8922,0.026555168549688573,0.97186551,0.73286899,0.07966551,False,ALLOW_15M_FAST,1,,,,True,0.05610000000000004,0.0015000000000000568,0.06669999999999998,0.0015000000000000568,0.06669999999999998,0.05679999999999996,0.06669999999999998,0.05679999999999996,,,,0.01119932578100611,0.007839528046704278,False,False,False,False,192
60d,SUI/USDT:USDT,2026-03-01T00:00:00+00:00,4h_flip,supertrend_trend,trending,LONG,68.01,0.9035,0.030636754024215212,0.81158974,1.08732052,0.09191026000000002,True,(allowed),8,,,,True,0.045499999999999985,0.014100000000000001,0.045499999999999985,0.014100000000000001,0.045499999999999985,0.03759999999999997,0.0635,0.03759999999999997,,,,0.009830240932840358,0.00688116865298825,False,False,False,False,192
60d,SUI/USDT:USDT,2026-03-04T12:00:00+00:00,adaptive_trend_route,adaptive_trend,ranging,LONG,71.7,0.9332,0.03101676799841852,0.8556580800039537,1.0882838399920927,0.07754191999604632,False,ALLOW_ADAPTIVE_TREND_ROUTE,8,,,,True,0.04499999999999993,0.011800000000000033,0.059699999999999975,0.011800000000000033,0.059699999999999975,0.011800000000000033,0.059699999999999975,0.011800000000000033,,,,0.012034780671507511,0.008424346470055258,False,False,False,False,192
60d,SUI/USDT:USDT,2026-03-05T13:00:00+00:00,1h_continuation,supertrend_trend,trending,LONG,61.02,0.9801,0.03095116003505109,0.88724652,1.16580696,0.09285347999999993,True,(allowed),6,,,,True,0.0009000000000000119,0.05669999999999997,0.0009000000000000119,0.05669999999999997,0.0009000000000000119,0.05669999999999997,0.0009000000000000119,0.08979999999999999,,,,0.01055533944446671,0.007388737611126696,False,False,False,False,192
60d,SUI/USDT:USDT,2026-03-06T16:00:00+00:00,4h_flip,supertrend_trend,trending,SHORT,66.89,0.8993,0.031758875948466,0.99457663,0.70874674,0.09527662999999997,True,(allowed),8,,,,True,0.009000000000000008,0.007900000000000018,0.009000000000000008,0.007900000000000018,0.009000000000000008,0.01429999999999998,0.026100000000000012,0.01429999999999998,,,,0.009438830907432392,0.0066071816352026745,False,False,False,False,192
60d,SUI/USDT:USDT,2026-03-07T12:00:00+00:00,adaptive_trend_route,adaptive_trend,ranging,SHORT,74.52,0.9058,0.025781145556043963,0.97025286389011,0.7768942722197802,0.06445286389010996,False,ALLOW_ADAPTIVE_TREND_ROUTE,8,,,,True,0.0122000000000001,0.0010999999999999899,0.01860000000000006,0.0010999999999999899,0.03260000000000007,0.0044999999999999485,0.0414000000000001,0.012899999999999912,,,,0.014053681176128336,0.009837576823289835,False,False,False,False,192
60d,SUI/USDT:USDT,2026-03-08T00:00:00+00:00,adaptive_trend_route,adaptive_trend,ranging,SHORT,76.17,0.8946,0.023481879295418583,0.9533046982385465,0.777190603522907,0.058704698238546515,False,ALLOW_ADAPTIVE_TREND_ROUTE,8,,,,True,0.019899999999999918,0.0009000000000000119,0.021399999999999975,0.0009000000000000119,0.030200000000000005,0.015700000000000047,0.030200000000000005,0.0939000000000001,,,,0.015238984729378784,0.010667289310565148,False,False,False,False,192
60d,SUI/USDT:USDT,2026-03-09T12:00:00+00:00,adaptive_trend_route,adaptive_trend,ranging,SHORT,69.67,0.9042,0.02397566312516839,0.964139157812921,0.7843216843741581,0.05993915781292103,False,ALLOW_ADAPTIVE_TREND_ROUTE,8,False,False,True,False,9.999999999998899e-05,0.030200000000000005,9.999999999998899e-05,0.08430000000000004,9.999999999998899e-05,0.08430000000000004,9.999999999998899e-05,0.10599999999999998,435.0,,,0.015085297041078586,0.01055970792875501,False,False,False,False,192
60d,SUI/USDT:USDT,2026-03-09T20:00:00+00:00,adaptive_trend_route,adaptive_trend,ranging,LONG,85.0,0.9718,0.02705401565384417,0.9041649608653896,1.1070700782692209,0.06763503913461044,False,ALLOW_ADAPTIVE_TREND_ROUTE,8,,,,True,0.0026000000000000467,0.033399999999999985,0.0026000000000000467,0.03620000000000001,0.03839999999999999,0.03620000000000001,0.03839999999999999,0.03620000000000001,,,,0.014368292122458565,0.010057804485720996,False,False,False,False,192
60d,SUI/USDT:USDT,2026-03-10T15:00:00+00:00,15m_fast,supertrend_trend,trending,LONG,57.12,1.0031,0.02686004115705548,0.92251988,1.16426025,0.08058012000000014,False,ALLOW_15M_FAST,2,,,,True,0.007099999999999884,0.041100000000000136,0.007099999999999884,0.05520000000000014,0.007099999999999884,0.06050000000000011,0.007099999999999884,0.06050000000000011,,,,0.012448479848379455,0.00871393589386562,False,False,False,False,192
60d,SUI/USDT:USDT,2026-03-11T14:00:00+00:00,1h_continuation,supertrend_trend,trending,LONG,70.69,0.971,0.026593049916654336,0.89122085,1.1305583,0.07977915000000002,True,(allowed),8,,,,True,0.019399999999999973,0.011299999999999977,0.026900000000000035,0.011299999999999977,0.026900000000000035,0.011299999999999977,0.08379999999999999,0.012900000000000023,,,,0.012171099842502706,0.008519769889751894,False,False,False,False,192
60d,SUI/USDT:USDT,2026-03-11T14:00:00+00:00,aligned_trend,supertrend_trend,trending,LONG,48.02,0.971,0.026593049916654336,0.89122085,1.1305583,0.07977915000000002,False,ALLOW_ALIGNED_TREND,8,,,,True,0.019399999999999973,0.011299999999999977,0.026900000000000035,0.011299999999999977,0.026900000000000035,0.011299999999999977,0.08379999999999999,0.012900000000000023,,,,0.012171099842502706,0.008519769889751894,False,False,False,False,192
60d,SUI/USDT:USDT,2026-03-12T08:00:00+00:00,15m_fast,supertrend_trend,trending,LONG,60.08,0.9793,0.02598352524748679,0.90134942,1.13520115,0.07795057999999999,False,ALLOW_15M_FAST,1,,,,True,0.007100000000000106,0.008499999999999952,0.01330000000000009,0.021199999999999997,0.06490000000000007,0.021199999999999997,0.07550000000000001,0.021199999999999997,,,,0.012563088048863781,0.008794161634204647,False,False,False,False,192
60d,SUI/USDT:USDT,2026-03-12T08:00:00+00:00,aligned_trend,supertrend_trend,trending,LONG,51.75,0.9793,0.02598352524748679,0.90134942,1.13520115,0.07795057999999999,False,ALLOW_ALIGNED_TREND,8,,,,True,0.007100000000000106,0.008499999999999952,0.01330000000000009,0.021199999999999997,0.06490000000000007,0.021199999999999997,0.07550000000000001,0.021199999999999997,,,,0.012563088048863781,0.008794161634204647,False,False,False,False,192
60d,SUI/USDT:USDT,2026-03-12T13:00:00+00:00,aligned_trend,supertrend_trend,trending,LONG,52.08,0.9875,0.02524184487266631,0.91177447,1.13895107,0.07572553000000004,False,ALLOW_ALIGNED_TREND,2,,,,True,0.0018999999999999018,0.029400000000000093,0.0018999999999999018,0.029400000000000093,0.06489999999999996,0.029400000000000093,0.06729999999999992,0.029400000000000093,,,,0.013040516190510646,0.00912836133335745,False,False,False,False,192
60d,SUI/USDT:USDT,2026-03-12T23:30:00+00:00,15m_fast,supertrend_trend,trending,LONG,59.8,0.9884,0.025531488691227587,0.91180553,1.14158893,0.07659446999999997,False,ALLOW_15M_FAST,1,,,,True,0.04310000000000014,0.0023999999999999577,0.05580000000000007,0.0023999999999999577,0.06640000000000001,0.0023999999999999577,0.06640000000000001,0.010099999999999998,,,,0.012904325860600646,0.009033028102420453,False,False,False,False,192
60d,SUI/USDT:USDT,2026-03-13T00:00:00+00:00,aligned_trend,supertrend_trend,trending,LONG,51.49,0.9902,0.025493525213282762,0.91371942,1.14316115,0.07648058000000002,False,ALLOW_ALIGNED_TREND,8,,,,True,0.041300000000000114,0.0041999999999999815,0.05400000000000005,0.0041999999999999815,0.06459999999999999,0.0041999999999999815,0.06459999999999999,0.011900000000000022,,,,0.012947077545698524,0.009062954281988967,False,False,False,False,192
60d,SUI/USDT:USDT,2026-03-15T00:00:00+00:00,1h_continuation,supertrend_trend,trending,LONG,71.85,1.0005,0.02276228237520327,0.93221315,1.13707369,0.0682868499999999,True,(allowed),8,,,,True,0.01750000000000007,0.005699999999999927,0.01750000000000007,0.005699999999999927,0.03290000000000015,0.008399999999999963,0.08360000000000012,0.008399999999999963,,,,0.014651429960526827,0.01025600097236878,False,False,False,False,192
60d,SUI/USDT:USDT,2026-03-15T00:00:00+00:00,aligned_trend,supertrend_trend,trending,LONG,48.89,1.0005,0.02276228237520327,0.93221315,1.13707369,0.0682868499999999,False,ALLOW_ALIGNED_TREND,8,,,,True,0.01750000000000007,0.005699999999999927,0.01750000000000007,0.005699999999999927,0.03290000000000015,0.008399999999999963,0.08360000000000012,0.008399999999999963,,,,0.014651429960526827,0.01025600097236878,False,False,False,False,192
60d,SUI/USDT:USDT,2026-03-15T15:00:00+00:00,15m_fast,supertrend_trend,trending,LONG,64.23,1.0038,0.021540355094140505,0.93917893,1.13304213,0.06462107000000006,False,ALLOW_15M_FAST,2,True,,,False,0.010399999999999965,0.008900000000000019,0.02960000000000007,0.008900000000000019,0.07410000000000005,0.008900000000000019,0.08030000000000004,0.008900000000000019,,885.0,,0.015533633225200374,0.010873543257640261,False,False,False,False,192
60d,SUI/USDT:USDT,2026-03-15T18:00:00+00:00,aligned_trend,supertrend_trend,trending,LONG,48.86,1.009,0.021008901158844757,0.9459733,1.13505341,0.06302669999999988,False,ALLOW_ALIGNED_TREND,2,True,,,False,0.007400000000000073,0.00979999999999992,0.0244000000000002,0.00979999999999992,0.06890000000000018,0.00979999999999992,0.07510000000000017,0.00979999999999992,,840.0,,0.016009088211821367,0.011206361748274957,False,False,False,False,192
60d,SUI/USDT:USDT,2026-03-15T22:00:00+00:00,aligned_trend,supertrend_trend,trending,LONG,48.79,1.0151,0.02072969393321299,0.95291092,1.13947816,0.0621890799999999,False,ALLOW_ALIGNED_TREND,8,True,,,False,0.018300000000000205,0.00869999999999993,0.05470000000000019,0.00869999999999993,0.06280000000000019,0.00869999999999993,0.06900000000000017,0.00869999999999993,,600.0,,0.01632280136641355,0.011425960956489484,False,False,False,False,192
60d,SUI/USDT:USDT,2026-03-16T17:00:00+00:00,15m_fast,supertrend_trend,trending,LONG,60.98,1.0564,0.0239073268384164,0.98467802,1.19984396,0.07172197999999996,False,ALLOW_15M_FAST,1,,,,True,0.008399999999999963,0.005800000000000027,0.027700000000000058,0.005800000000000027,0.027700000000000058,0.04760000000000009,0.027700000000000058,0.08809999999999996,,,,0.01472909699369706,0.010310367895587941,False,False,False,False,192
60d,SUI/USDT:USDT,2026-03-17T16:00:00+00:00,4h_flip,supertrend_trend,trending,SHORT,79.78,1.0209,0.024656638968139577,1.09486992,0.87296017,0.07396992000000013,True,(allowed),8,,,,True,0.0005999999999999339,0.01770000000000005,0.0005999999999999339,0.022299999999999986,0.05259999999999987,0.028200000000000003,0.08409999999999995,0.028200000000000003,,,,0.013801556091989799,0.00966108926439286,False,False,False,False,192
60d,SUI/USDT:USDT,2026-03-18T12:00:00+00:00,1h_continuation,supertrend_trend,trending,SHORT,53.92,1.0022,0.025202711579247927,1.07780813,0.85098373,0.07560813,True,(allowed),4,,,,True,0.03389999999999993,0.0022999999999999687,0.03389999999999993,0.0022999999999999687,0.0494,0.0022999999999999687,0.06540000000000001,0.0022999999999999687,,,,0.0132551882978722,0.00927863180851054,False,False,False,False,192
60d,SUI/USDT:USDT,2026-03-19T05:30:00+00:00,15m_fast,supertrend_trend,trending,SHORT,60.84,0.9762,0.024814156742370367,1.05064247,0.82731506,0.07444247000000015,False,ALLOW_15M_FAST,2,,,,True,0.023399999999999976,0.0019000000000000128,0.03489999999999993,0.0019000000000000128,0.03939999999999999,0.0030999999999999917,0.03939999999999999,0.008700000000000041,,,,0.013113482129220028,0.009179437490454018,False,False,False,False,192
60d,SUI/USDT:USDT,2026-03-20T19:00:00+00:00,1h_continuation,supertrend_trend,trending,SHORT,68.76,0.9554,0.02210478024039746,1.02171434,0.82277132,0.06631433999999992,True,(allowed),8,,,,True,0.007299999999999973,0.015900000000000025,0.007299999999999973,0.015900000000000025,0.007299999999999973,0.015900000000000025,0.04620000000000002,0.015900000000000025,,,,0.014407140295749023,0.010084998207024316,False,False,False,False,192
60d,SUI/USDT:USDT,2026-03-20T19:00:00+00:00,aligned_trend,supertrend_trend,trending,SHORT,46.57,0.9554,0.02210478024039746,1.02171434,0.82277132,0.06631433999999992,False,ALLOW_ALIGNED_TREND,4,,,,True,0.007299999999999973,0.015900000000000025,0.007299999999999973,0.015900000000000025,0.007299999999999973,0.015900000000000025,0.04620000000000002,0.015900000000000025,,,,0.014407140295749023,0.010084998207024316,False,False,False,False,192
60d,SUI/USDT:USDT,2026-03-21T08:00:00+00:00,15m_fast,supertrend_trend,trending,SHORT,54.39,0.9629,0.019901880165712003,1.02260564,0.84348872,0.059705640000000115,False,ALLOW_15M_FAST,1,,,,True,0.0030999999999999917,0.0050000000000000044,0.0045999999999999375,0.005099999999999993,0.04749999999999999,0.005099999999999993,0.0726,0.005099999999999993,,,,0.01612745462572712,0.011289218238008982,False,False,False,False,192
60d,SUI/USDT:USDT,2026-03-22T08:00:00+00:00,15m_fast,supertrend_trend,trending,SHORT,53.08,0.9289,0.019789754773837345,0.98826926,0.81016147,0.05936926000000009,False,ALLOW_15M_FAST,1,,,,True,0.011099999999999999,0.0007000000000000339,0.011099999999999999,0.0007000000000000339,0.03859999999999997,0.0007000000000000339,0.03859999999999997,0.04200000000000004,,,,0.01564614414934595,0.010952300904542163,False,False,False,False,192
60d,SUI/USDT:USDT,2026-03-23T06:30:00+00:00,15m_fast,supertrend_trend,trending,SHORT,53.13,0.9098,0.018870372127763695,0.96641112,0.79657777,0.056611119999999904,False,ALLOW_15M_FAST,1,False,False,True,False,0.019500000000000073,0.0,0.019500000000000073,0.056399999999999895,0.019500000000000073,0.06109999999999993,0.019500000000000073,0.06109999999999993,510.0,,,0.016071047525645168,0.011249733267951617,False,False,False,False,192
60d,SUI/USDT:USDT,2026-03-23T12:00:00+00:00,4h_flip,supertrend_trend,trending,LONG,83.16,0.9404,0.02342445351832686,0.87012664,1.08094672,0.07027336000000006,True,(allowed),8,,,,True,0.03049999999999997,0.008000000000000007,0.03049999999999997,0.008000000000000007,0.03049999999999997,0.008000000000000007,0.03500000000000003,0.012199999999999989,,,,0.013382026987182613,0.00936741889102783,False,False,False,False,192
60d,SUI/USDT:USDT,2026-03-25T00:00:00+00:00,1h_continuation,supertrend_trend,trending,LONG,51.29,0.9522,0.022529349668572174,0.88461195,1.0873761,0.06758805000000001,True,(allowed),4,,,,True,0.00649999999999995,0.009000000000000008,0.012499999999999956,0.009000000000000008,0.0232,0.009000000000000008,0.0232,0.04380000000000006,,,,0.014088289275988874,0.009861802493192214,False,False,False,False,192
60d,SUI/USDT:USDT,2026-03-25T04:30:00+00:00,15m_fast,supertrend_trend,trending,LONG,52.95,0.9528,0.02202725326367416,0.88671824,1.08496352,0.06608175999999999,False,ALLOW_15M_FAST,1,,,,True,0.014000000000000012,0.0018000000000000238,0.022600000000000064,0.0018000000000000238,0.022600000000000064,0.0040999999999999925,0.022600000000000064,0.044399999999999995,,,,0.014418502170644366,0.010092951519451056,False,False,False,False,192
60d,SUI/USDT:USDT,2026-03-25T19:30:00+00:00,15m_fast,supertrend_trend,trending,LONG,56.09,0.9666,0.021306550809144363,0.90268035,1.0944393,0.06391965,False,ALLOW_15M_FAST,1,,,,True,0.008099999999999996,0.008900000000000019,0.008099999999999996,0.017900000000000027,0.008099999999999996,0.05820000000000003,0.008099999999999996,0.09540000000000004,,,,0.01512211033696211,0.010585477235873476,False,False,False,False,192
60d,SUI/USDT:USDT,2026-03-26T00:00:00+00:00,adaptive_trend_route,adaptive_trend,ranging,LONG,68.28,0.9681,0.020620444320129584,0.916548889199676,1.0712022216006478,0.05155111080032393,False,ALLOW_ADAPTIVE_TREND_ROUTE,8,False,False,True,False,0.0018000000000000238,0.019399999999999973,0.0018000000000000238,0.03249999999999997,0.0018000000000000238,0.059699999999999975,0.0018000000000000238,0.09859999999999991,900.0,,,0.018779420752926178,0.013145594527048325,False,False,False,False,192
60d,SUI/USDT:USDT,2026-03-26T12:00:00+00:00,adaptive_trend_route,adaptive_trend,ranging,SHORT,83.97,0.924,0.020420669158646033,0.9750516728966151,0.8218966542067698,0.05105167289661505,False,ALLOW_ADAPTIVE_TREND_ROUTE,16,,,,True,0.014500000000000068,0.011699999999999933,0.015600000000000058,0.011699999999999933,0.0383,0.011699999999999933,0.05449999999999999,0.011699999999999933,,,,0.01809930894666657,0.012669516262666599,False,False,False,False,192
60d,SUI/USDT:USDT,2026-03-27T04:30:00+00:00,15m_fast,supertrend_trend,ranging,SHORT,49.62,0.9253,0.019463211470223073,0.97395803,0.82798394,0.04865803000000002,False,ALLOW_15M_FAST,1,True,,,False,0.007399999999999962,0.0043999999999999595,0.03959999999999997,0.0043999999999999595,0.05579999999999996,0.0043999999999999595,0.09199999999999997,0.0043999999999999595,,855.0,,0.019016388456334948,0.013311471919434464,False,False,False,False,192
60d,SUI/USDT:USDT,2026-03-29T00:00:00+00:00,1h_continuation,supertrend_trend,trending,SHORT,59.29,0.859,0.019861438449200415,0.91858432,0.73983137,0.059584320000000024,True,(allowed),6,,,,True,0.006399999999999961,0.011900000000000022,0.006399999999999961,0.011900000000000022,0.040200000000000014,0.011900000000000022,0.040200000000000014,0.033499999999999974,,,,0.014416544486871708,0.010091581140810196,False,False,False,False,192
60d,SUI/USDT:USDT,2026-03-29T13:00:00+00:00,15m_fast,supertrend_trend,trending,SHORT,49.39,0.8564,0.01826905257758502,0.91120716,0.74678568,0.054807159999999966,False,ALLOW_15M_FAST,1,,,,True,0.017100000000000004,0.00019999999999997797,0.019300000000000095,0.00019999999999997797,0.03760000000000008,0.03609999999999991,0.03760000000000008,0.03609999999999991,,,,0.015625695620791163,0.010937986934553813,False,False,False,False,192
60d,SUI/USDT:USDT,2026-03-29T23:00:00+00:00,15m_fast,supertrend_trend,trending,SHORT,51.55,0.8407,0.018017193293938104,0.89475158,0.73259684,0.05405157999999999,False,ALLOW_15M_FAST,1,,,,True,0.0009000000000000119,0.03649999999999998,0.0009000000000000119,0.03649999999999998,0.0009000000000000119,0.05179999999999996,0.0009000000000000119,0.05179999999999996,,,,0.01555366189110476,0.010887563323773332,False,False,False,False,192
60d,SUI/USDT:USDT,2026-03-30T08:00:00+00:00,4h_flip,supertrend_trend,trending,LONG,82.03,0.882,0.019355894193433677,0.82393232,0.99813537,0.058067679999999955,True,(allowed),8,,,,True,0.010499999999999954,0.006500000000000061,0.010499999999999954,0.006700000000000039,0.010499999999999954,0.026499999999999968,0.023299999999999987,0.030000000000000027,,,,0.015189172358875035,0.010632420651212525,False,False,False,False,192
60d,SUI/USDT:USDT,2026-03-31T02:00:00+00:00,1h_continuation,supertrend_trend,trending,LONG,59.14,0.8797,0.019029880624184176,0.82261036,0.99387928,0.05708964000000005,True,(allowed),6,,,,True,0.0036999999999999256,0.013400000000000079,0.0036999999999999256,0.027700000000000058,0.009199999999999986,0.027700000000000058,0.034499999999999975,0.027700000000000058,,,,0.015409100495291253,0.010786370346703877,False,False,False,False,192
60d,SUI/USDT:USDT,2026-03-31T17:00:00+00:00,1h_continuation,supertrend_trend,trending,LONG,55.59,0.8748,0.019286797701669207,0.81693961,0.99052079,0.057860389999999984,True,(allowed),4,,,,True,0.014100000000000001,0.0035000000000000586,0.014100000000000001,0.005299999999999971,0.033499999999999974,0.005299999999999971,0.03939999999999999,0.033499999999999974,,,,0.015119151460956283,0.010583406022669398,False,False,False,False,192
60d,SUI/USDT:USDT,2026-04-01T05:00:00+00:00,15m_fast,supertrend_trend,trending,LONG,45.06,0.8815,0.019092636498020128,0.82422209,0.99605582,0.05727790999999993,False,ALLOW_15M_FAST,1,,,,True,0.023800000000000043,0.0036999999999999256,0.023800000000000043,0.0036999999999999256,0.03270000000000006,0.02739999999999998,0.03270000000000006,0.0401999999999999,,,,0.015389877179526995,0.010772914025668896,False,False,False,False,192
60d,SUI/USDT:USDT,2026-04-01T13:00:00+00:00,15m_fast,supertrend_trend,trending,LONG,52.83,0.8943,0.01945793657227246,0.83592619,1.01104762,0.05837380999999997,False,ALLOW_15M_FAST,1,,,,True,0.014000000000000012,0.010099999999999998,0.01990000000000003,0.010099999999999998,0.01990000000000003,0.04910000000000003,0.01990000000000003,0.052999999999999936,,,,0.015320226656440627,0.010724158659508438,False,False,False,False,192
60d,SUI/USDT:USDT,2026-04-01T16:00:00+00:00,15m_fast,supertrend_trend,trending,LONG,57.98,0.9009,0.019289512531395856,0.84303146,1.01663708,0.05786854000000008,False,ALLOW_15M_FAST,2,False,False,True,False,0.013299999999999979,0.009600000000000053,0.013299999999999979,0.02080000000000004,0.013299999999999979,0.059599999999999986,0.013299999999999979,0.059599999999999986,1290.0,,,0.015568044398562653,0.010897631078993856,False,False,False,False,192
60d,SUI/USDT:USDT,2026-04-02T04:00:00+00:00,4h_flip,supertrend_trend,trending,SHORT,67.24,0.8583,0.02076332326219996,0.92058997,0.73372006,0.06228997000000003,True,(allowed),8,,,,True,0.00539999999999996,0.01200000000000001,0.0131,0.01200000000000001,0.016999999999999904,0.01200000000000001,0.016999999999999904,0.027100000000000013,,,,0.013779104404770136,0.009645373083339093,False,False,False,False,192
60d,SUI/USDT:USDT,2026-04-02T18:00:00+00:00,15m_fast,supertrend_trend,ranging,SHORT,56.31,0.8526,0.020596946504028168,0.90409237,0.74961527,0.051492369999999954,False,ALLOW_15M_FAST,2,,,,True,0.0019000000000000128,0.014100000000000001,0.0019000000000000128,0.014100000000000001,0.0019000000000000128,0.03279999999999994,0.0019000000000000128,0.03279999999999994,,,,0.016557792931263422,0.011590455051884396,False,False,False,False,192
60d,SUI/USDT:USDT,2026-04-04T04:00:00+00:00,adaptive_trend_route,adaptive_trend,ranging,SHORT,71.83,0.8694,0.016271468784898383,0.9100786719622459,0.788042656075508,0.04067867196224595,False,ALLOW_ADAPTIVE_TREND_ROUTE,56,,,,True,0.0010000000000000009,0.005300000000000082,0.0046999999999999265,0.005300000000000082,0.008999999999999897,0.009700000000000042,0.03369999999999995,0.0242,,,,0.021372379137816835,0.014960665396471784,False,False,False,False,192
60d,SUI/USDT:USDT,2026-04-05T22:30:00+00:00,15m_fast,supertrend_trend,trending,SHORT,52.44,0.8454,0.013748364692108524,0.88664509,0.76290981,0.041245089999999984,False,ALLOW_15M_FAST,1,False,False,True,False,0.000300000000000078,0.04569999999999996,0.000300000000000078,0.05219999999999991,0.000300000000000078,0.07769999999999999,0.000300000000000078,0.07769999999999999,210.0,,,0.02049698521690704,0.014347889651834927,False,False,False,False,192
60d,SUI/USDT:USDT,2026-04-06T04:00:00+00:00,4h_flip,supertrend_trend,trending,LONG,67.94,0.8866,0.01593762057635888,0.83878714,0.98222572,0.04781286000000007,True,(allowed),8,,,,True,0.010999999999999899,0.00770000000000004,0.03649999999999998,0.00770000000000004,0.03649999999999998,0.023800000000000043,0.09169999999999989,0.028300000000000103,,,,0.018543128355007394,0.012980189848505174,False,False,False,False,192
60d,SUI/USDT:USDT,2026-04-07T10:00:00+00:00,1h_continuation,supertrend_trend,trending,LONG,61.52,0.8831,0.017524136801061137,0.83052759,0.98824482,0.052572410000000014,True,(allowed),6,True,,,False,0.0027000000000000357,0.024800000000000044,0.0027000000000000357,0.024800000000000044,0.09519999999999995,0.024800000000000044,0.09519999999999995,0.024800000000000044,,750.0,,0.016797784237017093,0.011758448965911964,False,False,False,False,192
60d,SUI/USDT:USDT,2026-04-07T20:00:00+00:00,1h_continuation,supertrend_trend,trending,LONG,60.17,0.8909,0.018378472504348153,0.83576458,1.00117084,0.055135420000000046,True,(allowed),6,True,,,False,0.08499999999999996,0.0007000000000000339,0.08739999999999992,0.0007000000000000339,0.08739999999999992,0.0007000000000000339,0.08739999999999992,0.0007000000000000339,,165.0,,0.016158396907106163,0.011310877834974314,False,False,False,False,192
60d,SUI/USDT:USDT,2026-04-08T13:30:00+00:00,15m_fast,supertrend_trend,trending,LONG,45.7,0.9499,0.022655566774174487,0.8819333,1.0858334,0.06796669999999994,False,ALLOW_15M_FAST,1,,,,True,0.0031999999999999806,0.030100000000000016,0.0031999999999999806,0.03379999999999994,0.0031999999999999806,0.05069999999999997,0.01990000000000003,0.05069999999999997,,,,0.013975961757743143,0.0097831732304202,False,False,False,False,192
60d,SUI/USDT:USDT,2026-04-09T04:00:00+00:00,4h_flip,supertrend_trend,trending,SHORT,71.48,0.9084,0.022245404066982444,0.97513621,0.77492758,0.06673620999999996,True,(allowed),8,,,,True,0.0027000000000000357,0.0046000000000000485,0.0040000000000000036,0.007800000000000029,0.0045999999999999375,0.06140000000000001,0.0045999999999999375,0.06140000000000001,,,,0.013611800849943389,0.009528260594960373,False,False,False,False,192
60d,SUI/USDT:USDT,2026-04-10T08:00:00+00:00,15m_fast,supertrend_trend,trending,SHORT,46.24,0.9274,0.02205536097319103,0.99356608,0.79506783,0.06616608000000002,False,ALLOW_15M_FAST,1,,,,True,0.0040000000000000036,0.010700000000000043,0.0040000000000000036,0.025399999999999978,0.0040000000000000036,0.03490000000000004,0.022599999999999953,0.03610000000000002,,,,0.014016245181821256,0.009811371627274879,False,False,False,False,192
60d,SUI/USDT:USDT,2026-04-10T08:00:00+00:00,1h_continuation,supertrend_trend,trending,SHORT,53.32,0.9274,0.02205536097319103,0.99356608,0.79506783,0.06616608000000002,True,(allowed),4,,,,True,0.0040000000000000036,0.010700000000000043,0.0040000000000000036,0.025399999999999978,0.0040000000000000036,0.03490000000000004,0.022599999999999953,0.03610000000000002,,,,0.014016245181821256,0.009811371627274879,False,False,False,False,192
60d,SUI/USDT:USDT,2026-04-10T20:00:00+00:00,4h_flip,supertrend_trend,trending,LONG,81.13,0.9585,0.02148299127481804,0.89405103,1.08739795,0.06444897000000005,True,(allowed),8,,,,True,0.0010999999999999899,0.01639999999999997,0.0010999999999999899,0.0242,0.0044999999999999485,0.03210000000000002,0.0050000000000000044,0.06230000000000002,,,,0.014872231472434692,0.010410562030704285,False,False,False,False,192
60d,SUI/USDT:USDT,2026-04-11T17:00:00+00:00,1h_continuation,supertrend_trend,trending,LONG,72.48,0.946,0.018070885232717417,0.89178734,1.05442531,0.05421265999999991,True,(allowed),8,,,,True,0.01750000000000007,0.004899999999999904,0.01750000000000007,0.00979999999999992,0.01750000000000007,0.049799999999999955,0.01750000000000007,0.049799999999999955,,,,0.01744979862637254,0.012214859038460776,False,False,False,False,192
60d,SUI/USDT:USDT,2026-04-11T17:00:00+00:00,aligned_trend,supertrend_trend,trending,LONG,49.36,0.946,0.018070885232717417,0.89178734,1.05442531,0.05421265999999991,False,ALLOW_ALIGNED_TREND,8,,,,True,0.01750000000000007,0.004899999999999904,0.01750000000000007,0.00979999999999992,0.01750000000000007,0.049799999999999955,0.01750000000000007,0.049799999999999955,,,,0.01744979862637254,0.012214859038460776,False,False,False,False,192
60d,SUI/USDT:USDT,2026-04-12T04:00:00+00:00,4h_flip,supertrend_trend,trending,SHORT,77.31,0.9119,0.02067559579310501,0.97392679,0.78784643,0.06202679,True,(allowed),8,,,,True,0.0048000000000000265,0.0042999999999999705,0.006800000000000028,0.0042999999999999705,0.015700000000000047,0.0042999999999999705,0.015700000000000047,0.04959999999999998,,,,0.014701711953818666,0.010291198367673065,False,False,False,False,192
60d,SUI/USDT:USDT,2026-04-12T14:00:00+00:00,15m_fast,supertrend_trend,trending,SHORT,56.04,0.9009,0.019045284127728292,0.95803585,0.7866283,0.05713584999999999,False,ALLOW_15M_FAST,1,,,,True,0.0047000000000000375,0.00979999999999992,0.0047000000000000375,0.012299999999999978,0.0047000000000000375,0.019000000000000017,0.0047000000000000375,0.06059999999999999,,,,0.015767683512190687,0.011037378458533479,False,False,False,False,192
60d,SUI/USDT:USDT,2026-04-12T22:30:00+00:00,15m_fast,supertrend_trend,trending,SHORT,59.8,0.902,0.018413025599928984,0.95723908,0.79152185,0.055239079999999996,False,ALLOW_15M_FAST,2,False,False,True,False,0.0040000000000000036,0.009099999999999997,0.0040000000000000036,0.009599999999999942,0.0047000000000000375,0.05599999999999994,0.0047000000000000375,0.060699999999999976,1425.0,,,0.01632901923782945,0.011430313466480617,False,False,False,False,192
60d,SUI/USDT:USDT,2026-04-13T05:00:00+00:00,15m_fast,supertrend_trend,trending,SHORT,57.83,0.9022,0.017713272073408157,0.95533982,0.79592037,0.05313981999999995,False,ALLOW_15M_FAST,2,False,False,True,False,0.0049000000000000155,0.009399999999999964,0.0049000000000000155,0.009700000000000042,0.0049000000000000155,0.05930000000000002,0.0049000000000000155,0.0605,1035.0,,,0.01697785201380059,0.011884496409660413,False,False,False,False,192
60d,SUI/USDT:USDT,2026-04-13T07:30:00+00:00,15m_fast,supertrend_trend,trending,SHORT,57.83,0.9023,0.017713272073408157,0.95543982,0.79602037,0.05313982000000006,False,ALLOW_15M_FAST,2,False,False,True,False,0.0050000000000000044,0.0032999999999999696,0.0050000000000000044,0.02080000000000004,0.0050000000000000044,0.05920000000000003,0.0050000000000000044,0.06040000000000001,885.0,,,0.01697973384177814,0.0118858136892447,False,False,False,False,192
60d,SUI/USDT:USDT,2026-04-13T20:00:00+00:00,4h_flip,supertrend_trend,trending,LONG,67.01,0.9353,0.018069152532502346,0.88109254,1.04371492,0.054207459999999985,True,(allowed),8,,,,True,0.025499999999999967,0.009199999999999986,0.0262,0.009199999999999986,0.02739999999999998,0.011800000000000033,0.03849999999999998,0.011800000000000033,,,,0.017254082740641236,0.012077857918448866,False,False,False,False,192
60d,SUI/USDT:USDT,2026-04-14T09:00:00+00:00,15m_fast,supertrend_trend,trending,LONG,53.19,0.9491,0.018583902373873053,0.89334829,1.06060341,0.05575171000000001,False,ALLOW_15M_FAST,1,,,,True,0.0039999999999998925,0.007600000000000051,0.013599999999999945,0.011900000000000022,0.013599999999999945,0.025600000000000067,0.04069999999999996,0.025600000000000067,,,,0.01702369308492959,0.011916585159450713,False,False,False,False,192
60d,SUI/USDT:USDT,2026-04-14T14:00:00+00:00,15m_fast,supertrend_trend,trending,LONG,53.7,0.9599,0.018099337918596397,0.90560199,1.06849603,0.05429801000000001,False,ALLOW_15M_FAST,1,,,,True,0.0028000000000000247,0.024599999999999955,0.0028000000000000247,0.03639999999999999,0.0028000000000000247,0.03639999999999999,0.034700000000000064,0.03639999999999999,,,,0.017678364271545125,0.012374854990081586,False,False,False,False,192
60d,SUI/USDT:USDT,2026-04-15T13:00:00+00:00,1h_continuation,supertrend_trend,trending,LONG,66.89,0.9501,0.017960069725348582,0.89621979,1.05786042,0.053880209999999984,True,(allowed),8,,,,True,0.0040000000000000036,0.009299999999999975,0.023700000000000054,0.009299999999999975,0.03970000000000007,0.009299999999999975,0.06340000000000012,0.009299999999999975,,,,0.01763356156184247,0.012343493093289727,False,False,False,False,192
60d,SUI/USDT:USDT,2026-04-15T13:00:00+00:00,aligned_trend,supertrend_trend,trending,LONG,45.17,0.9501,0.017960069725348582,0.89621979,1.05786042,0.053880209999999984,False,ALLOW_ALIGNED_TREND,6,,,,True,0.0040000000000000036,0.009299999999999975,0.023700000000000054,0.009299999999999975,0.03970000000000007,0.009299999999999975,0.06340000000000012,0.009299999999999975,,,,0.01763356156184247,0.012343493093289727,False,False,False,False,192
60d,SUI/USDT:USDT,2026-04-15T17:00:00+00:00,aligned_trend,supertrend_trend,trending,LONG,45.36,0.9511,0.017627207602109396,0.89821838,1.05686325,0.05288161999999996,False,ALLOW_ALIGNED_TREND,8,,,,True,0.022700000000000053,0.0024999999999999467,0.022700000000000053,0.0024999999999999467,0.043500000000000094,0.0024999999999999467,0.0917,0.0024999999999999467,,,,0.017985455059810963,0.012589818541867675,False,False,False,False,192
60d,SUI/USDT:USDT,2026-04-16T02:30:00+00:00,15m_fast,supertrend_trend,trending,LONG,61.8,0.9656,0.018490296350798407,0.91012911,1.07654178,0.05547089000000005,False,ALLOW_15M_FAST,2,,,,True,0.014800000000000035,0.0031999999999999806,0.0242,0.0031999999999999806,0.047900000000000054,0.014100000000000001,0.07719999999999994,0.014100000000000001,,,,0.017407328420366054,0.012185129894256238,False,False,False,False,192
60d,SUI/USDT:USDT,2026-04-16T07:00:00+00:00,15m_fast,supertrend_trend,trending,LONG,62.54,0.9818,0.018919560897169948,0.92504132,1.09531737,0.05675868000000006,False,ALLOW_15M_FAST,2,,,,True,0.008000000000000007,0.01849999999999996,0.012800000000000034,0.030299999999999994,0.03170000000000006,0.030299999999999994,0.06099999999999994,0.030299999999999994,,,,0.017297794804248427,0.012108456362973896,False,False,False,False,192
60d,SUI/USDT:USDT,2026-04-16T13:00:00+00:00,15m_fast,supertrend_trend,trending,LONG,58.04,0.9766,0.01960207036541694,0.91779379,1.09421242,0.05880620999999997,False,ALLOW_15M_FAST,1,,,,True,0.018000000000000016,0.02510000000000001,0.030099999999999905,0.02510000000000001,0.036900000000000044,0.02510000000000001,0.06619999999999993,0.02510000000000001,,,,0.016607089625398416,0.011624962737778891,False,False,False,False,192
60d,SUI/USDT:USDT,2026-04-16T13:00:00+00:00,aligned_trend,supertrend_trend,trending,LONG,49.49,0.9766,0.01960207036541694,0.91779379,1.09421242,0.05880620999999997,False,ALLOW_ALIGNED_TREND,2,,,,True,0.018000000000000016,0.02510000000000001,0.030099999999999905,0.02510000000000001,0.036900000000000044,0.02510000000000001,0.06619999999999993,0.02510000000000001,,,,0.016607089625398416,0.011624962737778891,False,False,False,False,192
60d,SUI/USDT:USDT,2026-04-16T16:00:00+00:00,15m_fast,supertrend_trend,trending,LONG,49.1,0.985,0.0212804939107443,0.92115852,1.11268296,0.06384148,False,ALLOW_15M_FAST,1,,,,True,0.019299999999999984,0.015199999999999991,0.02850000000000008,0.015199999999999991,0.05779999999999996,0.015199999999999991,0.05779999999999996,0.028200000000000003,,,,0.015428840308839956,0.010800188216187969,False,False,False,False,192
60d,SUI/USDT:USDT,2026-04-17T08:00:00+00:00,15m_fast,supertrend_trend,trending,LONG,59.17,0.9924,0.022698164477945853,0.92430551,1.12858899,0.0680944899999999,False,ALLOW_15M_FAST,1,,,,True,0.013000000000000123,0.009899999999999909,0.0504,0.009899999999999909,0.0504,0.009899999999999909,0.0504,0.056299999999999906,,,,0.014573866402406445,0.01020170648168451,False,False,False,False,192
60d,SUI/USDT:USDT,2026-04-17T08:00:00+00:00,aligned_trend,supertrend_trend,trending,LONG,50.74,0.9924,0.022698164477945853,0.92430551,1.12858899,0.0680944899999999,False,ALLOW_ALIGNED_TREND,6,,,,True,0.013000000000000123,0.009899999999999909,0.0504,0.009899999999999909,0.0504,0.009899999999999909,0.0504,0.056299999999999906,,,,0.014573866402406445,0.01020170648168451,False,False,False,False,192
60d,SUI/USDT:USDT,2026-04-17T12:00:00+00:00,15m_fast,supertrend_trend,trending,LONG,55.96,0.9998,0.022712581300949723,0.93166226,1.13607549,0.06813774000000006,False,ALLOW_15M_FAST,1,,,,True,0.04299999999999993,0.0040999999999999925,0.04299999999999993,0.0040999999999999925,0.04299999999999993,0.04300000000000004,0.04299999999999993,0.06369999999999998,,,,0.014673219276130956,0.010271253493291667,False,False,False,False,192
60d,SUI/USDT:USDT,2026-04-18T12:00:00+00:00,4h_flip,supertrend_trend,trending,SHORT,80.14,0.9611,0.02475902663014771,1.03537708,0.81254584,0.07427708,True,(allowed),8,,,,True,0.0024999999999999467,0.010300000000000087,0.01100000000000001,0.010300000000000087,0.02499999999999991,0.010300000000000087,0.04499999999999993,0.010300000000000087,,,,0.012939388570471538,0.009057571999330076,False,False,False,False,192
60d,SUI/USDT:USDT,2026-04-19T18:00:00+00:00,1h_continuation,supertrend_trend,trending,SHORT,64.81,0.9381,0.021497638723832525,1.00259292,0.80911417,0.06449292000000006,True,(allowed),6,,,,True,0.007600000000000051,0.008599999999999941,0.02200000000000002,0.008599999999999941,0.02200000000000002,0.015699999999999936,0.02200000000000002,0.02389999999999992,,,,0.014545782699868438,0.010182047889907906,False,False,False,False,192
60d,SUI/USDT:USDT,2026-04-20T05:30:00+00:00,15m_fast,supertrend_trend,trending,SHORT,57.33,0.9301,0.022099785814963573,0.99639936,0.79750129,0.06629935999999992,False,ALLOW_15M_FAST,2,,,,True,0.0028000000000000247,0.023699999999999943,0.0028000000000000247,0.023699999999999943,0.0028000000000000247,0.02529999999999999,0.0046000000000000485,0.04589999999999994,,,,0.01402879303812286,0.009820155126686,False,False,False,False,192
60d,SUI/USDT:USDT,2026-04-21T20:00:00+00:00,adaptive_trend_route,adaptive_trend,ranging,SHORT,75.44,0.9291,0.019368367229447507,0.9775209180736188,0.8322581638527625,0.04842091807361881,False,ALLOW_ADAPTIVE_TREND_ROUTE,8,,,,True,0.0012000000000000899,0.02089999999999992,0.0012000000000000899,0.03589999999999993,0.0012000000000000899,0.04719999999999991,0.006300000000000083,0.04719999999999991,,,,0.019187988104385035,0.013431591673069523,False,False,False,False,192
60d,SUI/USDT:USDT,2026-04-22T12:00:00+00:00,adaptive_trend_route,adaptive_trend,ranging,LONG,75.15,0.9705,0.019051557591635005,0.9228711060209125,1.065757787958175,0.04762889397908754,False,ALLOW_ADAPTIVE_TREND_ROUTE,24,,,,True,0.0049000000000000155,0.006800000000000028,0.0049000000000000155,0.018500000000000072,0.0049000000000000155,0.04310000000000003,0.0049000000000000155,0.047700000000000076,,,,0.020376286722637697,0.014263400705846389,False,False,False,False,192
60d,SUI/USDT:USDT,2026-04-23T04:00:00+00:00,adaptive_trend_route,adaptive_trend,ranging,SHORT,84.47,0.9323,0.018554009693218652,0.9786850242330467,0.8395299515339067,0.04638502423304669,False,ALLOW_ADAPTIVE_TREND_ROUTE,40,,,,True,0.0015000000000000568,0.012599999999999945,0.0022999999999999687,0.012599999999999945,0.009500000000000064,0.02169999999999994,0.009500000000000064,0.023299999999999987,,,,0.020099159489837874,0.01406941164288651,False,False,False,False,192
60d,SUI/USDT:USDT,2026-04-25T16:00:00+00:00,adaptive_trend_route,adaptive_trend,ranging,SHORT,66.83,0.9404,0.014470846927939372,0.9765771173198484,0.8680457653603032,0.036177117319848406,False,ALLOW_ADAPTIVE_TREND_ROUTE,32,,,,True,0.009299999999999975,0.0027000000000000357,0.009500000000000064,0.0027000000000000357,0.009500000000000064,0.009299999999999975,0.017199999999999993,0.02290000000000003,,,,0.025994332043809746,0.018196032430666823,False,False,False,True,160
60d,SUI/USDT:USDT,2026-04-27T04:00:00+00:00,adaptive_trend_route,adaptive_trend,ranging,LONG,68.18,0.9563,0.013253779002561123,0.9231655524935972,1.0225688950128056,0.03313444750640282,False,ALLOW_ADAPTIVE_TREND_ROUTE,8,,,,True,0.007000000000000006,0.03310000000000002,0.007000000000000006,0.03310000000000002,0.007000000000000006,0.03310000000000002,0.007000000000000006,0.03310000000000002,,,,0.02886120252390528,0.020202841766733697,False,True,True,True,16
60d,XRP/USDT:USDT,2026-02-27T12:00:00+00:00,4h_flip,supertrend_trend,trending,SHORT,68.33,1.3817,0.03339838639583425,1.48189516,1.18130968,0.10019516000000017,False,(allowed),8,True,,,False,0.03049999999999997,0.0029000000000001247,0.04469999999999996,0.0029000000000001247,0.11239999999999983,0.0029000000000001247,0.11239999999999983,0.051000000000000156,,1260.0,,0.013790087265692252,0.009653061085984575,False,False,False,False,192
60d,XRP/USDT:USDT,2026-02-28T05:00:00+00:00,15m_fast,supertrend_trend,trending,SHORT,56.28,1.353,0.030461446112334006,1.44438434,1.17023132,0.09138434000000006,False,ALLOW_15M_FAST,2,,,,True,0.07069999999999999,0.0020000000000000018,0.08369999999999989,0.0020000000000000018,0.08369999999999989,0.0797000000000001,0.08369999999999989,0.0797000000000001,,,,0.014805600171758084,0.010363920120230657,False,False,False,False,192
60d,XRP/USDT:USDT,2026-03-01T00:00:00+00:00,4h_flip,supertrend_trend,trending,LONG,66.73,1.3752,0.03645565689033371,1.26583303,1.59393394,0.10936696999999995,False,(allowed),8,,,,True,0.05750000000000011,0.010399999999999965,0.05750000000000011,0.010399999999999965,0.05750000000000011,0.03909999999999991,0.05750000000000011,0.042300000000000004,,,,0.012574180303248784,0.008801926212274148,False,False,False,False,192
60d,XRP/USDT:USDT,2026-03-02T12:00:00+00:00,adaptive_trend_route,adaptive_trend,ranging,SHORT,86.08,1.3508,0.03637305607695134,1.4417326401923785,1.1689347196152433,0.09093264019237846,False,ALLOW_ADAPTIVE_TREND_ROUTE,8,,,,True,0.017900000000000027,0.06410000000000005,0.017900000000000027,0.07180000000000009,0.017900000000000027,0.07180000000000009,0.017900000000000027,0.07509999999999994,,,,0.014854951941813493,0.010398466359269444,False,False,False,False,192
60d,XRP/USDT:USDT,2026-03-03T16:00:00+00:00,adaptive_trend_route,adaptive_trend,ranging,SHORT,79.24,1.3639,0.035621435198535244,1.452953587996338,1.1857928240073237,0.08905358799633811,False,ALLOW_ADAPTIVE_TREND_ROUTE,40,False,False,True,False,0.011599999999999833,0.022500000000000187,0.016199999999999992,0.022500000000000187,0.01959999999999984,0.09960000000000013,0.01959999999999984,0.10820000000000007,1425.0,,,0.015315497451445568,0.010720848216011896,False,False,False,False,192
60d,XRP/USDT:USDT,2026-03-04T12:00:00+00:00,adaptive_trend_route,adaptive_trend,ranging,LONG,64.72,1.3984,0.035395644372824095,1.3099108890679398,1.5753782218641206,0.08848911093206024,False,ALLOW_ADAPTIVE_TREND_ROUTE,8,,,,True,0.06509999999999994,0.01670000000000016,0.07369999999999988,0.01670000000000016,0.07369999999999988,0.01670000000000016,0.07369999999999988,0.01670000000000016,,,,0.015803074358761014,0.01106215205113271,False,False,False,False,192
60d,XRP/USDT:USDT,2026-03-07T12:00:00+00:00,adaptive_trend_route,adaptive_trend,ranging,SHORT,67.84,1.3689,0.026630768052690275,1.4354769201317257,1.2357461597365487,0.06657692013172567,False,ALLOW_ADAPTIVE_TREND_ROUTE,80,,,,True,0.015200000000000102,9.999999999998899e-05,0.0233000000000001,9.999999999998899e-05,0.02839999999999998,0.0016000000000000458,0.04820000000000002,0.0016000000000000458,,,,0.020561179419107473,0.014392825593375232,False,False,False,False,192
60d,XRP/USDT:USDT,2026-03-09T07:30:00+00:00,15m_fast,supertrend_trend,ranging,SHORT,49.92,1.3368,0.024181154350320363,1.39725289,1.21589423,0.06045289000000009,False,ALLOW_15M_FAST,1,,,,True,0.0004999999999999449,0.026000000000000023,0.0004999999999999449,0.035600000000000076,0.0004999999999999449,0.05489999999999995,0.0004999999999999449,0.10539999999999994,,,,0.022113086735803665,0.015479160715062565,False,False,False,False,192
60d,XRP/USDT:USDT,2026-03-10T08:00:00+00:00,adaptive_trend_route,adaptive_trend,ranging,LONG,70.27,1.3867,0.024167648462105017,1.3262808788447376,1.5075382423105252,0.06041912115526249,False,ALLOW_ADAPTIVE_TREND_ROUTE,8,,,,True,0.03210000000000002,0.0,0.05549999999999988,0.006399999999999961,0.05549999999999988,0.014000000000000012,0.05549999999999988,0.02180000000000004,,,,0.022951343440374073,0.016065940408261852,False,False,False,False,192
60d,XRP/USDT:USDT,2026-03-11T19:00:00+00:00,1h_continuation,supertrend_trend,trending,LONG,66.17,1.4033,0.026797524630218877,1.32290743,1.56408515,0.08039256999999989,False,(allowed),8,,,,True,0.0006999999999999229,0.017300000000000093,0.0006999999999999229,0.03380000000000005,0.0006999999999999229,0.040000000000000036,0.0495000000000001,0.040000000000000036,,,,0.01745559322210998,0.012218915255476984,False,False,False,False,192
60d,XRP/USDT:USDT,2026-03-12T11:00:00+00:00,1h_continuation,supertrend_trend,trending,LONG,68.58,1.3892,0.02441473346948359,1.3159558,1.5356884,0.07324419999999998,False,(allowed),8,,,,True,0.0036000000000000476,0.025900000000000034,0.0036000000000000476,0.025900000000000034,0.048899999999999944,0.025900000000000034,0.0636000000000001,0.025900000000000034,,,,0.0189666895126167,0.013276682658831692,False,False,False,False,192
60d,XRP/USDT:USDT,2026-03-12T11:00:00+00:00,aligned_trend,supertrend_trend,trending,LONG,46.44,1.3892,0.02441473346948359,1.3159558,1.5356884,0.07324419999999998,False,ALLOW_ALIGNED_TREND,2,,,,True,0.0036000000000000476,0.025900000000000034,0.0036000000000000476,0.025900000000000034,0.048899999999999944,0.025900000000000034,0.0636000000000001,0.025900000000000034,,,,0.0189666895126167,0.013276682658831692,False,False,False,False,192
60d,XRP/USDT:USDT,2026-03-13T01:00:00+00:00,1h_continuation,supertrend_trend,trending,LONG,68.41,1.406,0.023489647610941283,1.33553106,1.54693789,0.07046893999999981,False,(allowed),8,,,,True,0.010099999999999998,0.006599999999999939,0.02740000000000009,0.006599999999999939,0.046800000000000175,0.016899999999999915,0.046800000000000175,0.02379999999999982,,,,0.01995205263482044,0.01396643684437431,False,False,False,False,192
60d,XRP/USDT:USDT,2026-03-13T01:00:00+00:00,aligned_trend,supertrend_trend,trending,LONG,46.31,1.406,0.023489647610941283,1.33553106,1.54693789,0.07046893999999981,False,ALLOW_ALIGNED_TREND,6,,,,True,0.010099999999999998,0.006599999999999939,0.02740000000000009,0.006599999999999939,0.046800000000000175,0.016899999999999915,0.046800000000000175,0.02379999999999982,,,,0.01995205263482044,0.01396643684437431,False,False,False,False,192
60d,XRP/USDT:USDT,2026-03-13T13:30:00+00:00,15m_fast,supertrend_trend,trending,LONG,57.67,1.4372,0.024561572813862235,1.36351528,1.58456944,0.07368471999999993,False,ALLOW_15M_FAST,1,,,,True,0.015600000000000058,0.037800000000000056,0.015600000000000058,0.04810000000000003,0.015600000000000058,0.05499999999999994,0.015600000000000058,0.05499999999999994,,,,0.01950472228163453,0.01365330559714417,False,False,False,False,192
60d,XRP/USDT:USDT,2026-03-15T00:00:00+00:00,1h_continuation,supertrend_trend,trending,LONG,73.25,1.4055,0.020820253354559944,1.34303924,1.53042152,0.062460760000000004,False,(allowed),8,,,,True,0.014399999999999968,0.0041999999999999815,0.01550000000000007,0.0041999999999999815,0.05919999999999992,0.0041999999999999815,0.1463000000000001,0.0041999999999999815,,,,0.022502127735877692,0.01575148941511438,False,False,False,False,192
60d,XRP/USDT:USDT,2026-03-15T00:00:00+00:00,aligned_trend,supertrend_trend,trending,LONG,49.94,1.4055,0.020820253354559944,1.34303924,1.53042152,0.062460760000000004,False,ALLOW_ALIGNED_TREND,8,,,,True,0.014399999999999968,0.0041999999999999815,0.01550000000000007,0.0041999999999999815,0.05919999999999992,0.0041999999999999815,0.1463000000000001,0.0041999999999999815,,,,0.022502127735877692,0.01575148941511438,False,False,False,False,192
60d,XRP/USDT:USDT,2026-03-15T09:30:00+00:00,15m_fast,supertrend_trend,trending,LONG,59.39,1.416,0.020342973555717497,1.35497108,1.53805784,0.06102891999999982,False,ALLOW_15M_FAST,1,True,,,False,0.013600000000000056,0.0025999999999999357,0.013600000000000056,0.008000000000000007,0.07289999999999996,0.008000000000000007,0.19040000000000012,0.008000000000000007,,1080.0,,0.02320211466956984,0.01624148026869889,False,False,False,False,192
60d,XRP/USDT:USDT,2026-03-15T18:00:00+00:00,aligned_trend,supertrend_trend,trending,LONG,52.17,1.4185,0.019666135361817636,1.35950159,1.53649681,0.05899841000000006,False,ALLOW_ALIGNED_TREND,2,True,,,False,0.011299999999999866,0.010199999999999987,0.0461999999999998,0.010199999999999987,0.10009999999999986,0.010199999999999987,0.18789999999999996,0.010199999999999987,,570.0,,0.02404302082039158,0.016830114574274104,False,False,False,False,192
60d,XRP/USDT:USDT,2026-03-15T21:00:00+00:00,15m_fast,supertrend_trend,trending,LONG,60.77,1.4172,0.019361411407402097,1.35911577,1.53336847,0.05808422999999996,False,ALLOW_15M_FAST,1,True,True,False,False,0.047499999999999876,0.0031000000000001027,0.0686,0.0031000000000001027,0.12670000000000003,0.0031000000000001027,0.18920000000000003,0.0031000000000001027,,390.0,1275.0,0.024399049449394458,0.01707933461457612,False,False,False,False,192
60d,XRP/USDT:USDT,2026-03-15T21:00:00+00:00,aligned_trend,supertrend_trend,trending,LONG,52.52,1.4172,0.019361411407402097,1.35911577,1.53336847,0.05808422999999996,False,ALLOW_ALIGNED_TREND,6,True,True,False,False,0.047499999999999876,0.0031000000000001027,0.0686,0.0031000000000001027,0.12670000000000003,0.0031000000000001027,0.18920000000000003,0.0031000000000001027,,390.0,1275.0,0.024399049449394458,0.01707933461457612,False,False,False,False,192
60d,XRP/USDT:USDT,2026-03-16T03:30:00+00:00,15m_fast,supertrend_trend,trending,LONG,58.72,1.4529,0.021907024878301946,1.38717893,1.58434215,0.06572107000000016,False,ALLOW_15M_FAST,2,True,True,False,False,0.03509999999999991,9.999999999998899e-05,0.03599999999999981,9.999999999998899e-05,0.15349999999999997,9.999999999998899e-05,0.15349999999999997,9.999999999998899e-05,,870.0,1380.0,0.022107065511866992,0.015474945858306898,False,False,False,False,192
60d,XRP/USDT:USDT,2026-03-16T14:00:00+00:00,15m_fast,supertrend_trend,trending,LONG,54.0,1.4819,0.0234454568723139,1.41156363,1.62257274,0.07033636999999993,False,ALLOW_15M_FAST,1,True,,,False,0.036699999999999955,0.011600000000000055,0.062000000000000055,0.011600000000000055,0.12450000000000006,0.011600000000000055,0.12450000000000006,0.026799999999999935,,600.0,,0.02106875859530427,0.01474813101671299,False,False,False,False,192
60d,XRP/USDT:USDT,2026-03-18T12:00:00+00:00,4h_flip,supertrend_trend,trending,SHORT,85.0,1.489,0.031736202331514196,1.58420861,1.29858279,0.0952086099999998,False,(allowed),8,,,,True,0.05170000000000008,0.0010999999999998789,0.054400000000000004,0.0010999999999998789,0.054400000000000004,0.0010999999999998789,0.0677000000000001,0.0010999999999998789,,,,0.015639341862043812,0.010947539303430669,False,False,False,False,192
60d,XRP/USDT:USDT,2026-03-19T07:30:00+00:00,15m_fast,supertrend_trend,trending,SHORT,53.47,1.4576,0.03221255400849586,1.55423766,1.26432468,0.09663766000000007,False,ALLOW_15M_FAST,2,,,,True,0.006199999999999983,0.012799999999999923,0.029900000000000038,0.012799999999999923,0.0363,0.012799999999999923,0.0363,0.012799999999999923,,,,0.015083146673874337,0.010558202671712034,False,False,False,False,192
60d,XRP/USDT:USDT,2026-03-19T08:00:00+00:00,aligned_trend,supertrend_trend,trending,SHORT,51.69,1.4606,0.032147371579317595,1.55704211,1.26771577,0.09644211000000014,False,ALLOW_ALIGNED_TREND,2,,,,True,0.009199999999999875,0.009800000000000031,0.03699999999999992,0.009800000000000031,0.03929999999999989,0.009800000000000031,0.03929999999999989,0.009800000000000031,,,,0.015144836627900383,0.010601385639530269,False,False,False,False,192
60d,XRP/USDT:USDT,2026-03-19T13:00:00+00:00,aligned_trend,supertrend_trend,trending,SHORT,50.05,1.4366,0.031208273609366333,1.53022482,1.24935036,0.09362481999999983,False,ALLOW_ALIGNED_TREND,6,,,,True,0.013700000000000045,0.019899999999999807,0.015300000000000091,0.019899999999999807,0.015300000000000091,0.029999999999999805,0.015300000000000091,0.029999999999999805,,,,0.015344221756581244,0.01074095522960687,False,False,False,False,192
60d,XRP/USDT:USDT,2026-03-19T15:30:00+00:00,15m_fast,supertrend_trend,trending,SHORT,65.05,1.4277,0.031208273609366333,1.52132482,1.24045036,0.09362482000000005,False,ALLOW_15M_FAST,2,,,,True,0.006399999999999961,0.02429999999999999,0.006399999999999961,0.02750000000000008,0.006399999999999961,0.038899999999999935,0.006399999999999961,0.038899999999999935,,,,0.015249161493715014,0.010674413045600508,False,False,False,False,192
60d,XRP/USDT:USDT,2026-03-20T05:00:00+00:00,15m_fast,supertrend_trend,trending,SHORT,55.38,1.4526,0.029061021515959795,1.53978306,1.27823387,0.08718306000000009,False,ALLOW_15M_FAST,1,,,,True,0.009999999999999787,0.014000000000000012,0.0118999999999998,0.014000000000000012,0.028799999999999937,0.014000000000000012,0.05999999999999983,0.014000000000000012,,,,0.016661493643375196,0.011663045550362638,False,False,False,False,192
60d,XRP/USDT:USDT,2026-03-20T09:30:00+00:00,15m_fast,supertrend_trend,trending,SHORT,60.55,1.4467,0.02840666283624837,1.53191999,1.27626002,0.08521998999999991,False,ALLOW_15M_FAST,2,,,,True,0.008500000000000174,0.00749999999999984,0.021700000000000053,0.00749999999999984,0.022900000000000142,0.00749999999999984,0.05510000000000015,0.00749999999999984,,,,0.0169760639493152,0.011883244764520639,False,False,False,False,192
60d,XRP/USDT:USDT,2026-03-21T08:00:00+00:00,15m_fast,supertrend_trend,trending,SHORT,56.53,1.4433,0.024491665958960702,1.516775,1.29635,0.07347499999999996,False,ALLOW_15M_FAST,2,,,,True,0.007500000000000062,0.0014000000000000679,0.010199999999999987,0.0027999999999999137,0.05069999999999997,0.0027999999999999137,0.08210000000000006,0.0027999999999999137,,,,0.019643416127934684,0.013750391289554277,False,False,False,False,192
60d,XRP/USDT:USDT,2026-03-21T13:30:00+00:00,15m_fast,supertrend_trend,ranging,SHORT,56.11,1.4388,0.02337797553332066,1.49724494,1.32191012,0.05844494,False,ALLOW_15M_FAST,1,,,,True,0.005700000000000038,0.005699999999999816,0.005700000000000038,0.005699999999999816,0.054300000000000015,0.005699999999999816,0.07800000000000007,0.005699999999999816,,,,0.02461804221203752,0.017232629548426262,False,False,False,False,192
60d,XRP/USDT:USDT,2026-03-22T16:00:00+00:00,15m_fast,supertrend_trend,trending,SHORT,50.25,1.3919,0.02257186400120192,1.45961559,1.25646882,0.06771559000000016,False,ALLOW_15M_FAST,1,False,False,True,False,0.01179999999999981,0.0032000000000000917,0.021199999999999886,0.0032000000000000917,0.031099999999999905,0.07380000000000009,0.031099999999999905,0.07380000000000009,1380.0,,,0.02055508930808986,0.014388562515662902,False,False,False,False,192
60d,XRP/USDT:USDT,2026-03-23T06:30:00+00:00,15m_fast,supertrend_trend,trending,SHORT,48.21,1.3817,0.02180684592224513,1.44712054,1.25085892,0.06542054000000008,False,ALLOW_15M_FAST,1,False,False,True,False,0.02089999999999992,0.000500000000000167,0.02089999999999992,0.07079999999999997,0.02089999999999992,0.08400000000000007,0.02089999999999992,0.08400000000000007,450.0,,,0.02112027812671675,0.014784194688701725,False,False,False,False,192
60d,XRP/USDT:USDT,2026-03-23T16:00:00+00:00,4h_flip,supertrend_trend,trending,LONG,74.86,1.4308,0.029751909799989984,1.34154427,1.60931146,0.08925573000000009,False,(allowed),8,,,,True,0.01529999999999987,0.0048000000000001375,0.01529999999999987,0.007500000000000062,0.01529999999999987,0.0363,0.01529999999999987,0.04820000000000002,,,,0.016030343374033227,0.01122124036182326,False,False,False,False,192
60d,XRP/USDT:USDT,2026-03-24T22:00:00+00:00,1h_continuation,supertrend_trend,trending,LONG,48.89,1.4122,0.02705627420531565,1.33103118,1.57453765,0.08116881999999981,False,(allowed),2,,,,True,0.0121,0.005199999999999871,0.0121,0.005799999999999805,0.025000000000000133,0.011199999999999877,0.025000000000000133,0.07729999999999992,,,,0.017398306394007,0.0121788144758049,False,False,False,False,192
60d,XRP/USDT:USDT,2026-03-26T04:00:00+00:00,adaptive_trend_route,adaptive_trend,ranging,SHORT,67.79,1.401,0.024325247924643658,1.461813119811609,1.2793737603767816,0.060813119811609084,False,ALLOW_ADAPTIVE_TREND_ROUTE,16,True,,,False,0.022399999999999975,0.0037000000000000366,0.03410000000000002,0.0037000000000000366,0.06610000000000005,0.0037000000000000366,0.08370000000000011,0.0037000000000000366,,840.0,,0.023037791916285678,0.016126454341399973,False,False,False,False,192
60d,XRP/USDT:USDT,2026-03-26T12:00:00+00:00,4h_flip,supertrend_trend,ranging,SHORT,80.13,1.3705,0.024055443363595802,1.43063861,1.25022278,0.06013860999999987,False,(allowed),8,,,,True,0.018399999999999972,0.011600000000000055,0.035600000000000076,0.011600000000000055,0.045500000000000096,0.011600000000000055,0.053200000000000136,0.011600000000000055,,,,0.022789020231761308,0.015952314162232917,False,False,False,False,192
60d,XRP/USDT:USDT,2026-03-27T10:00:00+00:00,1h_continuation,supertrend_trend,trending,SHORT,66.84,1.3456,0.023511290557505025,1.41613387,1.20453226,0.07053387,False,(allowed),6,,,,True,0.02059999999999995,0.0012000000000000899,0.023399999999999865,0.0012000000000000899,0.028299999999999992,0.0012000000000000899,0.028299999999999992,0.0121,,,,0.01907735957207509,0.013354151700452562,False,False,False,False,192
60d,XRP/USDT:USDT,2026-03-27T18:00:00+00:00,15m_fast,supertrend_trend,trending,SHORT,47.43,1.3229,0.02402657196029771,1.39497972,1.17874057,0.07207972000000007,False,ALLOW_15M_FAST,1,,,,True,0.005600000000000049,0.00890000000000013,0.005600000000000049,0.00890000000000013,0.005600000000000049,0.03479999999999994,0.005600000000000049,0.03479999999999994,,,,0.01835328994063793,0.012847302958446553,False,False,False,False,192
60d,XRP/USDT:USDT,2026-03-29T00:00:00+00:00,1h_continuation,supertrend_trend,trending,SHORT,73.7,1.3327,0.020012824542203413,1.39273847,1.21262305,0.060038470000000066,False,(allowed),8,,,,True,0.0036000000000000476,0.008599999999999941,0.005300000000000082,0.009800000000000031,0.038999999999999924,0.009800000000000031,0.038999999999999924,0.033600000000000074,,,,0.022197434411636383,0.015538204088145467,False,False,False,False,192
60d,XRP/USDT:USDT,2026-03-29T00:00:00+00:00,aligned_trend,supertrend_trend,trending,SHORT,50.28,1.3327,0.020012824542203413,1.39273847,1.21262305,0.060038470000000066,False,ALLOW_ALIGNED_TREND,4,,,,True,0.0036000000000000476,0.008599999999999941,0.005300000000000082,0.009800000000000031,0.038999999999999924,0.009800000000000031,0.038999999999999924,0.033600000000000074,,,,0.022197434411636383,0.015538204088145467,False,False,False,False,192
60d,XRP/USDT:USDT,2026-03-29T06:00:00+00:00,aligned_trend,supertrend_trend,trending,SHORT,50.11,1.3327,0.01945476564633174,1.3910643,1.21597141,0.058364300000000036,False,ALLOW_ALIGNED_TREND,6,,,,True,0.0015000000000000568,0.009800000000000031,0.008799999999999919,0.009800000000000031,0.038999999999999924,0.028100000000000014,0.038999999999999924,0.033600000000000074,,,,0.02283416403520644,0.015983914824644507,False,False,False,False,192
60d,XRP/USDT:USDT,2026-03-29T10:30:00+00:00,15m_fast,supertrend_trend,trending,SHORT,65.01,1.331,0.019143710957308054,1.38843113,1.21613773,0.05743113000000011,False,ALLOW_15M_FAST,2,,,,True,0.008000000000000007,0.009200000000000097,0.013199999999999878,0.009200000000000097,0.03729999999999989,0.03530000000000011,0.03729999999999989,0.03530000000000011,,,,0.023175584391252575,0.0162229090738768,False,False,False,False,192
60d,XRP/USDT:USDT,2026-03-29T13:30:00+00:00,15m_fast,supertrend_trend,trending,SHORT,58.43,1.3282,0.018490588746071766,1.38367177,1.21725647,0.05547177000000003,False,ALLOW_15M_FAST,1,,,,True,0.010399999999999965,0.0036000000000000476,0.013000000000000123,0.0036000000000000476,0.034499999999999975,0.03810000000000002,0.034499999999999975,0.03810000000000002,,,,0.023943710467504452,0.016760597327253112,False,False,False,False,192
60d,XRP/USDT:USDT,2026-03-29T14:00:00+00:00,aligned_trend,supertrend_trend,trending,SHORT,49.92,1.3259,0.018490588746071766,1.38137177,1.21495647,0.05547177000000003,False,ALLOW_ALIGNED_TREND,6,,,,True,0.008099999999999996,0.005900000000000016,0.010700000000000154,0.005900000000000016,0.032200000000000006,0.04039999999999999,0.032200000000000006,0.04039999999999999,,,,0.023902247936202492,0.016731573555341744,False,False,False,False,192
60d,XRP/USDT:USDT,2026-03-29T22:30:00+00:00,15m_fast,supertrend_trend,trending,SHORT,50.01,1.319,0.018061272949419015,1.37318382,1.21063236,0.054183819999999994,False,ALLOW_15M_FAST,1,,,,True,0.025299999999999878,0.031300000000000106,0.025299999999999878,0.04180000000000006,0.025299999999999878,0.04730000000000012,0.025299999999999878,0.04730000000000012,,,,0.024343060345320803,0.01704014224172456,False,False,False,False,192
60d,XRP/USDT:USDT,2026-03-30T04:00:00+00:00,4h_flip,supertrend_trend,trending,LONG,79.65,1.3513,0.020349771063529653,1.29025069,1.47339863,0.06104931000000002,False,(allowed),8,,,,True,0.009500000000000064,0.004999999999999893,0.015000000000000124,0.007199999999999873,0.015000000000000124,0.03569999999999984,0.015000000000000124,0.04849999999999999,,,,0.022134566303861573,0.015494196412703103,False,False,False,False,192
60d,XRP/USDT:USDT,2026-03-31T12:00:00+00:00,4h_flip,supertrend_trend,trending,SHORT,90.15,1.314,0.020609966182279345,1.3758299,1.1903402,0.06182989999999999,False,(allowed),8,,,,True,0.0034000000000000696,0.0242,0.0034000000000000696,0.032299999999999995,0.0034000000000000696,0.052999999999999936,0.01629999999999998,0.05389999999999984,,,,0.021251853876522526,0.014876297713565769,False,False,False,False,192
60d,XRP/USDT:USDT,2026-04-01T08:00:00+00:00,4h_flip,supertrend_trend,trending,LONG,68.85,1.356,0.022264450031454604,1.28920665,1.4895867,0.0667933500000002,False,(allowed),8,,,,True,0.0020000000000000018,0.007600000000000051,0.0042999999999999705,0.011900000000000022,0.0118999999999998,0.052000000000000046,0.0118999999999998,0.07690000000000019,,,,0.020301422222421785,0.014210995555695249,False,False,False,False,192
60d,XRP/USDT:USDT,2026-04-01T17:00:00+00:00,15m_fast,supertrend_trend,trending,LONG,50.84,1.3581,0.02099128599650933,1.29512614,1.48404772,0.06297386000000005,False,ALLOW_15M_FAST,1,False,False,True,False,0.009799999999999809,0.01670000000000016,0.009799999999999809,0.01670000000000016,0.009799999999999809,0.07900000000000018,0.009799999999999809,0.07900000000000018,1140.0,,,0.02156609107334375,0.015096263751340624,False,False,False,False,192
60d,XRP/USDT:USDT,2026-04-01T22:00:00+00:00,15m_fast,supertrend_trend,ranging,LONG,56.09,1.3544,0.02109190842533009,1.30167023,1.45985954,0.05272977000000001,False,ALLOW_15M_FAST,1,False,False,True,False,0.0019000000000000128,0.03310000000000013,0.0019000000000000128,0.0504,0.0019000000000000128,0.07530000000000014,0.0019000000000000128,0.07530000000000014,795.0,,,0.02568568002477538,0.01797997601734276,False,False,False,False,192
60d,XRP/USDT:USDT,2026-04-02T04:00:00+00:00,4h_flip,supertrend_trend,trending,SHORT,80.81,1.312,0.022809859815718293,1.38042958,1.17514084,0.06842957999999988,False,(allowed),8,,,,True,0.008000000000000007,0.007600000000000051,0.01429999999999998,0.007600000000000051,0.03290000000000015,0.011099999999999888,0.03290000000000015,0.023599999999999843,,,,0.019172995070260584,0.01342109654918241,False,False,False,False,192
60d,XRP/USDT:USDT,2026-04-04T04:00:00+00:00,adaptive_trend_route,adaptive_trend,ranging,SHORT,78.34,1.3153,0.018189984662080567,1.3607749616552014,1.2243500766895972,0.045474961655201485,False,ALLOW_ADAPTIVE_TREND_ROUTE,72,,,,True,0.0008999999999999009,0.0047000000000001485,0.009399999999999853,0.0047000000000001485,0.00969999999999982,0.00670000000000015,0.0383,0.03330000000000011,,,,0.0289236087755899,0.020246526142912932,False,False,False,False,192
60d,XRP/USDT:USDT,2026-04-06T00:00:00+00:00,4h_flip,supertrend_trend,ranging,LONG,66.19,1.3259,0.01683392523133512,1.28381519,1.41006963,0.04208480999999997,False,(allowed),8,,,,True,0.022699999999999942,0.000600000000000156,0.022699999999999942,0.000600000000000156,0.031099999999999905,0.014800000000000146,0.06999999999999984,0.03190000000000004,,,,0.031505429156030426,0.022053800409221298,False,False,False,False,192
60d,XRP/USDT:USDT,2026-04-06T08:00:00+00:00,adaptive_trend_route,adaptive_trend,ranging,LONG,61.05,1.3437,0.01682466002089612,1.3016383499477595,1.4278233001044804,0.042061650052240385,False,ALLOW_ADAPTIVE_TREND_ROUTE,16,,,,True,0.01330000000000009,0.00649999999999995,0.01330000000000009,0.00649999999999995,0.01330000000000009,0.038999999999999924,0.052200000000000024,0.049699999999999855,,,,0.031945964990225784,0.02236217549315805,False,False,False,False,192
60d,XRP/USDT:USDT,2026-04-09T04:00:00+00:00,4h_flip,supertrend_trend,trending,SHORT,66.09,1.3304,0.022588270005608275,1.39816481,1.19487038,0.0677648099999999,False,(allowed),8,,,,True,0.005300000000000082,0.0045999999999999375,0.006000000000000005,0.00770000000000004,0.009500000000000064,0.038799999999999946,0.009500000000000064,0.038799999999999946,,,,0.01963260872420364,0.013742826106942548,False,False,False,False,192
60d,XRP/USDT:USDT,2026-04-11T07:00:00+00:00,1h_continuation,supertrend_trend,trending,SHORT,47.21,1.3455,0.01856987264312122,1.40120962,1.23408076,0.055709620000000015,False,(allowed),2,,,,True,0.0041999999999999815,0.0027000000000001467,0.006299999999999972,0.0033000000000000806,0.021499999999999853,0.029400000000000093,0.02739999999999987,0.029400000000000093,,,,0.024152022577070165,0.016906415803949113,False,False,False,False,192
60d,XRP/USDT:USDT,2026-04-12T02:00:00+00:00,1h_continuation,supertrend_trend,trending,SHORT,47.95,1.3286,0.017855023061972713,1.38216507,1.22146986,0.0535650700000001,False,(allowed),2,,,,True,0.0045999999999999375,0.008099999999999996,0.0045999999999999375,0.008099999999999996,0.010499999999999954,0.010199999999999987,0.010499999999999954,0.055500000000000105,,,,0.024803477340737116,0.017362434138515983,False,False,False,False,192
60d,XRP/USDT:USDT,2026-04-12T13:30:00+00:00,15m_fast,supertrend_trend,ranging,SHORT,49.54,1.3295,0.01713159098657216,1.37232898,1.24384205,0.04282898000000013,False,ALLOW_15M_FAST,1,,,,True,0.011399999999999855,0.0020999999999999908,0.011399999999999855,0.009300000000000086,0.011399999999999855,0.009300000000000086,0.011399999999999855,0.054600000000000204,,,,0.031042065442604422,0.021729445809823094,False,False,False,False,192
60d,XRP/USDT:USDT,2026-04-12T16:00:00+00:00,adaptive_trend_route,adaptive_trend,ranging,SHORT,65.8,1.3231,0.017029334487531293,1.3656733362188282,1.2379533275623436,0.042573336218828306,False,ALLOW_ADAPTIVE_TREND_ROUTE,48,,,,True,0.0005999999999999339,0.010199999999999987,0.0014999999999998348,0.015700000000000047,0.0044999999999999485,0.0233000000000001,0.0044999999999999485,0.07190000000000007,,,,0.0310781375741667,0.021754696301916687,False,False,False,False,192
60d,XRP/USDT:USDT,2026-04-14T13:30:00+00:00,15m_fast,supertrend_trend,trending,LONG,57.21,1.3728,0.017898198756236574,1.3191054,1.48018919,0.05369460000000004,False,ALLOW_15M_FAST,2,,,,True,0.022199999999999998,0.007400000000000073,0.022199999999999998,0.021300000000000097,0.022199999999999998,0.024399999999999977,0.057700000000000085,0.024399999999999977,,,,0.025566816774871198,0.017896771742409837,False,False,False,False,192
60d,XRP/USDT:USDT,2026-04-15T15:00:00+00:00,1h_continuation,supertrend_trend,trending,LONG,67.84,1.3759,0.017698733167673484,1.3228038,1.4820924,0.05309619999999993,False,(allowed),8,True,,,False,0.01110000000000011,0.004899999999999904,0.032400000000000206,0.004899999999999904,0.057800000000000074,0.004899999999999904,0.1333000000000002,0.004899999999999904,,1335.0,,0.025913342197746766,0.018139339538422734,False,False,False,False,192
60d,XRP/USDT:USDT,2026-04-15T15:00:00+00:00,aligned_trend,supertrend_trend,trending,LONG,45.88,1.3759,0.017698733167673484,1.3228038,1.4820924,0.05309619999999993,False,ALLOW_ALIGNED_TREND,4,True,,,False,0.01110000000000011,0.004899999999999904,0.032400000000000206,0.004899999999999904,0.057800000000000074,0.004899999999999904,0.1333000000000002,0.004899999999999904,,1335.0,,0.025913342197746766,0.018139339538422734,False,False,False,False,192
60d,XRP/USDT:USDT,2026-04-15T22:30:00+00:00,15m_fast,supertrend_trend,trending,LONG,47.69,1.3949,0.019423907680289898,1.33662828,1.51144345,0.05827172000000003,False,ALLOW_15M_FAST,1,True,,,False,0.009099999999999886,0.010199999999999987,0.020100000000000007,0.010199999999999987,0.07079999999999997,0.010199999999999987,0.11430000000000007,0.010199999999999987,,1245.0,,0.023937855275251864,0.016756498692676303,False,False,False,False,192
60d,XRP/USDT:USDT,2026-04-16T12:30:00+00:00,15m_fast,supertrend_trend,trending,LONG,52.4,1.4164,0.01995095864370991,1.35654712,1.53610575,0.05985288,False,ALLOW_15M_FAST,1,,,,True,0.024799999999999933,0.0244000000000002,0.0492999999999999,0.0244000000000002,0.0492999999999999,0.0244000000000002,0.0928,0.0244000000000002,,,,0.02366469249265867,0.016565284744861068,False,False,False,False,192
60d,XRP/USDT:USDT,2026-04-16T15:30:00+00:00,15m_fast,supertrend_trend,trending,LONG,52.4,1.4155,0.01995095864370991,1.35564712,1.53520575,0.05985288,False,ALLOW_15M_FAST,1,True,,,False,0.03770000000000007,0.0020000000000000018,0.05020000000000002,0.0020000000000000018,0.09370000000000012,0.0020000000000000018,0.09370000000000012,0.0020000000000000018,,1290.0,,0.023649655622252432,0.0165547589355767,False,False,False,False,192
60d,XRP/USDT:USDT,2026-04-17T08:00:00+00:00,15m_fast,supertrend_trend,trending,LONG,54.0,1.4366,0.02365160682249024,1.36564518,1.57850964,0.07095482000000009,False,ALLOW_15M_FAST,1,True,,,False,0.021999999999999797,0.0047000000000001485,0.0726,0.0047000000000001485,0.0726,0.0047000000000001485,0.0726,0.0233000000000001,,390.0,,0.020246686553499794,0.014172680587449856,False,False,False,False,192
60d,XRP/USDT:USDT,2026-04-17T09:00:00+00:00,aligned_trend,supertrend_trend,trending,LONG,45.0,1.446,0.02365160682249024,1.37504518,1.58790964,0.07095481999999986,False,ALLOW_ALIGNED_TREND,4,,,,True,0.014599999999999946,0.014100000000000001,0.06320000000000014,0.014100000000000001,0.06320000000000014,0.014100000000000001,0.06320000000000014,0.03269999999999995,,,,0.020379165220911037,0.014265415654637724,False,False,False,False,192
60d,XRP/USDT:USDT,2026-04-17T13:00:00+00:00,15m_fast,supertrend_trend,trending,LONG,60.0,1.4581,0.023869349192312365,1.38649195,1.6013161,0.07160805000000003,False,ALLOW_15M_FAST,2,,,,True,0.051100000000000145,0.0033999999999998476,0.051100000000000145,0.0033999999999998476,0.051100000000000145,0.034499999999999975,0.051100000000000145,0.04600000000000004,,,,0.020362235810080002,0.014253565067056,False,False,False,False,192
60d,XRP/USDT:USDT,2026-04-17T13:00:00+00:00,aligned_trend,supertrend_trend,trending,LONG,45.0,1.4581,0.023869349192312365,1.38649195,1.6013161,0.07160805000000003,False,ALLOW_ALIGNED_TREND,6,,,,True,0.051100000000000145,0.0033999999999998476,0.051100000000000145,0.0033999999999998476,0.051100000000000145,0.034499999999999975,0.051100000000000145,0.04600000000000004,,,,0.020362235810080002,0.014253565067056,False,False,False,False,192
60d,XRP/USDT:USDT,2026-04-19T08:00:00+00:00,4h_flip,supertrend_trend,trending,SHORT,83.88,1.4192,0.02377664367151011,1.49052993,1.27654014,0.07132992999999987,False,(allowed),8,,,,True,0.007100000000000106,0.011600000000000055,0.007100000000000106,0.026799999999999935,0.030899999999999928,0.026799999999999935,0.030899999999999928,0.026799999999999935,,,,0.01989627635972729,0.013927393451809104,False,False,False,False,192
60d,XRP/USDT:USDT,2026-04-19T16:00:00+00:00,15m_fast,supertrend_trend,trending,SHORT,46.58,1.4306,0.023641595818802093,1.50152479,1.28875043,0.07092478999999985,False,ALLOW_15M_FAST,1,,,,True,0.020199999999999996,0.0009999999999998899,0.042300000000000004,0.0009999999999998899,0.042300000000000004,0.0039000000000000146,0.042300000000000004,0.018199999999999994,,,,0.020170662472176557,0.01411946373052359,False,False,False,False,192
60d,XRP/USDT:USDT,2026-04-20T05:30:00+00:00,15m_fast,supertrend_trend,trending,SHORT,56.72,1.3995,0.02355334767270706,1.47016004,1.25817991,0.07066003999999992,False,ALLOW_15M_FAST,1,,,,True,0.004999999999999893,0.032200000000000006,0.004999999999999893,0.032200000000000006,0.004999999999999893,0.037000000000000144,0.004999999999999893,0.0596000000000001,,,,0.0198061025722601,0.013864271800582069,False,False,False,False,192
60d,XRP/USDT:USDT,2026-04-21T18:00:00+00:00,1h_continuation,supertrend_trend,trending,SHORT,48.91,1.4236,0.021145683521311413,1.48703705,1.2967259,0.0634370500000001,False,(allowed),2,,,,True,0.013299999999999867,0.007600000000000051,0.013299999999999867,0.010199999999999987,0.013299999999999867,0.03859999999999997,0.015600000000000058,0.03859999999999997,,,,0.022441144410088387,0.01570880108706187,False,False,False,False,192
60d,XRP/USDT:USDT,2026-04-22T08:00:00+00:00,4h_flip,supertrend_trend,ranging,LONG,80.88,1.4537,0.021435390645881274,1.40011152,1.56087695,0.05358847999999994,False,(allowed),8,,,,True,0.001100000000000101,0.006000000000000005,0.008499999999999952,0.007200000000000095,0.008499999999999952,0.043299999999999894,0.008499999999999952,0.045700000000000074,,,,0.027127098958582174,0.018988969271007523,False,False,False,False,192
60d,XRP/USDT:USDT,2026-04-23T12:00:00+00:00,adaptive_trend_route,adaptive_trend,ranging,SHORT,68.17,1.4156,0.018687789720420678,1.4623194743010517,1.3221610513978965,0.04671947430105172,False,ALLOW_ADAPTIVE_TREND_ROUTE,8,,,,True,0.0024999999999999467,0.02079999999999993,0.0024999999999999467,0.024899999999999922,0.0024999999999999467,0.02970000000000006,0.0024999999999999467,0.03469999999999995,,,,0.03029999847340176,0.021209998931381233,False,False,False,False,192
60d,XRP/USDT:USDT,2026-04-24T08:00:00+00:00,adaptive_trend_route,adaptive_trend,ranging,LONG,74.46,1.432,0.01783483706317335,1.3874129073420665,1.5211741853158667,0.04458709265793348,False,ALLOW_ADAPTIVE_TREND_ROUTE,64,,,,True,0.00770000000000004,0.008899999999999908,0.01540000000000008,0.008899999999999908,0.018299999999999983,0.008899999999999908,0.018299999999999983,0.014999999999999902,,,,0.03211691802796209,0.02248184261957346,False,False,False,False,192
60d,XRP/USDT:USDT,2026-04-27T04:00:00+00:00,adaptive_trend_route,adaptive_trend,ranging,LONG,71.26,1.4419,0.01356997242139285,1.4079750689465178,1.5097498621069643,0.033924931053482155,False,ALLOW_ADAPTIVE_TREND_ROUTE,8,,,,True,0.00019999999999997797,0.03059999999999996,0.00019999999999997797,0.03059999999999996,0.00019999999999997797,0.03059999999999996,0.00019999999999997797,0.03059999999999996,,,,0.042502665597959975,0.029751865918571978,False,True,True,True,16
